La génération a démarré 21/12/2025 16:24:27.
La verbosité de la journalisation a la valeur Detailed.     0>Processus = "C:\Program Files\dotnet\dotnet.exe"
       Chemin de l'exécutable MSBuild = "C:\Program Files\dotnet\sdk\10.0.101\MSBuild.dll"
       Arguments de ligne de commande = "C:\Program Files\dotnet\sdk\10.0.101\MSBuild.dll -maxcpucount --verbosity:m -tlp:default=auto --property:NuGetInteractive=true --restoreProperty:NuGetInteractive=true --restoreProperty:EnableDefaultCompileItems=false --restoreProperty:EnableDefaultEmbeddedResourceItems=false --restoreProperty:EnableDefaultNoneItems=false SystemeCaisse.Infrastructure/SystemeCaisse.Infrastructure.csproj -fl -flp:logfile=build.log -consoleloggerparameters:Summary -restore -distributedlogger:Microsoft.DotNet.Cli.Commands.MSBuild.MSBuildLogger,C:\Program Files\dotnet\sdk\10.0.101\dotnet.dll*Microsoft.DotNet.Cli.Commands.MSBuild.MSBuildForwardingLogger,C:\Program Files\dotnet\sdk\10.0.101\dotnet.dll -nologo"
       Répertoire actif = "C:\Users\Administrateur\Documents\DossierPartage\PROGRAMATION\SystemeCaisse"
       Version de MSBuild = "18.0.6+fad253f51"
       D’après la clé de Registre Windows LongPathsEnabled, la fonctionnalité LongPaths est désactivé.
       Le « Microsoft.NET.Sdk » SDK a été résolu par le programme de résolution de « DefaultSdkResolver » en « C:\Program Files\dotnet\sdk\10.0.101\Sdks\Microsoft.NET.Sdk\Sdk » d’emplacement et en version «  ».
       Assembly chargé pendant Evaluation : System.Threading.ThreadPool, Version=10.0.0.0, Culture=neutral, PublicKeyToken=b03f5f7f11d50a3a (emplacement : C:\Program Files\dotnet\shared\Microsoft.NETCore.App\10.0.1\System.Threading.ThreadPool.dll, MVID : 69a6ab9e-f176-4ce1-bce3-b687a842a42b, AssemblyLoadContext : Default)
       C:\Program Files\dotnet\sdk\10.0.101\Sdks\Microsoft.NET.Sdk\Sdk\Sdk.props(49,11): message : Propriété 'MSBuildExtensionsPath' avec la valeur 'C:\Program Files\dotnet\sdk\10.0.101\' développée à partir de l’environnement.
       C:\Program Files\dotnet\sdk\10.0.101\Current\Microsoft.Common.props(60,5): message : Réassignation de propriété : $(MSBuildProjectExtensionsPath)="C:\Users\Administrateur\Documents\DossierPartage\PROGRAMATION\SystemeCaisse\SystemeCaisse.Infrastructure\obj\" (valeur précédente : "obj\") à C:\Program Files\dotnet\sdk\10.0.101\Current\Microsoft.Common.props (60,5)
       C:\Program Files\dotnet\sdk\10.0.101\Current\Microsoft.Common.props(84,119): message : Propriété 'MSBuildUserExtensionsPath' avec la valeur 'C:\Users\Administrateur\AppData\Local\Microsoft\MSBuild' développée à partir de l’environnement.
       Assembly chargé pendant Evaluation : System.Threading.Tasks.Parallel, Version=10.0.0.0, Culture=neutral, PublicKeyToken=b03f5f7f11d50a3a (emplacement : C:\Program Files\dotnet\shared\Microsoft.NETCore.App\10.0.1\System.Threading.Tasks.Parallel.dll, MVID : c0c31281-a1da-475c-91e3-f539049c5ef1, AssemblyLoadContext : Default)
       C:\Program Files\dotnet\sdk\10.0.101\Sdks\Microsoft.NET.Sdk\targets\Microsoft.NET.Sdk.props(90,5): message : Réassignation de propriété : $(AssemblySearchPaths)="{CandidateAssemblyFiles};{HintPathFromItem}" (valeur précédente : "{CandidateAssemblyFiles}") à C:\Program Files\dotnet\sdk\10.0.101\Sdks\Microsoft.NET.Sdk\targets\Microsoft.NET.Sdk.props (90,5)
       C:\Program Files\dotnet\sdk\10.0.101\Sdks\Microsoft.NET.Sdk\targets\Microsoft.NET.Sdk.props(91,5): message : Réassignation de propriété : $(AssemblySearchPaths)="{CandidateAssemblyFiles};{HintPathFromItem};{TargetFrameworkDirectory}" (valeur précédente : "{CandidateAssemblyFiles};{HintPathFromItem}") à C:\Program Files\dotnet\sdk\10.0.101\Sdks\Microsoft.NET.Sdk\targets\Microsoft.NET.Sdk.props (91,5)
       C:\Program Files\dotnet\sdk\10.0.101\Sdks\Microsoft.NET.Sdk\targets\Microsoft.NET.Sdk.props(92,5): message : Réassignation de propriété : $(AssemblySearchPaths)="{CandidateAssemblyFiles};{HintPathFromItem};{TargetFrameworkDirectory};{RawFileName}" (valeur précédente : "{CandidateAssemblyFiles};{HintPathFromItem};{TargetFrameworkDirectory}") à C:\Program Files\dotnet\sdk\10.0.101\Sdks\Microsoft.NET.Sdk\targets\Microsoft.NET.Sdk.props (92,5)
       Assembly chargé pendant Evaluation : System.Net.Sockets, Version=10.0.0.0, Culture=neutral, PublicKeyToken=b03f5f7f11d50a3a (emplacement : C:\Program Files\dotnet\shared\Microsoft.NETCore.App\10.0.1\System.Net.Sockets.dll, MVID : 9fc444e4-6ba6-4bcf-9336-c64046eb8380, AssemblyLoadContext : Default)
       Assembly chargé pendant Evaluation : System.Threading.Overlapped, Version=10.0.0.0, Culture=neutral, PublicKeyToken=b03f5f7f11d50a3a (emplacement : C:\Program Files\dotnet\shared\Microsoft.NETCore.App\10.0.1\System.Threading.Overlapped.dll, MVID : 776b2594-5863-4fd1-996d-c9d5cb21fdfd, AssemblyLoadContext : Default)
       Le programme de résolution « DefaultSdkResolver » a tenté de résoudre le SDK « Microsoft.NET.SDK.WorkloadAutoImportPropsLocator ».
       Avertissements : null
       Erreurs : MSB4276: Le programme de résolution du SDK par défaut n’a pas pu résoudre le SDK «Microsoft.NET.SDK.WorkloadAutoImportPropsLocator», car le répertoire «C:\Program Files\dotnet\sdk\10.0.101\Sdks\Microsoft.NET.SDK.WorkloadAutoImportPropsLocator\Sdk» n’existait pas.
       Assembly chargé pendant Evaluation : Microsoft.Build.NuGetSdkResolver, Version=7.0.0.0, Culture=neutral, PublicKeyToken=31bf3856ad364e35 (emplacement : C:\Program Files\dotnet\sdk\10.0.101\Microsoft.Build.NuGetSdkResolver.dll, MVID : 3aed13f2-41a4-4f79-9ae7-f91c942ed8e5, AssemblyLoadContext : MSBuild plugin C:\Program Files\dotnet\sdk\10.0.101\Microsoft.Build.NuGetSdkResolver.dll)
       Assembly chargé pendant Evaluation : System.Reflection.Metadata, Version=10.0.0.0, Culture=neutral, PublicKeyToken=b03f5f7f11d50a3a (emplacement : C:\Program Files\dotnet\shared\Microsoft.NETCore.App\10.0.1\System.Reflection.Metadata.dll, MVID : 3dffb579-478e-4936-a66f-3cf5f722eefe, AssemblyLoadContext : Default)
       Assembly chargé pendant Evaluation : NuGet.Common, Version=7.0.0.0, Culture=neutral, PublicKeyToken=31bf3856ad364e35 (emplacement : C:\Program Files\dotnet\sdk\10.0.101\NuGet.Common.dll, MVID : e68f94a8-8ead-49da-8d66-ddbffff51250, AssemblyLoadContext : MSBuild plugin C:\Program Files\dotnet\sdk\10.0.101\Microsoft.Build.NuGetSdkResolver.dll)
       Assembly chargé pendant Evaluation : Microsoft.NET.Sdk.WorkloadMSBuildSdkResolver, Version=10.0.101.0, Culture=neutral, PublicKeyToken=31bf3856ad364e35 (emplacement : C:\Program Files\dotnet\sdk\10.0.101\Microsoft.NET.Sdk.WorkloadMSBuildSdkResolver.dll, MVID : 5c8a4c6d-b406-4bd0-9e3f-8370848cd2cb, AssemblyLoadContext : MSBuild plugin C:\Program Files\dotnet\sdk\10.0.101\Microsoft.NET.Sdk.WorkloadMSBuildSdkResolver.dll)
       Assembly chargé pendant Evaluation : Microsoft.DotNet.Cli.Utils, Version=10.0.101.0, Culture=neutral, PublicKeyToken=adb9793829ddae60 (emplacement : C:\Program Files\dotnet\sdk\10.0.101\Microsoft.DotNet.Cli.Utils.dll, MVID : 0a4ee92c-4a3d-4297-a04d-19c4cdd0f8a2, AssemblyLoadContext : MSBuild plugin C:\Program Files\dotnet\sdk\10.0.101\Microsoft.NET.Sdk.WorkloadMSBuildSdkResolver.dll)
       Assembly chargé pendant Evaluation : Microsoft.NET.Sdk.WorkloadManifestReader, Version=10.0.101.0, Culture=neutral, PublicKeyToken=adb9793829ddae60 (emplacement : C:\Program Files\dotnet\sdk\10.0.101\Microsoft.NET.Sdk.WorkloadManifestReader.dll, MVID : 2c78410a-8ec2-4806-a829-c831cba84d97, AssemblyLoadContext : MSBuild plugin C:\Program Files\dotnet\sdk\10.0.101\Microsoft.NET.Sdk.WorkloadMSBuildSdkResolver.dll)
       Assembly chargé pendant Evaluation : Microsoft.Deployment.DotNet.Releases, Version=2.0.0.0, Culture=neutral, PublicKeyToken=31bf3856ad364e35 (emplacement : C:\Program Files\dotnet\sdk\10.0.101\Microsoft.Deployment.DotNet.Releases.dll, MVID : aefc5383-75f2-4916-ba9b-f020105d50e8, AssemblyLoadContext : MSBuild plugin C:\Program Files\dotnet\sdk\10.0.101\Microsoft.NET.Sdk.WorkloadMSBuildSdkResolver.dll)
       Assembly chargé pendant Evaluation : System.Collections.NonGeneric, Version=10.0.0.0, Culture=neutral, PublicKeyToken=b03f5f7f11d50a3a (emplacement : C:\Program Files\dotnet\shared\Microsoft.NETCore.App\10.0.1\System.Collections.NonGeneric.dll, MVID : 5048f4ab-dbd8-4b4b-9e0f-fa8f211354cf, AssemblyLoadContext : Default)
       Le « Microsoft.NET.SDK.WorkloadAutoImportPropsLocator » SDK a été résolu par le programme de résolution de « Microsoft.DotNet.MSBuildWorkloadSdkResolver » en « C:\Program Files\dotnet\packs\Microsoft.Android.Sdk.Windows\36.1.2\Sdk » d’emplacement et en version « null ».
       C:\Program Files\dotnet\sdk\10.0.101\Sdks\Microsoft.NET.Sdk\targets\Microsoft.NET.Sdk.ImportPublishProfile.targets(28,5): message : Réassignation de propriété : $(PublishProfileImported)="false" (valeur précédente : "true") à C:\Program Files\dotnet\sdk\10.0.101\Sdks\Microsoft.NET.Sdk\targets\Microsoft.NET.Sdk.ImportPublishProfile.targets (28,5)
       Assembly chargé pendant Evaluation : NuGet.Frameworks, Version=7.0.0.0, Culture=neutral, PublicKeyToken=31bf3856ad364e35 (emplacement : C:\Program Files\dotnet\sdk\10.0.101\NuGet.Frameworks.dll, MVID : e913a35d-983d-474c-b844-7b99e57f87c3, AssemblyLoadContext : Assembly.LoadFile(C:\Program Files\dotnet\sdk\10.0.101\NuGet.Frameworks.dll))
       C:\Program Files\dotnet\sdk\10.0.101\Sdks\Microsoft.NET.Sdk\targets\Microsoft.NET.TargetFrameworkInference.targets(81,5): message : Réassignation de propriété : $(TargetPlatformVersion)="" (valeur précédente : "0.0") à C:\Program Files\dotnet\sdk\10.0.101\Sdks\Microsoft.NET.Sdk\targets\Microsoft.NET.TargetFrameworkInference.targets (81,5)
       C:\Program Files\dotnet\sdk\10.0.101\Sdks\Microsoft.NET.Sdk\targets\Microsoft.NET.DefaultOutputPaths.targets(127,5): message : Réassignation de propriété : $(DefaultItemExcludes)=";bin\Debug\/**;obj\Debug\/**" (valeur précédente : ";bin\Debug\/**") à C:\Program Files\dotnet\sdk\10.0.101\Sdks\Microsoft.NET.Sdk\targets\Microsoft.NET.DefaultOutputPaths.targets (127,5)
       C:\Program Files\dotnet\sdk\10.0.101\Sdks\Microsoft.NET.Sdk\targets\Microsoft.NET.DefaultOutputPaths.targets(142,5): message : Réassignation de propriété : $(OutputPath)="bin\Debug\net8.0\" (valeur précédente : "bin\Debug\") à C:\Program Files\dotnet\sdk\10.0.101\Sdks\Microsoft.NET.Sdk\targets\Microsoft.NET.DefaultOutputPaths.targets (142,5)
       C:\Program Files\dotnet\sdk\10.0.101\Sdks\Microsoft.NET.Sdk\targets\Microsoft.NET.DefaultOutputPaths.targets(147,5): message : Réassignation de propriété : $(IntermediateOutputPath)="obj\Debug\net8.0\" (valeur précédente : "obj\Debug\") à C:\Program Files\dotnet\sdk\10.0.101\Sdks\Microsoft.NET.Sdk\targets\Microsoft.NET.DefaultOutputPaths.targets (147,5)
       Le programme de résolution « DefaultSdkResolver » a tenté de résoudre le SDK « Microsoft.NET.SDK.WorkloadManifestTargetsLocator ».
       Avertissements : null
       Erreurs : MSB4276: Le programme de résolution du SDK par défaut n’a pas pu résoudre le SDK «Microsoft.NET.SDK.WorkloadManifestTargetsLocator», car le répertoire «C:\Program Files\dotnet\sdk\10.0.101\Sdks\Microsoft.NET.SDK.WorkloadManifestTargetsLocator\Sdk» n’existait pas.
       Le « Microsoft.NET.SDK.WorkloadManifestTargetsLocator » SDK a été résolu par le programme de résolution de « Microsoft.DotNet.MSBuildWorkloadSdkResolver » en « C:\Program Files\dotnet\sdk-manifests\10.0.100\microsoft.net.sdk.android\36.1.2 » d’emplacement et en version « null ».
       C:\Program Files\dotnet\sdk\10.0.101\Sdks\Microsoft.NET.Sdk\targets\Microsoft.NET.Sdk.BeforeCommon.targets(371,5): message : Réassignation de propriété : $(RoslynTargetsPath)="C:\Program Files\dotnet\sdk\10.0.101\Sdks\Microsoft.NET.Sdk\targets\..\..\..\Roslyn" (valeur précédente : "C:\Program Files\dotnet\sdk\10.0.101\Roslyn") à C:\Program Files\dotnet\sdk\10.0.101\Sdks\Microsoft.NET.Sdk\targets\Microsoft.NET.Sdk.BeforeCommon.targets (371,5)
       C:\Program Files\dotnet\sdk\10.0.101\Roslyn\Microsoft.Managed.Core.targets(6,5): message : Réassignation de propriété : $(_BuildTasksDirectory)="C:\Program Files\dotnet\sdk\10.0.101\Sdks\Microsoft.NET.Sdk\targets\..\..\..\Roslyn\" (valeur précédente : "C:\Program Files\dotnet\sdk\10.0.101\Roslyn\") à C:\Program Files\dotnet\sdk\10.0.101\Roslyn\Microsoft.Managed.Core.targets (6,5)
       C:\Program Files\dotnet\sdk\10.0.101\Roslyn\Microsoft.CSharp.Core.targets(200,5): message : Réassignation de propriété : $(CommandLineArgsForDesignTimeEvaluation)="-langversion:12.0 -define:TRACE" (valeur précédente : "-langversion:12.0") à C:\Program Files\dotnet\sdk\10.0.101\Roslyn\Microsoft.CSharp.Core.targets (200,5)
       Assembly chargé pendant Evaluation : Microsoft.Build.Utilities.Core, Version=15.1.0.0, Culture=neutral, PublicKeyToken=b03f5f7f11d50a3a (emplacement : C:\Program Files\dotnet\sdk\10.0.101\Microsoft.Build.Utilities.Core.dll, MVID : 0ce0dd4f-98bd-4767-bc61-9eb82d6f94a6, AssemblyLoadContext : Default)
       C:\Program Files\dotnet\sdk\10.0.101\Microsoft.Common.CurrentVersion.targets(175,5): message : Réassignation de propriété : $(_DebugSymbolsProduced)="true" (valeur précédente : "false") à C:\Program Files\dotnet\sdk\10.0.101\Microsoft.Common.CurrentVersion.targets (175,5)
       C:\Program Files\dotnet\sdk\10.0.101\Microsoft.Common.CurrentVersion.targets(185,5): message : Réassignation de propriété : $(_DocumentationFileProduced)="false" (valeur précédente : "true") à C:\Program Files\dotnet\sdk\10.0.101\Microsoft.Common.CurrentVersion.targets (185,5)
       C:\Program Files\dotnet\sdk\10.0.101\Microsoft.Common.CurrentVersion.targets(392,5): message : Réassignation de propriété : $(MSBuildCopyMarkerName)="SystemeC.A12EA9C1" (valeur précédente : "SystemeCaisse.Infrastructure.csproj") à C:\Program Files\dotnet\sdk\10.0.101\Microsoft.Common.CurrentVersion.targets (392,5)
       C:\Program Files\dotnet\sdk\10.0.101\Microsoft.Common.CurrentVersion.targets(393,5): message : Réassignation de propriété : $(MSBuildCopyMarkerName)="SystemeC.A12EA9C1.Up2Date" (valeur précédente : "SystemeC.A12EA9C1") à C:\Program Files\dotnet\sdk\10.0.101\Microsoft.Common.CurrentVersion.targets (393,5)
       C:\Program Files\dotnet\sdk\10.0.101\Microsoft.Common.CurrentVersion.targets(541,5): message : Réassignation de propriété : $(ProcessorArchitecture)="msil" (valeur précédente : "") à C:\Program Files\dotnet\sdk\10.0.101\Microsoft.Common.CurrentVersion.targets (541,5)
       C:\Program Files\dotnet\sdk\10.0.101\Microsoft.Common.CurrentVersion.targets(580,5): message : Réassignation de propriété : $(DelaySign)="" (valeur précédente : "false") à C:\Program Files\dotnet\sdk\10.0.101\Microsoft.Common.CurrentVersion.targets (580,5)
       C:\Program Files\dotnet\sdk\10.0.101\Microsoft.Common.CurrentVersion.targets(2606,5): message : Propriété 'LOCALAPPDATA' avec la valeur 'C:\Users\Administrateur\AppData\Local' développée à partir de l’environnement.
       C:\Program Files\dotnet\sdk\10.0.101\Microsoft.Common.CurrentVersion.targets(3934,5): message : Réassignation de propriété : $(_SGenGenerateSerializationAssembliesConfig)="Auto" (valeur précédente : "") à C:\Program Files\dotnet\sdk\10.0.101\Microsoft.Common.CurrentVersion.targets (3934,5)
       C:\Program Files\dotnet\sdk\10.0.101\Microsoft.Common.CurrentVersion.targets(3935,5): message : Réassignation de propriété : $(_SGenGenerateSerializationAssembliesConfig)="Off" (valeur précédente : "Auto") à C:\Program Files\dotnet\sdk\10.0.101\Microsoft.Common.CurrentVersion.targets (3935,5)
       C:\Program Files\dotnet\sdk\10.0.101\Microsoft.Common.CurrentVersion.targets(5146,5): message : Réassignation de propriété : $(_TargetsThatPrepareProjectReferences)="
       C:\Program Files\dotnet\sdk\10.0.101\Microsoft.Common.CurrentVersion.targets(5146,5): message :       AssignProjectConfiguration;
       C:\Program Files\dotnet\sdk\10.0.101\Microsoft.Common.CurrentVersion.targets(5146,5): message :       _SplitProjectReferencesByFileExistence
       C:\Program Files\dotnet\sdk\10.0.101\Microsoft.Common.CurrentVersion.targets(5146,5): message :     " (valeur précédente : "_SplitProjectReferencesByFileExistence") à C:\Program Files\dotnet\sdk\10.0.101\Microsoft.Common.CurrentVersion.targets (5146,5)
       C:\Program Files\dotnet\sdk\10.0.101\Microsoft.Common.CurrentVersion.targets(6959,5): message : Propriété 'MSBuildExtensionsPath32' avec la valeur 'C:\Program Files\dotnet\sdk\10.0.101' développée à partir de l’environnement.
       La propriété "NuGetInteractive" est une propriété globale et elle ne peut pas être modifiée.
       C:\Program Files\dotnet\sdk\10.0.101\Sdks\Microsoft.NET.Sdk\targets\Microsoft.PackageDependencyResolution.targets(24,5): message : Réassignation de propriété : $(ProjectAssetsFile)="C:\Users\Administrateur\Documents\DossierPartage\PROGRAMATION\SystemeCaisse\SystemeCaisse.Infrastructure\obj\project.assets.json" (valeur précédente : "C:\Users\Administrateur\Documents\DossierPartage\PROGRAMATION\SystemeCaisse\SystemeCaisse.Infrastructure\obj\/project.assets.json") à C:\Program Files\dotnet\sdk\10.0.101\Sdks\Microsoft.NET.Sdk\targets\Microsoft.PackageDependencyResolution.targets (24,5)
       C:\Program Files\dotnet\sdk\10.0.101\Sdks\Microsoft.NET.Sdk\targets\Microsoft.PackageDependencyResolution.targets(29,5): message : Réassignation de propriété : $(ProjectAssetsCacheFile)="C:\Users\Administrateur\Documents\DossierPartage\PROGRAMATION\SystemeCaisse\SystemeCaisse.Infrastructure\obj\Debug\net8.0\SystemeCaisse.Infrastructure.assets.cache" (valeur précédente : "obj\Debug\net8.0\SystemeCaisse.Infrastructure.assets.cache") à C:\Program Files\dotnet\sdk\10.0.101\Sdks\Microsoft.NET.Sdk\targets\Microsoft.PackageDependencyResolution.targets (29,5)
       C:\Program Files\dotnet\sdk\10.0.101\Sdks\Microsoft.NET.Sdk\targets\Microsoft.PackageDependencyResolution.targets(80,5): message : Réassignation de propriété : $(ResolveAssemblyReferencesDependsOn)="
       C:\Program Files\dotnet\sdk\10.0.101\Sdks\Microsoft.NET.Sdk\targets\Microsoft.PackageDependencyResolution.targets(80,5): message :       
       C:\Program Files\dotnet\sdk\10.0.101\Sdks\Microsoft.NET.Sdk\targets\Microsoft.PackageDependencyResolution.targets(80,5): message :       ResolveProjectReferences;
       C:\Program Files\dotnet\sdk\10.0.101\Sdks\Microsoft.NET.Sdk\targets\Microsoft.PackageDependencyResolution.targets(80,5): message :       FindInvalidProjectReferences;
       C:\Program Files\dotnet\sdk\10.0.101\Sdks\Microsoft.NET.Sdk\targets\Microsoft.PackageDependencyResolution.targets(80,5): message :       GetFrameworkPaths;
       C:\Program Files\dotnet\sdk\10.0.101\Sdks\Microsoft.NET.Sdk\targets\Microsoft.PackageDependencyResolution.targets(80,5): message :       GetReferenceAssemblyPaths;
       C:\Program Files\dotnet\sdk\10.0.101\Sdks\Microsoft.NET.Sdk\targets\Microsoft.PackageDependencyResolution.targets(80,5): message :       PrepareForBuild;
       C:\Program Files\dotnet\sdk\10.0.101\Sdks\Microsoft.NET.Sdk\targets\Microsoft.PackageDependencyResolution.targets(80,5): message :       ResolveSDKReferences;
       C:\Program Files\dotnet\sdk\10.0.101\Sdks\Microsoft.NET.Sdk\targets\Microsoft.PackageDependencyResolution.targets(80,5): message :       ExpandSDKReferences;
       C:\Program Files\dotnet\sdk\10.0.101\Sdks\Microsoft.NET.Sdk\targets\Microsoft.PackageDependencyResolution.targets(80,5): message :     ;
       C:\Program Files\dotnet\sdk\10.0.101\Sdks\Microsoft.NET.Sdk\targets\Microsoft.PackageDependencyResolution.targets(80,5): message :       ResolvePackageDependenciesForBuild;
       C:\Program Files\dotnet\sdk\10.0.101\Sdks\Microsoft.NET.Sdk\targets\Microsoft.PackageDependencyResolution.targets(80,5): message :       _HandlePackageFileConflicts;
       C:\Program Files\dotnet\sdk\10.0.101\Sdks\Microsoft.NET.Sdk\targets\Microsoft.PackageDependencyResolution.targets(80,5): message :     " (valeur précédente : "
       C:\Program Files\dotnet\sdk\10.0.101\Sdks\Microsoft.NET.Sdk\targets\Microsoft.PackageDependencyResolution.targets(80,5): message :       ResolveProjectReferences;
       C:\Program Files\dotnet\sdk\10.0.101\Sdks\Microsoft.NET.Sdk\targets\Microsoft.PackageDependencyResolution.targets(80,5): message :       FindInvalidProjectReferences;
       C:\Program Files\dotnet\sdk\10.0.101\Sdks\Microsoft.NET.Sdk\targets\Microsoft.PackageDependencyResolution.targets(80,5): message :       GetFrameworkPaths;
       C:\Program Files\dotnet\sdk\10.0.101\Sdks\Microsoft.NET.Sdk\targets\Microsoft.PackageDependencyResolution.targets(80,5): message :       GetReferenceAssemblyPaths;
       C:\Program Files\dotnet\sdk\10.0.101\Sdks\Microsoft.NET.Sdk\targets\Microsoft.PackageDependencyResolution.targets(80,5): message :       PrepareForBuild;
       C:\Program Files\dotnet\sdk\10.0.101\Sdks\Microsoft.NET.Sdk\targets\Microsoft.PackageDependencyResolution.targets(80,5): message :       ResolveSDKReferences;
       C:\Program Files\dotnet\sdk\10.0.101\Sdks\Microsoft.NET.Sdk\targets\Microsoft.PackageDependencyResolution.targets(80,5): message :       ExpandSDKReferences;
       C:\Program Files\dotnet\sdk\10.0.101\Sdks\Microsoft.NET.Sdk\targets\Microsoft.PackageDependencyResolution.targets(80,5): message :     ") à C:\Program Files\dotnet\sdk\10.0.101\Sdks\Microsoft.NET.Sdk\targets\Microsoft.PackageDependencyResolution.targets (80,5)
       C:\Program Files\dotnet\sdk\10.0.101\Sdks\Microsoft.NET.Sdk\targets\Microsoft.PackageDependencyResolution.targets(86,5): message : Réassignation de propriété : $(PrepareResourcesDependsOn)="
       C:\Program Files\dotnet\sdk\10.0.101\Sdks\Microsoft.NET.Sdk\targets\Microsoft.PackageDependencyResolution.targets(86,5): message :       ResolvePackageDependenciesForBuild;
       C:\Program Files\dotnet\sdk\10.0.101\Sdks\Microsoft.NET.Sdk\targets\Microsoft.PackageDependencyResolution.targets(86,5): message :       _HandlePackageFileConflicts;
       C:\Program Files\dotnet\sdk\10.0.101\Sdks\Microsoft.NET.Sdk\targets\Microsoft.PackageDependencyResolution.targets(86,5): message :       
       C:\Program Files\dotnet\sdk\10.0.101\Sdks\Microsoft.NET.Sdk\targets\Microsoft.PackageDependencyResolution.targets(86,5): message :       ;
       C:\Program Files\dotnet\sdk\10.0.101\Sdks\Microsoft.NET.Sdk\targets\Microsoft.PackageDependencyResolution.targets(86,5): message :       PrepareResourceNames;
       C:\Program Files\dotnet\sdk\10.0.101\Sdks\Microsoft.NET.Sdk\targets\Microsoft.PackageDependencyResolution.targets(86,5): message :       ResGen;
       C:\Program Files\dotnet\sdk\10.0.101\Sdks\Microsoft.NET.Sdk\targets\Microsoft.PackageDependencyResolution.targets(86,5): message :       CompileLicxFiles
       C:\Program Files\dotnet\sdk\10.0.101\Sdks\Microsoft.NET.Sdk\targets\Microsoft.PackageDependencyResolution.targets(86,5): message :     
       C:\Program Files\dotnet\sdk\10.0.101\Sdks\Microsoft.NET.Sdk\targets\Microsoft.PackageDependencyResolution.targets(86,5): message :     " (valeur précédente : "
       C:\Program Files\dotnet\sdk\10.0.101\Sdks\Microsoft.NET.Sdk\targets\Microsoft.PackageDependencyResolution.targets(86,5): message :       ;
       C:\Program Files\dotnet\sdk\10.0.101\Sdks\Microsoft.NET.Sdk\targets\Microsoft.PackageDependencyResolution.targets(86,5): message :       PrepareResourceNames;
       C:\Program Files\dotnet\sdk\10.0.101\Sdks\Microsoft.NET.Sdk\targets\Microsoft.PackageDependencyResolution.targets(86,5): message :       ResGen;
       C:\Program Files\dotnet\sdk\10.0.101\Sdks\Microsoft.NET.Sdk\targets\Microsoft.PackageDependencyResolution.targets(86,5): message :       CompileLicxFiles
       C:\Program Files\dotnet\sdk\10.0.101\Sdks\Microsoft.NET.Sdk\targets\Microsoft.PackageDependencyResolution.targets(86,5): message :     ") à C:\Program Files\dotnet\sdk\10.0.101\Sdks\Microsoft.NET.Sdk\targets\Microsoft.PackageDependencyResolution.targets (86,5)
       La propriété "EnableDefaultCompileItems" est une propriété globale et elle ne peut pas être modifiée.
       La propriété "EnableDefaultEmbeddedResourceItems" est une propriété globale et elle ne peut pas être modifiée.
       La propriété "EnableDefaultNoneItems" est une propriété globale et elle ne peut pas être modifiée.
       C:\Program Files\dotnet\sdk\10.0.101\Sdks\Microsoft.NET.Sdk\targets\Microsoft.NET.Sdk.DefaultItems.targets(35,5): message : Réassignation de propriété : $(DefaultItemExcludes)=";bin\Debug\/**;obj\Debug\/**;bin\/**" (valeur précédente : ";bin\Debug\/**;obj\Debug\/**") à C:\Program Files\dotnet\sdk\10.0.101\Sdks\Microsoft.NET.Sdk\targets\Microsoft.NET.Sdk.DefaultItems.targets (35,5)
       C:\Program Files\dotnet\sdk\10.0.101\Sdks\Microsoft.NET.Sdk\targets\Microsoft.NET.Sdk.DefaultItems.targets(37,5): message : Réassignation de propriété : $(DefaultItemExcludes)=";bin\Debug\/**;obj\Debug\/**;bin\/**;obj\/**" (valeur précédente : ";bin\Debug\/**;obj\Debug\/**;bin\/**") à C:\Program Files\dotnet\sdk\10.0.101\Sdks\Microsoft.NET.Sdk\targets\Microsoft.NET.Sdk.DefaultItems.targets (37,5)
       C:\Program Files\dotnet\sdk\10.0.101\Sdks\Microsoft.NET.Sdk\targets\Microsoft.NET.Sdk.DefaultItems.targets(40,5): message : Réassignation de propriété : $(DefaultItemExcludes)=";bin\Debug\/**;obj\Debug\/**;bin\/**;obj\/**;**/*.user" (valeur précédente : ";bin\Debug\/**;obj\Debug\/**;bin\/**;obj\/**") à C:\Program Files\dotnet\sdk\10.0.101\Sdks\Microsoft.NET.Sdk\targets\Microsoft.NET.Sdk.DefaultItems.targets (40,5)
       C:\Program Files\dotnet\sdk\10.0.101\Sdks\Microsoft.NET.Sdk\targets\Microsoft.NET.Sdk.DefaultItems.targets(41,5): message : Réassignation de propriété : $(DefaultItemExcludes)=";bin\Debug\/**;obj\Debug\/**;bin\/**;obj\/**;**/*.user;**/*.*proj" (valeur précédente : ";bin\Debug\/**;obj\Debug\/**;bin\/**;obj\/**;**/*.user") à C:\Program Files\dotnet\sdk\10.0.101\Sdks\Microsoft.NET.Sdk\targets\Microsoft.NET.Sdk.DefaultItems.targets (41,5)
       C:\Program Files\dotnet\sdk\10.0.101\Sdks\Microsoft.NET.Sdk\targets\Microsoft.NET.Sdk.DefaultItems.targets(42,5): message : Réassignation de propriété : $(DefaultItemExcludes)=";bin\Debug\/**;obj\Debug\/**;bin\/**;obj\/**;**/*.user;**/*.*proj;**/*.sln" (valeur précédente : ";bin\Debug\/**;obj\Debug\/**;bin\/**;obj\/**;**/*.user;**/*.*proj") à C:\Program Files\dotnet\sdk\10.0.101\Sdks\Microsoft.NET.Sdk\targets\Microsoft.NET.Sdk.DefaultItems.targets (42,5)
       C:\Program Files\dotnet\sdk\10.0.101\Sdks\Microsoft.NET.Sdk\targets\Microsoft.NET.Sdk.DefaultItems.targets(43,5): message : Réassignation de propriété : $(DefaultItemExcludes)=";bin\Debug\/**;obj\Debug\/**;bin\/**;obj\/**;**/*.user;**/*.*proj;**/*.sln;**/*.slnx" (valeur précédente : ";bin\Debug\/**;obj\Debug\/**;bin\/**;obj\/**;**/*.user;**/*.*proj;**/*.sln") à C:\Program Files\dotnet\sdk\10.0.101\Sdks\Microsoft.NET.Sdk\targets\Microsoft.NET.Sdk.DefaultItems.targets (43,5)
       C:\Program Files\dotnet\sdk\10.0.101\Sdks\Microsoft.NET.Sdk\targets\Microsoft.NET.Sdk.DefaultItems.targets(44,5): message : Réassignation de propriété : $(DefaultItemExcludes)=";bin\Debug\/**;obj\Debug\/**;bin\/**;obj\/**;**/*.user;**/*.*proj;**/*.sln;**/*.slnx;**/*.vssscc" (valeur précédente : ";bin\Debug\/**;obj\Debug\/**;bin\/**;obj\/**;**/*.user;**/*.*proj;**/*.sln;**/*.slnx") à C:\Program Files\dotnet\sdk\10.0.101\Sdks\Microsoft.NET.Sdk\targets\Microsoft.NET.Sdk.DefaultItems.targets (44,5)
       C:\Program Files\dotnet\sdk\10.0.101\Sdks\Microsoft.NET.Sdk\targets\Microsoft.NET.Sdk.DefaultItems.targets(45,5): message : Réassignation de propriété : $(DefaultItemExcludes)=";bin\Debug\/**;obj\Debug\/**;bin\/**;obj\/**;**/*.user;**/*.*proj;**/*.sln;**/*.slnx;**/*.vssscc;**/.DS_Store" (valeur précédente : ";bin\Debug\/**;obj\Debug\/**;bin\/**;obj\/**;**/*.user;**/*.*proj;**/*.sln;**/*.slnx;**/*.vssscc") à C:\Program Files\dotnet\sdk\10.0.101\Sdks\Microsoft.NET.Sdk\targets\Microsoft.NET.Sdk.DefaultItems.targets (45,5)
       C:\Program Files\dotnet\sdk\10.0.101\Sdks\Microsoft.NET.Sdk\targets\Microsoft.NET.Sdk.FrameworkReferenceResolution.targets(14,5): message : Réassignation de propriété : $(ResolveAssemblyReferencesDependsOn)="
       C:\Program Files\dotnet\sdk\10.0.101\Sdks\Microsoft.NET.Sdk\targets\Microsoft.NET.Sdk.FrameworkReferenceResolution.targets(14,5): message :       
       C:\Program Files\dotnet\sdk\10.0.101\Sdks\Microsoft.NET.Sdk\targets\Microsoft.NET.Sdk.FrameworkReferenceResolution.targets(14,5): message :       
       C:\Program Files\dotnet\sdk\10.0.101\Sdks\Microsoft.NET.Sdk\targets\Microsoft.NET.Sdk.FrameworkReferenceResolution.targets(14,5): message :       ResolveProjectReferences;
       C:\Program Files\dotnet\sdk\10.0.101\Sdks\Microsoft.NET.Sdk\targets\Microsoft.NET.Sdk.FrameworkReferenceResolution.targets(14,5): message :       FindInvalidProjectReferences;
       C:\Program Files\dotnet\sdk\10.0.101\Sdks\Microsoft.NET.Sdk\targets\Microsoft.NET.Sdk.FrameworkReferenceResolution.targets(14,5): message :       GetFrameworkPaths;
       C:\Program Files\dotnet\sdk\10.0.101\Sdks\Microsoft.NET.Sdk\targets\Microsoft.NET.Sdk.FrameworkReferenceResolution.targets(14,5): message :       GetReferenceAssemblyPaths;
       C:\Program Files\dotnet\sdk\10.0.101\Sdks\Microsoft.NET.Sdk\targets\Microsoft.NET.Sdk.FrameworkReferenceResolution.targets(14,5): message :       PrepareForBuild;
       C:\Program Files\dotnet\sdk\10.0.101\Sdks\Microsoft.NET.Sdk\targets\Microsoft.NET.Sdk.FrameworkReferenceResolution.targets(14,5): message :       ResolveSDKReferences;
       C:\Program Files\dotnet\sdk\10.0.101\Sdks\Microsoft.NET.Sdk\targets\Microsoft.NET.Sdk.FrameworkReferenceResolution.targets(14,5): message :       ExpandSDKReferences;
       C:\Program Files\dotnet\sdk\10.0.101\Sdks\Microsoft.NET.Sdk\targets\Microsoft.NET.Sdk.FrameworkReferenceResolution.targets(14,5): message :     ;
       C:\Program Files\dotnet\sdk\10.0.101\Sdks\Microsoft.NET.Sdk\targets\Microsoft.NET.Sdk.FrameworkReferenceResolution.targets(14,5): message :       ResolvePackageDependenciesForBuild;
       C:\Program Files\dotnet\sdk\10.0.101\Sdks\Microsoft.NET.Sdk\targets\Microsoft.NET.Sdk.FrameworkReferenceResolution.targets(14,5): message :       _HandlePackageFileConflicts;
       C:\Program Files\dotnet\sdk\10.0.101\Sdks\Microsoft.NET.Sdk\targets\Microsoft.NET.Sdk.FrameworkReferenceResolution.targets(14,5): message :     ;
       C:\Program Files\dotnet\sdk\10.0.101\Sdks\Microsoft.NET.Sdk\targets\Microsoft.NET.Sdk.FrameworkReferenceResolution.targets(14,5): message :       ResolveTargetingPackAssets;
       C:\Program Files\dotnet\sdk\10.0.101\Sdks\Microsoft.NET.Sdk\targets\Microsoft.NET.Sdk.FrameworkReferenceResolution.targets(14,5): message :     " (valeur précédente : "
       C:\Program Files\dotnet\sdk\10.0.101\Sdks\Microsoft.NET.Sdk\targets\Microsoft.NET.Sdk.FrameworkReferenceResolution.targets(14,5): message :       
       C:\Program Files\dotnet\sdk\10.0.101\Sdks\Microsoft.NET.Sdk\targets\Microsoft.NET.Sdk.FrameworkReferenceResolution.targets(14,5): message :       ResolveProjectReferences;
       C:\Program Files\dotnet\sdk\10.0.101\Sdks\Microsoft.NET.Sdk\targets\Microsoft.NET.Sdk.FrameworkReferenceResolution.targets(14,5): message :       FindInvalidProjectReferences;
       C:\Program Files\dotnet\sdk\10.0.101\Sdks\Microsoft.NET.Sdk\targets\Microsoft.NET.Sdk.FrameworkReferenceResolution.targets(14,5): message :       GetFrameworkPaths;
       C:\Program Files\dotnet\sdk\10.0.101\Sdks\Microsoft.NET.Sdk\targets\Microsoft.NET.Sdk.FrameworkReferenceResolution.targets(14,5): message :       GetReferenceAssemblyPaths;
       C:\Program Files\dotnet\sdk\10.0.101\Sdks\Microsoft.NET.Sdk\targets\Microsoft.NET.Sdk.FrameworkReferenceResolution.targets(14,5): message :       PrepareForBuild;
       C:\Program Files\dotnet\sdk\10.0.101\Sdks\Microsoft.NET.Sdk\targets\Microsoft.NET.Sdk.FrameworkReferenceResolution.targets(14,5): message :       ResolveSDKReferences;
       C:\Program Files\dotnet\sdk\10.0.101\Sdks\Microsoft.NET.Sdk\targets\Microsoft.NET.Sdk.FrameworkReferenceResolution.targets(14,5): message :       ExpandSDKReferences;
       C:\Program Files\dotnet\sdk\10.0.101\Sdks\Microsoft.NET.Sdk\targets\Microsoft.NET.Sdk.FrameworkReferenceResolution.targets(14,5): message :     ;
       C:\Program Files\dotnet\sdk\10.0.101\Sdks\Microsoft.NET.Sdk\targets\Microsoft.NET.Sdk.FrameworkReferenceResolution.targets(14,5): message :       ResolvePackageDependenciesForBuild;
       C:\Program Files\dotnet\sdk\10.0.101\Sdks\Microsoft.NET.Sdk\targets\Microsoft.NET.Sdk.FrameworkReferenceResolution.targets(14,5): message :       _HandlePackageFileConflicts;
       C:\Program Files\dotnet\sdk\10.0.101\Sdks\Microsoft.NET.Sdk\targets\Microsoft.NET.Sdk.FrameworkReferenceResolution.targets(14,5): message :     ") à C:\Program Files\dotnet\sdk\10.0.101\Sdks\Microsoft.NET.Sdk\targets\Microsoft.NET.Sdk.FrameworkReferenceResolution.targets (14,5)
       C:\Program Files\dotnet\sdk\10.0.101\Sdks\Microsoft.NET.Sdk\targets\Microsoft.NET.Sdk.targets(44,5): message : Réassignation de propriété : $(_GenerateRuntimeConfigurationPropertyInputsCache)="C:\Users\Administrateur\Documents\DossierPartage\PROGRAMATION\SystemeCaisse\SystemeCaisse.Infrastructure\obj\Debug\net8.0\SystemeCaisse.Infrastructure.genruntimeconfig.cache" (valeur précédente : "obj\Debug\net8.0\SystemeCaisse.Infrastructure.genruntimeconfig.cache") à C:\Program Files\dotnet\sdk\10.0.101\Sdks\Microsoft.NET.Sdk\targets\Microsoft.NET.Sdk.targets (44,5)
       C:\Program Files\dotnet\sdk\10.0.101\Sdks\Microsoft.NET.Sdk\targets\Microsoft.NET.Sdk.targets(46,5): message : Réassignation de propriété : $(_GeneratePublishDependencyFilePropertyInputsCache)="C:\Users\Administrateur\Documents\DossierPartage\PROGRAMATION\SystemeCaisse\SystemeCaisse.Infrastructure\obj\Debug\net8.0\SystemeCaisse.Infrastructure.genpublishdeps.cache" (valeur précédente : "obj\Debug\net8.0\SystemeCaisse.Infrastructure.genpublishdeps.cache") à C:\Program Files\dotnet\sdk\10.0.101\Sdks\Microsoft.NET.Sdk\targets\Microsoft.NET.Sdk.targets (46,5)
       C:\Program Files\dotnet\sdk\10.0.101\Sdks\Microsoft.NET.Sdk\targets\Microsoft.NET.Sdk.targets(48,5): message : Réassignation de propriété : $(_GenerateSingleFileBundlePropertyInputsCache)="C:\Users\Administrateur\Documents\DossierPartage\PROGRAMATION\SystemeCaisse\SystemeCaisse.Infrastructure\obj\Debug\net8.0\SystemeCaisse.Infrastructure.genbundle.cache" (valeur précédente : "obj\Debug\net8.0\SystemeCaisse.Infrastructure.genbundle.cache") à C:\Program Files\dotnet\sdk\10.0.101\Sdks\Microsoft.NET.Sdk\targets\Microsoft.NET.Sdk.targets (48,5)
       C:\Program Files\dotnet\sdk\10.0.101\Sdks\Microsoft.NET.Sdk\targets\Microsoft.NET.Sdk.targets(81,5): message : Réassignation de propriété : $(GenerateRuntimeConfigDevFile)="false" (valeur précédente : "true") à C:\Program Files\dotnet\sdk\10.0.101\Sdks\Microsoft.NET.Sdk\targets\Microsoft.NET.Sdk.targets (81,5)
       C:\Program Files\dotnet\sdk\10.0.101\Sdks\Microsoft.NET.Sdk\targets\Microsoft.NET.Sdk.targets(98,5): message : Propriété 'USERPROFILE' avec la valeur 'C:\Users\Administrateur' développée à partir de l’environnement.
       C:\Program Files\dotnet\sdk\10.0.101\Sdks\Microsoft.NET.Sdk\targets\Microsoft.NET.Sdk.targets(98,5): message : Réassignation de propriété : $(_DefaultUserProfileRuntimeStorePath)="C:\Users\Administrateur" (valeur précédente : "") à C:\Program Files\dotnet\sdk\10.0.101\Sdks\Microsoft.NET.Sdk\targets\Microsoft.NET.Sdk.targets (98,5)
       C:\Program Files\dotnet\sdk\10.0.101\Sdks\Microsoft.NET.Sdk\targets\Microsoft.NET.Sdk.targets(99,5): message : Réassignation de propriété : $(_DefaultUserProfileRuntimeStorePath)="C:\Users\Administrateur\.dotnet\store" (valeur précédente : "C:\Users\Administrateur") à C:\Program Files\dotnet\sdk\10.0.101\Sdks\Microsoft.NET.Sdk\targets\Microsoft.NET.Sdk.targets (99,5)
       C:\Program Files\dotnet\sdk\10.0.101\Sdks\Microsoft.NET.Sdk\targets\Microsoft.NET.Sdk.targets(144,5): message : Réassignation de propriété : $(AvailablePlatforms)="Any CPU,x86,x64,ARM32" (valeur précédente : "Any CPU,x86,x64") à C:\Program Files\dotnet\sdk\10.0.101\Sdks\Microsoft.NET.Sdk\targets\Microsoft.NET.Sdk.targets (144,5)
       C:\Program Files\dotnet\sdk\10.0.101\Sdks\Microsoft.NET.Sdk\targets\Microsoft.NET.Sdk.targets(148,5): message : Réassignation de propriété : $(AvailablePlatforms)="Any CPU,x86,x64,ARM32,ARM64" (valeur précédente : "Any CPU,x86,x64,ARM32") à C:\Program Files\dotnet\sdk\10.0.101\Sdks\Microsoft.NET.Sdk\targets\Microsoft.NET.Sdk.targets (148,5)
       C:\Program Files\dotnet\sdk\10.0.101\Sdks\Microsoft.NET.Sdk\targets\Microsoft.NET.Sdk.targets(204,5): message : Réassignation de propriété : $(CoreBuildDependsOn)="
       C:\Program Files\dotnet\sdk\10.0.101\Sdks\Microsoft.NET.Sdk\targets\Microsoft.NET.Sdk.targets(204,5): message :       _CheckForBuildWithNoBuild;
       C:\Program Files\dotnet\sdk\10.0.101\Sdks\Microsoft.NET.Sdk\targets\Microsoft.NET.Sdk.targets(204,5): message :       
       C:\Program Files\dotnet\sdk\10.0.101\Sdks\Microsoft.NET.Sdk\targets\Microsoft.NET.Sdk.targets(204,5): message :       BuildOnlySettings;
       C:\Program Files\dotnet\sdk\10.0.101\Sdks\Microsoft.NET.Sdk\targets\Microsoft.NET.Sdk.targets(204,5): message :       PrepareForBuild;
       C:\Program Files\dotnet\sdk\10.0.101\Sdks\Microsoft.NET.Sdk\targets\Microsoft.NET.Sdk.targets(204,5): message :       PreBuildEvent;
       C:\Program Files\dotnet\sdk\10.0.101\Sdks\Microsoft.NET.Sdk\targets\Microsoft.NET.Sdk.targets(204,5): message :       ResolveReferences;
       C:\Program Files\dotnet\sdk\10.0.101\Sdks\Microsoft.NET.Sdk\targets\Microsoft.NET.Sdk.targets(204,5): message :       PrepareResources;
       C:\Program Files\dotnet\sdk\10.0.101\Sdks\Microsoft.NET.Sdk\targets\Microsoft.NET.Sdk.targets(204,5): message :       ResolveKeySource;
       C:\Program Files\dotnet\sdk\10.0.101\Sdks\Microsoft.NET.Sdk\targets\Microsoft.NET.Sdk.targets(204,5): message :       Compile;
       C:\Program Files\dotnet\sdk\10.0.101\Sdks\Microsoft.NET.Sdk\targets\Microsoft.NET.Sdk.targets(204,5): message :       ExportWindowsMDFile;
       C:\Program Files\dotnet\sdk\10.0.101\Sdks\Microsoft.NET.Sdk\targets\Microsoft.NET.Sdk.targets(204,5): message :       UnmanagedUnregistration;
       C:\Program Files\dotnet\sdk\10.0.101\Sdks\Microsoft.NET.Sdk\targets\Microsoft.NET.Sdk.targets(204,5): message :       GenerateSerializationAssemblies;
       C:\Program Files\dotnet\sdk\10.0.101\Sdks\Microsoft.NET.Sdk\targets\Microsoft.NET.Sdk.targets(204,5): message :       CreateSatelliteAssemblies;
       C:\Program Files\dotnet\sdk\10.0.101\Sdks\Microsoft.NET.Sdk\targets\Microsoft.NET.Sdk.targets(204,5): message :       GenerateManifests;
       C:\Program Files\dotnet\sdk\10.0.101\Sdks\Microsoft.NET.Sdk\targets\Microsoft.NET.Sdk.targets(204,5): message :       GetTargetPath;
       C:\Program Files\dotnet\sdk\10.0.101\Sdks\Microsoft.NET.Sdk\targets\Microsoft.NET.Sdk.targets(204,5): message :       PrepareForRun;
       C:\Program Files\dotnet\sdk\10.0.101\Sdks\Microsoft.NET.Sdk\targets\Microsoft.NET.Sdk.targets(204,5): message :       UnmanagedRegistration;
       C:\Program Files\dotnet\sdk\10.0.101\Sdks\Microsoft.NET.Sdk\targets\Microsoft.NET.Sdk.targets(204,5): message :       IncrementalClean;
       C:\Program Files\dotnet\sdk\10.0.101\Sdks\Microsoft.NET.Sdk\targets\Microsoft.NET.Sdk.targets(204,5): message :       PostBuildEvent
       C:\Program Files\dotnet\sdk\10.0.101\Sdks\Microsoft.NET.Sdk\targets\Microsoft.NET.Sdk.targets(204,5): message :     ;
       C:\Program Files\dotnet\sdk\10.0.101\Sdks\Microsoft.NET.Sdk\targets\Microsoft.NET.Sdk.targets(204,5): message :       GenerateBuildDependencyFile;
       C:\Program Files\dotnet\sdk\10.0.101\Sdks\Microsoft.NET.Sdk\targets\Microsoft.NET.Sdk.targets(204,5): message :       GenerateBuildRuntimeConfigurationFiles
       C:\Program Files\dotnet\sdk\10.0.101\Sdks\Microsoft.NET.Sdk\targets\Microsoft.NET.Sdk.targets(204,5): message :     " (valeur précédente : "
       C:\Program Files\dotnet\sdk\10.0.101\Sdks\Microsoft.NET.Sdk\targets\Microsoft.NET.Sdk.targets(204,5): message :       BuildOnlySettings;
       C:\Program Files\dotnet\sdk\10.0.101\Sdks\Microsoft.NET.Sdk\targets\Microsoft.NET.Sdk.targets(204,5): message :       PrepareForBuild;
       C:\Program Files\dotnet\sdk\10.0.101\Sdks\Microsoft.NET.Sdk\targets\Microsoft.NET.Sdk.targets(204,5): message :       PreBuildEvent;
       C:\Program Files\dotnet\sdk\10.0.101\Sdks\Microsoft.NET.Sdk\targets\Microsoft.NET.Sdk.targets(204,5): message :       ResolveReferences;
       C:\Program Files\dotnet\sdk\10.0.101\Sdks\Microsoft.NET.Sdk\targets\Microsoft.NET.Sdk.targets(204,5): message :       PrepareResources;
       C:\Program Files\dotnet\sdk\10.0.101\Sdks\Microsoft.NET.Sdk\targets\Microsoft.NET.Sdk.targets(204,5): message :       ResolveKeySource;
       C:\Program Files\dotnet\sdk\10.0.101\Sdks\Microsoft.NET.Sdk\targets\Microsoft.NET.Sdk.targets(204,5): message :       Compile;
       C:\Program Files\dotnet\sdk\10.0.101\Sdks\Microsoft.NET.Sdk\targets\Microsoft.NET.Sdk.targets(204,5): message :       ExportWindowsMDFile;
       C:\Program Files\dotnet\sdk\10.0.101\Sdks\Microsoft.NET.Sdk\targets\Microsoft.NET.Sdk.targets(204,5): message :       UnmanagedUnregistration;
       C:\Program Files\dotnet\sdk\10.0.101\Sdks\Microsoft.NET.Sdk\targets\Microsoft.NET.Sdk.targets(204,5): message :       GenerateSerializationAssemblies;
       C:\Program Files\dotnet\sdk\10.0.101\Sdks\Microsoft.NET.Sdk\targets\Microsoft.NET.Sdk.targets(204,5): message :       CreateSatelliteAssemblies;
       C:\Program Files\dotnet\sdk\10.0.101\Sdks\Microsoft.NET.Sdk\targets\Microsoft.NET.Sdk.targets(204,5): message :       GenerateManifests;
       C:\Program Files\dotnet\sdk\10.0.101\Sdks\Microsoft.NET.Sdk\targets\Microsoft.NET.Sdk.targets(204,5): message :       GetTargetPath;
       C:\Program Files\dotnet\sdk\10.0.101\Sdks\Microsoft.NET.Sdk\targets\Microsoft.NET.Sdk.targets(204,5): message :       PrepareForRun;
       C:\Program Files\dotnet\sdk\10.0.101\Sdks\Microsoft.NET.Sdk\targets\Microsoft.NET.Sdk.targets(204,5): message :       UnmanagedRegistration;
       C:\Program Files\dotnet\sdk\10.0.101\Sdks\Microsoft.NET.Sdk\targets\Microsoft.NET.Sdk.targets(204,5): message :       IncrementalClean;
       C:\Program Files\dotnet\sdk\10.0.101\Sdks\Microsoft.NET.Sdk\targets\Microsoft.NET.Sdk.targets(204,5): message :       PostBuildEvent
       C:\Program Files\dotnet\sdk\10.0.101\Sdks\Microsoft.NET.Sdk\targets\Microsoft.NET.Sdk.targets(204,5): message :     ") à C:\Program Files\dotnet\sdk\10.0.101\Sdks\Microsoft.NET.Sdk\targets\Microsoft.NET.Sdk.targets (204,5)
       C:\Program Files\dotnet\sdk\10.0.101\Sdks\Microsoft.NET.Sdk\targets\Microsoft.NET.Sdk.targets(213,5): message : Réassignation de propriété : $(CoreCleanDependsOn)="
       C:\Program Files\dotnet\sdk\10.0.101\Sdks\Microsoft.NET.Sdk\targets\Microsoft.NET.Sdk.targets(213,5): message :       _SdkBeforeClean;
       C:\Program Files\dotnet\sdk\10.0.101\Sdks\Microsoft.NET.Sdk\targets\Microsoft.NET.Sdk.targets(213,5): message :       
       C:\Program Files\dotnet\sdk\10.0.101\Sdks\Microsoft.NET.Sdk\targets\Microsoft.NET.Sdk.targets(213,5): message :     " (valeur précédente : "") à C:\Program Files\dotnet\sdk\10.0.101\Sdks\Microsoft.NET.Sdk\targets\Microsoft.NET.Sdk.targets (213,5)
       C:\Program Files\dotnet\sdk\10.0.101\Sdks\Microsoft.NET.Sdk\targets\Microsoft.NET.Sdk.targets(220,5): message : Réassignation de propriété : $(RebuildDependsOn)="
       C:\Program Files\dotnet\sdk\10.0.101\Sdks\Microsoft.NET.Sdk\targets\Microsoft.NET.Sdk.targets(220,5): message :       _SdkBeforeRebuild;
       C:\Program Files\dotnet\sdk\10.0.101\Sdks\Microsoft.NET.Sdk\targets\Microsoft.NET.Sdk.targets(220,5): message :       
       C:\Program Files\dotnet\sdk\10.0.101\Sdks\Microsoft.NET.Sdk\targets\Microsoft.NET.Sdk.targets(220,5): message :       BeforeRebuild;
       C:\Program Files\dotnet\sdk\10.0.101\Sdks\Microsoft.NET.Sdk\targets\Microsoft.NET.Sdk.targets(220,5): message :       Clean;
       C:\Program Files\dotnet\sdk\10.0.101\Sdks\Microsoft.NET.Sdk\targets\Microsoft.NET.Sdk.targets(220,5): message :       Build;
       C:\Program Files\dotnet\sdk\10.0.101\Sdks\Microsoft.NET.Sdk\targets\Microsoft.NET.Sdk.targets(220,5): message :       AfterRebuild;
       C:\Program Files\dotnet\sdk\10.0.101\Sdks\Microsoft.NET.Sdk\targets\Microsoft.NET.Sdk.targets(220,5): message :     
       C:\Program Files\dotnet\sdk\10.0.101\Sdks\Microsoft.NET.Sdk\targets\Microsoft.NET.Sdk.targets(220,5): message :     " (valeur précédente : "
       C:\Program Files\dotnet\sdk\10.0.101\Sdks\Microsoft.NET.Sdk\targets\Microsoft.NET.Sdk.targets(220,5): message :       BeforeRebuild;
       C:\Program Files\dotnet\sdk\10.0.101\Sdks\Microsoft.NET.Sdk\targets\Microsoft.NET.Sdk.targets(220,5): message :       Clean;
       C:\Program Files\dotnet\sdk\10.0.101\Sdks\Microsoft.NET.Sdk\targets\Microsoft.NET.Sdk.targets(220,5): message :       Build;
       C:\Program Files\dotnet\sdk\10.0.101\Sdks\Microsoft.NET.Sdk\targets\Microsoft.NET.Sdk.targets(220,5): message :       AfterRebuild;
       C:\Program Files\dotnet\sdk\10.0.101\Sdks\Microsoft.NET.Sdk\targets\Microsoft.NET.Sdk.targets(220,5): message :     ") à C:\Program Files\dotnet\sdk\10.0.101\Sdks\Microsoft.NET.Sdk\targets\Microsoft.NET.Sdk.targets (220,5)
       C:\Program Files\dotnet\sdk\10.0.101\Sdks\Microsoft.NET.Sdk\targets\Microsoft.NET.Sdk.targets(799,5): message : Réassignation de propriété : $(CompileDependsOn)="
       C:\Program Files\dotnet\sdk\10.0.101\Sdks\Microsoft.NET.Sdk\targets\Microsoft.NET.Sdk.targets(799,5): message :       
       C:\Program Files\dotnet\sdk\10.0.101\Sdks\Microsoft.NET.Sdk\targets\Microsoft.NET.Sdk.targets(799,5): message :       ResolveReferences;
       C:\Program Files\dotnet\sdk\10.0.101\Sdks\Microsoft.NET.Sdk\targets\Microsoft.NET.Sdk.targets(799,5): message :       ResolveKeySource;
       C:\Program Files\dotnet\sdk\10.0.101\Sdks\Microsoft.NET.Sdk\targets\Microsoft.NET.Sdk.targets(799,5): message :       SetWin32ManifestProperties;
       C:\Program Files\dotnet\sdk\10.0.101\Sdks\Microsoft.NET.Sdk\targets\Microsoft.NET.Sdk.targets(799,5): message :       _SetPreferNativeArm64Win32ManifestProperties;
       C:\Program Files\dotnet\sdk\10.0.101\Sdks\Microsoft.NET.Sdk\targets\Microsoft.NET.Sdk.targets(799,5): message :       FindReferenceAssembliesForReferences;
       C:\Program Files\dotnet\sdk\10.0.101\Sdks\Microsoft.NET.Sdk\targets\Microsoft.NET.Sdk.targets(799,5): message :       _GenerateCompileInputs;
       C:\Program Files\dotnet\sdk\10.0.101\Sdks\Microsoft.NET.Sdk\targets\Microsoft.NET.Sdk.targets(799,5): message :       BeforeCompile;
       C:\Program Files\dotnet\sdk\10.0.101\Sdks\Microsoft.NET.Sdk\targets\Microsoft.NET.Sdk.targets(799,5): message :       _TimeStampBeforeCompile;
       C:\Program Files\dotnet\sdk\10.0.101\Sdks\Microsoft.NET.Sdk\targets\Microsoft.NET.Sdk.targets(799,5): message :       _GenerateCompileDependencyCache;
       C:\Program Files\dotnet\sdk\10.0.101\Sdks\Microsoft.NET.Sdk\targets\Microsoft.NET.Sdk.targets(799,5): message :       CoreCompile;
       C:\Program Files\dotnet\sdk\10.0.101\Sdks\Microsoft.NET.Sdk\targets\Microsoft.NET.Sdk.targets(799,5): message :       _TimeStampAfterCompile;
       C:\Program Files\dotnet\sdk\10.0.101\Sdks\Microsoft.NET.Sdk\targets\Microsoft.NET.Sdk.targets(799,5): message :       AfterCompile;
       C:\Program Files\dotnet\sdk\10.0.101\Sdks\Microsoft.NET.Sdk\targets\Microsoft.NET.Sdk.targets(799,5): message :     ;
       C:\Program Files\dotnet\sdk\10.0.101\Sdks\Microsoft.NET.Sdk\targets\Microsoft.NET.Sdk.targets(799,5): message :       _CreateAppHost;
       C:\Program Files\dotnet\sdk\10.0.101\Sdks\Microsoft.NET.Sdk\targets\Microsoft.NET.Sdk.targets(799,5): message :       _CreateComHost;
       C:\Program Files\dotnet\sdk\10.0.101\Sdks\Microsoft.NET.Sdk\targets\Microsoft.NET.Sdk.targets(799,5): message :       _GetIjwHostPaths;
       C:\Program Files\dotnet\sdk\10.0.101\Sdks\Microsoft.NET.Sdk\targets\Microsoft.NET.Sdk.targets(799,5): message :     " (valeur précédente : "
       C:\Program Files\dotnet\sdk\10.0.101\Sdks\Microsoft.NET.Sdk\targets\Microsoft.NET.Sdk.targets(799,5): message :       ResolveReferences;
       C:\Program Files\dotnet\sdk\10.0.101\Sdks\Microsoft.NET.Sdk\targets\Microsoft.NET.Sdk.targets(799,5): message :       ResolveKeySource;
       C:\Program Files\dotnet\sdk\10.0.101\Sdks\Microsoft.NET.Sdk\targets\Microsoft.NET.Sdk.targets(799,5): message :       SetWin32ManifestProperties;
       C:\Program Files\dotnet\sdk\10.0.101\Sdks\Microsoft.NET.Sdk\targets\Microsoft.NET.Sdk.targets(799,5): message :       _SetPreferNativeArm64Win32ManifestProperties;
       C:\Program Files\dotnet\sdk\10.0.101\Sdks\Microsoft.NET.Sdk\targets\Microsoft.NET.Sdk.targets(799,5): message :       FindReferenceAssembliesForReferences;
       C:\Program Files\dotnet\sdk\10.0.101\Sdks\Microsoft.NET.Sdk\targets\Microsoft.NET.Sdk.targets(799,5): message :       _GenerateCompileInputs;
       C:\Program Files\dotnet\sdk\10.0.101\Sdks\Microsoft.NET.Sdk\targets\Microsoft.NET.Sdk.targets(799,5): message :       BeforeCompile;
       C:\Program Files\dotnet\sdk\10.0.101\Sdks\Microsoft.NET.Sdk\targets\Microsoft.NET.Sdk.targets(799,5): message :       _TimeStampBeforeCompile;
       C:\Program Files\dotnet\sdk\10.0.101\Sdks\Microsoft.NET.Sdk\targets\Microsoft.NET.Sdk.targets(799,5): message :       _GenerateCompileDependencyCache;
       C:\Program Files\dotnet\sdk\10.0.101\Sdks\Microsoft.NET.Sdk\targets\Microsoft.NET.Sdk.targets(799,5): message :       CoreCompile;
       C:\Program Files\dotnet\sdk\10.0.101\Sdks\Microsoft.NET.Sdk\targets\Microsoft.NET.Sdk.targets(799,5): message :       _TimeStampAfterCompile;
       C:\Program Files\dotnet\sdk\10.0.101\Sdks\Microsoft.NET.Sdk\targets\Microsoft.NET.Sdk.targets(799,5): message :       AfterCompile;
       C:\Program Files\dotnet\sdk\10.0.101\Sdks\Microsoft.NET.Sdk\targets\Microsoft.NET.Sdk.targets(799,5): message :     ") à C:\Program Files\dotnet\sdk\10.0.101\Sdks\Microsoft.NET.Sdk\targets\Microsoft.NET.Sdk.targets (799,5)
       C:\Program Files\dotnet\sdk\10.0.101\Sdks\Microsoft.NET.Sdk\targets\Microsoft.NET.Sdk.targets(1131,5): message : Réassignation de propriété : $(CreateSatelliteAssembliesDependsOn)="
       C:\Program Files\dotnet\sdk\10.0.101\Sdks\Microsoft.NET.Sdk\targets\Microsoft.NET.Sdk.targets(1131,5): message :       
       C:\Program Files\dotnet\sdk\10.0.101\Sdks\Microsoft.NET.Sdk\targets\Microsoft.NET.Sdk.targets(1131,5): message :       ;
       C:\Program Files\dotnet\sdk\10.0.101\Sdks\Microsoft.NET.Sdk\targets\Microsoft.NET.Sdk.targets(1131,5): message :       _GenerateSatelliteAssemblyInputs;
       C:\Program Files\dotnet\sdk\10.0.101\Sdks\Microsoft.NET.Sdk\targets\Microsoft.NET.Sdk.targets(1131,5): message :       ComputeIntermediateSatelliteAssemblies;
       C:\Program Files\dotnet\sdk\10.0.101\Sdks\Microsoft.NET.Sdk\targets\Microsoft.NET.Sdk.targets(1131,5): message :       GenerateSatelliteAssemblies
       C:\Program Files\dotnet\sdk\10.0.101\Sdks\Microsoft.NET.Sdk\targets\Microsoft.NET.Sdk.targets(1131,5): message :     ;
       C:\Program Files\dotnet\sdk\10.0.101\Sdks\Microsoft.NET.Sdk\targets\Microsoft.NET.Sdk.targets(1131,5): message :       CoreGenerateSatelliteAssemblies
       C:\Program Files\dotnet\sdk\10.0.101\Sdks\Microsoft.NET.Sdk\targets\Microsoft.NET.Sdk.targets(1131,5): message :     " (valeur précédente : "
       C:\Program Files\dotnet\sdk\10.0.101\Sdks\Microsoft.NET.Sdk\targets\Microsoft.NET.Sdk.targets(1131,5): message :       ;
       C:\Program Files\dotnet\sdk\10.0.101\Sdks\Microsoft.NET.Sdk\targets\Microsoft.NET.Sdk.targets(1131,5): message :       _GenerateSatelliteAssemblyInputs;
       C:\Program Files\dotnet\sdk\10.0.101\Sdks\Microsoft.NET.Sdk\targets\Microsoft.NET.Sdk.targets(1131,5): message :       ComputeIntermediateSatelliteAssemblies;
       C:\Program Files\dotnet\sdk\10.0.101\Sdks\Microsoft.NET.Sdk\targets\Microsoft.NET.Sdk.targets(1131,5): message :       GenerateSatelliteAssemblies
       C:\Program Files\dotnet\sdk\10.0.101\Sdks\Microsoft.NET.Sdk\targets\Microsoft.NET.Sdk.targets(1131,5): message :     ") à C:\Program Files\dotnet\sdk\10.0.101\Sdks\Microsoft.NET.Sdk\targets\Microsoft.NET.Sdk.targets (1131,5)
       C:\Program Files\dotnet\sdk\10.0.101\Sdks\Microsoft.SourceLink.GitLab\build\Microsoft.SourceLink.GitLab.targets(12,5): message : Réassignation de propriété : $(SourceLinkUrlInitializerTargets)=";_InitializeGitHubSourceLinkUrl;_InitializeGitLabSourceLinkUrl" (valeur précédente : ";_InitializeGitHubSourceLinkUrl") à C:\Program Files\dotnet\sdk\10.0.101\Sdks\Microsoft.SourceLink.GitLab\build\Microsoft.SourceLink.GitLab.targets (12,5)
       C:\Program Files\dotnet\sdk\10.0.101\Sdks\Microsoft.SourceLink.GitLab\build\Microsoft.SourceLink.GitLab.targets(13,5): message : Réassignation de propriété : $(SourceControlManagerUrlTranslationTargets)=";TranslateGitHubUrlsInSourceControlInformation;TranslateGitLabUrlsInSourceControlInformation" (valeur précédente : ";TranslateGitHubUrlsInSourceControlInformation") à C:\Program Files\dotnet\sdk\10.0.101\Sdks\Microsoft.SourceLink.GitLab\build\Microsoft.SourceLink.GitLab.targets (13,5)
       C:\Program Files\dotnet\sdk\10.0.101\Sdks\Microsoft.SourceLink.AzureRepos.Git\build\Microsoft.SourceLink.AzureRepos.Git.targets(12,5): message : Réassignation de propriété : $(SourceLinkUrlInitializerTargets)=";_InitializeGitHubSourceLinkUrl;_InitializeGitLabSourceLinkUrl;_InitializeAzureReposGitSourceLinkUrl" (valeur précédente : ";_InitializeGitHubSourceLinkUrl;_InitializeGitLabSourceLinkUrl") à C:\Program Files\dotnet\sdk\10.0.101\Sdks\Microsoft.SourceLink.AzureRepos.Git\build\Microsoft.SourceLink.AzureRepos.Git.targets (12,5)
       C:\Program Files\dotnet\sdk\10.0.101\Sdks\Microsoft.SourceLink.AzureRepos.Git\build\Microsoft.SourceLink.AzureRepos.Git.targets(13,5): message : Réassignation de propriété : $(SourceControlManagerUrlTranslationTargets)=";TranslateGitHubUrlsInSourceControlInformation;TranslateGitLabUrlsInSourceControlInformation;TranslateAzureReposGitUrlsInSourceControlInformation" (valeur précédente : ";TranslateGitHubUrlsInSourceControlInformation;TranslateGitLabUrlsInSourceControlInformation") à C:\Program Files\dotnet\sdk\10.0.101\Sdks\Microsoft.SourceLink.AzureRepos.Git\build\Microsoft.SourceLink.AzureRepos.Git.targets (13,5)
       C:\Program Files\dotnet\sdk\10.0.101\Sdks\Microsoft.SourceLink.Bitbucket.Git\build\Microsoft.SourceLink.Bitbucket.Git.targets(12,5): message : Réassignation de propriété : $(SourceLinkUrlInitializerTargets)=";_InitializeGitHubSourceLinkUrl;_InitializeGitLabSourceLinkUrl;_InitializeAzureReposGitSourceLinkUrl;_InitializeBitbucketGitSourceLinkUrl" (valeur précédente : ";_InitializeGitHubSourceLinkUrl;_InitializeGitLabSourceLinkUrl;_InitializeAzureReposGitSourceLinkUrl") à C:\Program Files\dotnet\sdk\10.0.101\Sdks\Microsoft.SourceLink.Bitbucket.Git\build\Microsoft.SourceLink.Bitbucket.Git.targets (12,5)
       C:\Program Files\dotnet\sdk\10.0.101\Sdks\Microsoft.SourceLink.Bitbucket.Git\build\Microsoft.SourceLink.Bitbucket.Git.targets(13,5): message : Réassignation de propriété : $(SourceControlManagerUrlTranslationTargets)=";TranslateGitHubUrlsInSourceControlInformation;TranslateGitLabUrlsInSourceControlInformation;TranslateAzureReposGitUrlsInSourceControlInformation;TranslateBitbucketGitUrlsInSourceControlInformation" (valeur précédente : ";TranslateGitHubUrlsInSourceControlInformation;TranslateGitLabUrlsInSourceControlInformation;TranslateAzureReposGitUrlsInSourceControlInformation") à C:\Program Files\dotnet\sdk\10.0.101\Sdks\Microsoft.SourceLink.Bitbucket.Git\build\Microsoft.SourceLink.Bitbucket.Git.targets (13,5)
       C:\Program Files\dotnet\sdk\10.0.101\Sdks\Microsoft.NET.Sdk\targets\Microsoft.NET.DesignerSupport.targets(21,5): message : Réassignation de propriété : $(DesignerRuntimeImplementationProjectOutputGroupDependsOn)="
       C:\Program Files\dotnet\sdk\10.0.101\Sdks\Microsoft.NET.Sdk\targets\Microsoft.NET.DesignerSupport.targets(21,5): message :       
       C:\Program Files\dotnet\sdk\10.0.101\Sdks\Microsoft.NET.Sdk\targets\Microsoft.NET.DesignerSupport.targets(21,5): message :       ;
       C:\Program Files\dotnet\sdk\10.0.101\Sdks\Microsoft.NET.Sdk\targets\Microsoft.NET.DesignerSupport.targets(21,5): message :       
       C:\Program Files\dotnet\sdk\10.0.101\Sdks\Microsoft.NET.Sdk\targets\Microsoft.NET.DesignerSupport.targets(21,5): message :       ;
       C:\Program Files\dotnet\sdk\10.0.101\Sdks\Microsoft.NET.Sdk\targets\Microsoft.NET.DesignerSupport.targets(21,5): message :       BuildOnlySettings;
       C:\Program Files\dotnet\sdk\10.0.101\Sdks\Microsoft.NET.Sdk\targets\Microsoft.NET.DesignerSupport.targets(21,5): message :       PrepareForBuild;
       C:\Program Files\dotnet\sdk\10.0.101\Sdks\Microsoft.NET.Sdk\targets\Microsoft.NET.DesignerSupport.targets(21,5): message :       AssignTargetPaths;
       C:\Program Files\dotnet\sdk\10.0.101\Sdks\Microsoft.NET.Sdk\targets\Microsoft.NET.DesignerSupport.targets(21,5): message :       ResolveReferences
       C:\Program Files\dotnet\sdk\10.0.101\Sdks\Microsoft.NET.Sdk\targets\Microsoft.NET.DesignerSupport.targets(21,5): message :     
       C:\Program Files\dotnet\sdk\10.0.101\Sdks\Microsoft.NET.Sdk\targets\Microsoft.NET.DesignerSupport.targets(21,5): message :     ;
       C:\Program Files\dotnet\sdk\10.0.101\Sdks\Microsoft.NET.Sdk\targets\Microsoft.NET.DesignerSupport.targets(21,5): message :       _GenerateDesignerDepsFile;
       C:\Program Files\dotnet\sdk\10.0.101\Sdks\Microsoft.NET.Sdk\targets\Microsoft.NET.DesignerSupport.targets(21,5): message :       _GenerateDesignerRuntimeConfigFile;
       C:\Program Files\dotnet\sdk\10.0.101\Sdks\Microsoft.NET.Sdk\targets\Microsoft.NET.DesignerSupport.targets(21,5): message :       GetCopyToOutputDirectoryItems;
       C:\Program Files\dotnet\sdk\10.0.101\Sdks\Microsoft.NET.Sdk\targets\Microsoft.NET.DesignerSupport.targets(21,5): message :       _GatherDesignerShadowCopyFiles;
       C:\Program Files\dotnet\sdk\10.0.101\Sdks\Microsoft.NET.Sdk\targets\Microsoft.NET.DesignerSupport.targets(21,5): message :     " (valeur précédente : "
       C:\Program Files\dotnet\sdk\10.0.101\Sdks\Microsoft.NET.Sdk\targets\Microsoft.NET.DesignerSupport.targets(21,5): message :       ;
       C:\Program Files\dotnet\sdk\10.0.101\Sdks\Microsoft.NET.Sdk\targets\Microsoft.NET.DesignerSupport.targets(21,5): message :       
       C:\Program Files\dotnet\sdk\10.0.101\Sdks\Microsoft.NET.Sdk\targets\Microsoft.NET.DesignerSupport.targets(21,5): message :       ;
       C:\Program Files\dotnet\sdk\10.0.101\Sdks\Microsoft.NET.Sdk\targets\Microsoft.NET.DesignerSupport.targets(21,5): message :       BuildOnlySettings;
       C:\Program Files\dotnet\sdk\10.0.101\Sdks\Microsoft.NET.Sdk\targets\Microsoft.NET.DesignerSupport.targets(21,5): message :       PrepareForBuild;
       C:\Program Files\dotnet\sdk\10.0.101\Sdks\Microsoft.NET.Sdk\targets\Microsoft.NET.DesignerSupport.targets(21,5): message :       AssignTargetPaths;
       C:\Program Files\dotnet\sdk\10.0.101\Sdks\Microsoft.NET.Sdk\targets\Microsoft.NET.DesignerSupport.targets(21,5): message :       ResolveReferences
       C:\Program Files\dotnet\sdk\10.0.101\Sdks\Microsoft.NET.Sdk\targets\Microsoft.NET.DesignerSupport.targets(21,5): message :     
       C:\Program Files\dotnet\sdk\10.0.101\Sdks\Microsoft.NET.Sdk\targets\Microsoft.NET.DesignerSupport.targets(21,5): message :     ") à C:\Program Files\dotnet\sdk\10.0.101\Sdks\Microsoft.NET.Sdk\targets\Microsoft.NET.DesignerSupport.targets (21,5)
       C:\Program Files\dotnet\sdk\10.0.101\Sdks\Microsoft.NET.Sdk\targets\Microsoft.NET.Sdk.CSharp.targets(31,5): message : Réassignation de propriété : $(DefineConstants)="TRACE;DEBUG" (valeur précédente : "TRACE") à C:\Program Files\dotnet\sdk\10.0.101\Sdks\Microsoft.NET.Sdk\targets\Microsoft.NET.Sdk.CSharp.targets (31,5)
       C:\Program Files\dotnet\sdk\10.0.101\Sdks\Microsoft.NET.Sdk\targets\Microsoft.NET.Sdk.CSharp.targets(45,5): message : Réassignation de propriété : $(WarningsAsErrors)=";NU1605;SYSLIB0011" (valeur précédente : ";NU1605") à C:\Program Files\dotnet\sdk\10.0.101\Sdks\Microsoft.NET.Sdk\targets\Microsoft.NET.Sdk.CSharp.targets (45,5)
       C:\Program Files\dotnet\sdk\10.0.101\NuGet.Build.Tasks.Pack.targets(34,5): message : Réassignation de propriété : $(PackageDescription)="Package Description" (valeur précédente : "") à C:\Program Files\dotnet\sdk\10.0.101\NuGet.Build.Tasks.Pack.targets (34,5)
       C:\Program Files\dotnet\sdk\10.0.101\NuGet.Build.Tasks.Pack.targets(59,5): message : Réassignation de propriété : $(GenerateNuspecDependsOn)="Build;_LoadPackInputItems; _GetTargetFrameworksOutput; _WalkEachTargetPerFramework; _GetPackageFiles; " (valeur précédente : "_LoadPackInputItems; _GetTargetFrameworksOutput; _WalkEachTargetPerFramework; _GetPackageFiles; ") à C:\Program Files\dotnet\sdk\10.0.101\NuGet.Build.Tasks.Pack.targets (59,5)
       C:\Program Files\dotnet\sdk\10.0.101\Sdks\Microsoft.NET.Sdk\Sdk\Sdk.targets(59,5): message : Réassignation de propriété : $(_IsNotSetContainersTargetsDir)="true" (valeur précédente : "false") à C:\Program Files\dotnet\sdk\10.0.101\Sdks\Microsoft.NET.Sdk\Sdk\Sdk.targets (59,5)
       C:\Program Files\dotnet\sdk\10.0.101\Containers\build\Microsoft.NET.Build.Containers.targets(5,5): message : Réassignation de propriété : $(_IsSDKContainerAllowedVersion)="true" (valeur précédente : "false") à C:\Program Files\dotnet\sdk\10.0.101\Containers\build\Microsoft.NET.Build.Containers.targets (5,5)
       C:\Program Files\dotnet\sdk\10.0.101\Containers\build\Microsoft.NET.Build.Containers.targets(15,5): message : Réassignation de propriété : $(_ContainerIsTargetingNet8TFM)="true" (valeur précédente : "false") à C:\Program Files\dotnet\sdk\10.0.101\Containers\build\Microsoft.NET.Build.Containers.targets (15,5)
       Remplacement de la cible "ResolveFrameworkReferences" du projet "C:\Program Files\dotnet\sdk\10.0.101\Microsoft.Common.CurrentVersion.targets" par la cible "ResolveFrameworkReferences" du projet "C:\Program Files\dotnet\sdk\10.0.101\Sdks\Microsoft.NET.Sdk\targets\Microsoft.NET.Sdk.FrameworkReferenceResolution.targets".
       Remplacement de la cible "GenerateSupportedTargetFrameworkAlias" du projet "C:\Program Files\dotnet\sdk\10.0.101\Microsoft.Common.CurrentVersion.targets" par la cible "GenerateSupportedTargetFrameworkAlias" du projet "C:\Program Files\dotnet\sdk\10.0.101\Sdks\Microsoft.NET.Sdk\targets\Microsoft.NET.Sdk.targets".
       Remplacement de la cible "GetReferenceAssemblyPaths" du projet "C:\Program Files\dotnet\sdk\10.0.101\Microsoft.Common.CurrentVersion.targets" par la cible "GetReferenceAssemblyPaths" du projet "C:\Program Files\dotnet\sdk\10.0.101\Sdks\Microsoft.NET.Sdk\targets\Microsoft.NET.DisableStandardFrameworkResolution.targets".
       Remplacement de la cible "GetFrameworkPaths" du projet "C:\Program Files\dotnet\sdk\10.0.101\Microsoft.Common.CurrentVersion.targets" par la cible "GetFrameworkPaths" du projet "C:\Program Files\dotnet\sdk\10.0.101\Sdks\Microsoft.NET.Sdk\targets\Microsoft.NET.DisableStandardFrameworkResolution.targets".
       Remplacement de la cible "DesignerRuntimeImplementationProjectOutputGroup" du projet "C:\Program Files\dotnet\sdk\10.0.101\Microsoft.Common.CurrentVersion.targets" par la cible "DesignerRuntimeImplementationProjectOutputGroup" du projet "C:\Program Files\dotnet\sdk\10.0.101\Sdks\Microsoft.NET.Sdk\targets\Microsoft.NET.DesignerSupport.targets".
       Remplacement de la cible "Publish" du projet "C:\Program Files\dotnet\sdk\10.0.101\Microsoft.Common.CurrentVersion.targets" par la cible "Publish" du projet "C:\Program Files\dotnet\sdk\10.0.101\Sdks\Microsoft.NET.Sdk\targets\Microsoft.NET.Publish.targets".
       Remplacement de la cible "ResolveReadyToRunCompilers" du projet "C:\Program Files\dotnet\sdk\10.0.101\Sdks\Microsoft.NET.Sdk\targets\Microsoft.NET.CrossGen.targets" par la cible "ResolveReadyToRunCompilers" du projet "C:\Program Files\dotnet\sdk\10.0.101\Sdks\Microsoft.NET.Sdk\targets\Microsoft.NET.Publish.targets".
       Remplacement de la cible "GetCopyToPublishDirectoryItems" du projet "C:\Program Files\dotnet\sdk\10.0.101\Microsoft.Common.CurrentVersion.targets" par la cible "GetCopyToPublishDirectoryItems" du projet "C:\Program Files\dotnet\sdk\10.0.101\Sdks\Microsoft.NET.Sdk\targets\Microsoft.NET.Publish.targets".
       Remplacement de la cible "Run" du projet "C:\Program Files\dotnet\sdk\10.0.101\Microsoft.Common.CurrentVersion.targets" par la cible "Run" du projet "C:\Program Files\dotnet\sdk\10.0.101\Sdks\Microsoft.NET.Sdk\targets\Microsoft.NET.Sdk.targets".
     1>Projet "C:\Users\Administrateur\Documents\DossierPartage\PROGRAMATION\SystemeCaisse\SystemeCaisse.Infrastructure\SystemeCaisse.Infrastructure.csproj" sur le nœud 1 (Restore cible(s)).
     1>Cible "_LoadRestoreGraphEntryPoints" dans le fichier "C:\Program Files\dotnet\sdk\10.0.101\NuGet.targets" du projet "C:\Users\Administrateur\Documents\DossierPartage\PROGRAMATION\SystemeCaisse\SystemeCaisse.Infrastructure\SystemeCaisse.Infrastructure.csproj" (la cible "_FilterRestoreGraphProjectInputItems" en dépend) :
     1>Génération de la cible "_LoadRestoreGraphEntryPoints" terminée dans le projet "SystemeCaisse.Infrastructure.csproj".
     1>Cible "_FilterRestoreGraphProjectInputItems" dans le fichier "C:\Program Files\dotnet\sdk\10.0.101\NuGet.targets" du projet "C:\Users\Administrateur\Documents\DossierPartage\PROGRAMATION\SystemeCaisse\SystemeCaisse.Infrastructure\SystemeCaisse.Infrastructure.csproj" (la cible "_GenerateRestoreGraph" en dépend) :
       Utilisation de la tâche "RemoveDuplicates" à partir de l'assembly "Microsoft.Build.Tasks.Core, Version=15.1.0.0, Culture=neutral, PublicKeyToken=b03f5f7f11d50a3a".
       Tâche "RemoveDuplicates"
       Exécution de la tâche "RemoveDuplicates" terminée.
       Utilisation de la tâche "MSBuild" à partir de l'assembly "Microsoft.Build.Tasks.Core, Version=15.1.0.0, Culture=neutral, PublicKeyToken=b03f5f7f11d50a3a".
       Tâche "MSBuild"
         Propriétés globales :
           ExcludeRestorePackageImports=true
     0>C:\Program Files\dotnet\sdk\10.0.101\Sdks\Microsoft.NET.Sdk\Sdk\Sdk.props(49,11): message : Propriété 'MSBuildExtensionsPath' avec la valeur 'C:\Program Files\dotnet\sdk\10.0.101\' développée à partir de l’environnement.
       C:\Program Files\dotnet\sdk\10.0.101\Current\Microsoft.Common.props(60,5): message : Réassignation de propriété : $(MSBuildProjectExtensionsPath)="C:\Users\Administrateur\Documents\DossierPartage\PROGRAMATION\SystemeCaisse\SystemeCaisse.Infrastructure\obj\" (valeur précédente : "obj\") à C:\Program Files\dotnet\sdk\10.0.101\Current\Microsoft.Common.props (60,5)
       C:\Program Files\dotnet\sdk\10.0.101\Current\Microsoft.Common.props(84,119): message : Propriété 'MSBuildUserExtensionsPath' avec la valeur 'C:\Users\Administrateur\AppData\Local\Microsoft\MSBuild' développée à partir de l’environnement.
       C:\Program Files\dotnet\sdk\10.0.101\Sdks\Microsoft.NET.Sdk\targets\Microsoft.NET.Sdk.props(90,5): message : Réassignation de propriété : $(AssemblySearchPaths)="{CandidateAssemblyFiles};{HintPathFromItem}" (valeur précédente : "{CandidateAssemblyFiles}") à C:\Program Files\dotnet\sdk\10.0.101\Sdks\Microsoft.NET.Sdk\targets\Microsoft.NET.Sdk.props (90,5)
       C:\Program Files\dotnet\sdk\10.0.101\Sdks\Microsoft.NET.Sdk\targets\Microsoft.NET.Sdk.props(91,5): message : Réassignation de propriété : $(AssemblySearchPaths)="{CandidateAssemblyFiles};{HintPathFromItem};{TargetFrameworkDirectory}" (valeur précédente : "{CandidateAssemblyFiles};{HintPathFromItem}") à C:\Program Files\dotnet\sdk\10.0.101\Sdks\Microsoft.NET.Sdk\targets\Microsoft.NET.Sdk.props (91,5)
       C:\Program Files\dotnet\sdk\10.0.101\Sdks\Microsoft.NET.Sdk\targets\Microsoft.NET.Sdk.props(92,5): message : Réassignation de propriété : $(AssemblySearchPaths)="{CandidateAssemblyFiles};{HintPathFromItem};{TargetFrameworkDirectory};{RawFileName}" (valeur précédente : "{CandidateAssemblyFiles};{HintPathFromItem};{TargetFrameworkDirectory}") à C:\Program Files\dotnet\sdk\10.0.101\Sdks\Microsoft.NET.Sdk\targets\Microsoft.NET.Sdk.props (92,5)
       C:\Program Files\dotnet\sdk\10.0.101\Sdks\Microsoft.NET.Sdk\targets\Microsoft.NET.Sdk.ImportPublishProfile.targets(28,5): message : Réassignation de propriété : $(PublishProfileImported)="false" (valeur précédente : "true") à C:\Program Files\dotnet\sdk\10.0.101\Sdks\Microsoft.NET.Sdk\targets\Microsoft.NET.Sdk.ImportPublishProfile.targets (28,5)
       C:\Program Files\dotnet\sdk\10.0.101\Sdks\Microsoft.NET.Sdk\targets\Microsoft.NET.TargetFrameworkInference.targets(81,5): message : Réassignation de propriété : $(TargetPlatformVersion)="" (valeur précédente : "0.0") à C:\Program Files\dotnet\sdk\10.0.101\Sdks\Microsoft.NET.Sdk\targets\Microsoft.NET.TargetFrameworkInference.targets (81,5)
       C:\Program Files\dotnet\sdk\10.0.101\Sdks\Microsoft.NET.Sdk\targets\Microsoft.NET.DefaultOutputPaths.targets(127,5): message : Réassignation de propriété : $(DefaultItemExcludes)=";bin\Debug\/**;obj\Debug\/**" (valeur précédente : ";bin\Debug\/**") à C:\Program Files\dotnet\sdk\10.0.101\Sdks\Microsoft.NET.Sdk\targets\Microsoft.NET.DefaultOutputPaths.targets (127,5)
       C:\Program Files\dotnet\sdk\10.0.101\Sdks\Microsoft.NET.Sdk\targets\Microsoft.NET.DefaultOutputPaths.targets(142,5): message : Réassignation de propriété : $(OutputPath)="bin\Debug\net8.0\" (valeur précédente : "bin\Debug\") à C:\Program Files\dotnet\sdk\10.0.101\Sdks\Microsoft.NET.Sdk\targets\Microsoft.NET.DefaultOutputPaths.targets (142,5)
       C:\Program Files\dotnet\sdk\10.0.101\Sdks\Microsoft.NET.Sdk\targets\Microsoft.NET.DefaultOutputPaths.targets(147,5): message : Réassignation de propriété : $(IntermediateOutputPath)="obj\Debug\net8.0\" (valeur précédente : "obj\Debug\") à C:\Program Files\dotnet\sdk\10.0.101\Sdks\Microsoft.NET.Sdk\targets\Microsoft.NET.DefaultOutputPaths.targets (147,5)
       C:\Program Files\dotnet\sdk\10.0.101\Sdks\Microsoft.NET.Sdk\targets\Microsoft.NET.Sdk.BeforeCommon.targets(371,5): message : Réassignation de propriété : $(RoslynTargetsPath)="C:\Program Files\dotnet\sdk\10.0.101\Sdks\Microsoft.NET.Sdk\targets\..\..\..\Roslyn" (valeur précédente : "C:\Program Files\dotnet\sdk\10.0.101\Roslyn") à C:\Program Files\dotnet\sdk\10.0.101\Sdks\Microsoft.NET.Sdk\targets\Microsoft.NET.Sdk.BeforeCommon.targets (371,5)
       C:\Program Files\dotnet\sdk\10.0.101\Roslyn\Microsoft.Managed.Core.targets(6,5): message : Réassignation de propriété : $(_BuildTasksDirectory)="C:\Program Files\dotnet\sdk\10.0.101\Sdks\Microsoft.NET.Sdk\targets\..\..\..\Roslyn\" (valeur précédente : "C:\Program Files\dotnet\sdk\10.0.101\Roslyn\") à C:\Program Files\dotnet\sdk\10.0.101\Roslyn\Microsoft.Managed.Core.targets (6,5)
       C:\Program Files\dotnet\sdk\10.0.101\Roslyn\Microsoft.CSharp.Core.targets(200,5): message : Réassignation de propriété : $(CommandLineArgsForDesignTimeEvaluation)="-langversion:12.0 -define:TRACE" (valeur précédente : "-langversion:12.0") à C:\Program Files\dotnet\sdk\10.0.101\Roslyn\Microsoft.CSharp.Core.targets (200,5)
       C:\Program Files\dotnet\sdk\10.0.101\Microsoft.Common.CurrentVersion.targets(175,5): message : Réassignation de propriété : $(_DebugSymbolsProduced)="true" (valeur précédente : "false") à C:\Program Files\dotnet\sdk\10.0.101\Microsoft.Common.CurrentVersion.targets (175,5)
       C:\Program Files\dotnet\sdk\10.0.101\Microsoft.Common.CurrentVersion.targets(185,5): message : Réassignation de propriété : $(_DocumentationFileProduced)="false" (valeur précédente : "true") à C:\Program Files\dotnet\sdk\10.0.101\Microsoft.Common.CurrentVersion.targets (185,5)
       C:\Program Files\dotnet\sdk\10.0.101\Microsoft.Common.CurrentVersion.targets(392,5): message : Réassignation de propriété : $(MSBuildCopyMarkerName)="SystemeC.A12EA9C1" (valeur précédente : "SystemeCaisse.Infrastructure.csproj") à C:\Program Files\dotnet\sdk\10.0.101\Microsoft.Common.CurrentVersion.targets (392,5)
       C:\Program Files\dotnet\sdk\10.0.101\Microsoft.Common.CurrentVersion.targets(393,5): message : Réassignation de propriété : $(MSBuildCopyMarkerName)="SystemeC.A12EA9C1.Up2Date" (valeur précédente : "SystemeC.A12EA9C1") à C:\Program Files\dotnet\sdk\10.0.101\Microsoft.Common.CurrentVersion.targets (393,5)
       C:\Program Files\dotnet\sdk\10.0.101\Microsoft.Common.CurrentVersion.targets(541,5): message : Réassignation de propriété : $(ProcessorArchitecture)="msil" (valeur précédente : "") à C:\Program Files\dotnet\sdk\10.0.101\Microsoft.Common.CurrentVersion.targets (541,5)
       C:\Program Files\dotnet\sdk\10.0.101\Microsoft.Common.CurrentVersion.targets(580,5): message : Réassignation de propriété : $(DelaySign)="" (valeur précédente : "false") à C:\Program Files\dotnet\sdk\10.0.101\Microsoft.Common.CurrentVersion.targets (580,5)
       C:\Program Files\dotnet\sdk\10.0.101\Microsoft.Common.CurrentVersion.targets(2606,5): message : Propriété 'LOCALAPPDATA' avec la valeur 'C:\Users\Administrateur\AppData\Local' développée à partir de l’environnement.
       C:\Program Files\dotnet\sdk\10.0.101\Microsoft.Common.CurrentVersion.targets(3934,5): message : Réassignation de propriété : $(_SGenGenerateSerializationAssembliesConfig)="Auto" (valeur précédente : "") à C:\Program Files\dotnet\sdk\10.0.101\Microsoft.Common.CurrentVersion.targets (3934,5)
       C:\Program Files\dotnet\sdk\10.0.101\Microsoft.Common.CurrentVersion.targets(3935,5): message : Réassignation de propriété : $(_SGenGenerateSerializationAssembliesConfig)="Off" (valeur précédente : "Auto") à C:\Program Files\dotnet\sdk\10.0.101\Microsoft.Common.CurrentVersion.targets (3935,5)
       C:\Program Files\dotnet\sdk\10.0.101\Microsoft.Common.CurrentVersion.targets(5146,5): message : Réassignation de propriété : $(_TargetsThatPrepareProjectReferences)="
       C:\Program Files\dotnet\sdk\10.0.101\Microsoft.Common.CurrentVersion.targets(5146,5): message :       AssignProjectConfiguration;
       C:\Program Files\dotnet\sdk\10.0.101\Microsoft.Common.CurrentVersion.targets(5146,5): message :       _SplitProjectReferencesByFileExistence
       C:\Program Files\dotnet\sdk\10.0.101\Microsoft.Common.CurrentVersion.targets(5146,5): message :     " (valeur précédente : "_SplitProjectReferencesByFileExistence") à C:\Program Files\dotnet\sdk\10.0.101\Microsoft.Common.CurrentVersion.targets (5146,5)
       C:\Program Files\dotnet\sdk\10.0.101\Microsoft.Common.CurrentVersion.targets(6959,5): message : Propriété 'MSBuildExtensionsPath32' avec la valeur 'C:\Program Files\dotnet\sdk\10.0.101' développée à partir de l’environnement.
       La propriété "NuGetInteractive" est une propriété globale et elle ne peut pas être modifiée.
       C:\Program Files\dotnet\sdk\10.0.101\Sdks\Microsoft.NET.Sdk\targets\Microsoft.PackageDependencyResolution.targets(24,5): message : Réassignation de propriété : $(ProjectAssetsFile)="C:\Users\Administrateur\Documents\DossierPartage\PROGRAMATION\SystemeCaisse\SystemeCaisse.Infrastructure\obj\project.assets.json" (valeur précédente : "C:\Users\Administrateur\Documents\DossierPartage\PROGRAMATION\SystemeCaisse\SystemeCaisse.Infrastructure\obj\/project.assets.json") à C:\Program Files\dotnet\sdk\10.0.101\Sdks\Microsoft.NET.Sdk\targets\Microsoft.PackageDependencyResolution.targets (24,5)
       C:\Program Files\dotnet\sdk\10.0.101\Sdks\Microsoft.NET.Sdk\targets\Microsoft.PackageDependencyResolution.targets(29,5): message : Réassignation de propriété : $(ProjectAssetsCacheFile)="C:\Users\Administrateur\Documents\DossierPartage\PROGRAMATION\SystemeCaisse\SystemeCaisse.Infrastructure\obj\Debug\net8.0\SystemeCaisse.Infrastructure.assets.cache" (valeur précédente : "obj\Debug\net8.0\SystemeCaisse.Infrastructure.assets.cache") à C:\Program Files\dotnet\sdk\10.0.101\Sdks\Microsoft.NET.Sdk\targets\Microsoft.PackageDependencyResolution.targets (29,5)
       C:\Program Files\dotnet\sdk\10.0.101\Sdks\Microsoft.NET.Sdk\targets\Microsoft.PackageDependencyResolution.targets(80,5): message : Réassignation de propriété : $(ResolveAssemblyReferencesDependsOn)="
       C:\Program Files\dotnet\sdk\10.0.101\Sdks\Microsoft.NET.Sdk\targets\Microsoft.PackageDependencyResolution.targets(80,5): message :       
       C:\Program Files\dotnet\sdk\10.0.101\Sdks\Microsoft.NET.Sdk\targets\Microsoft.PackageDependencyResolution.targets(80,5): message :       ResolveProjectReferences;
       C:\Program Files\dotnet\sdk\10.0.101\Sdks\Microsoft.NET.Sdk\targets\Microsoft.PackageDependencyResolution.targets(80,5): message :       FindInvalidProjectReferences;
       C:\Program Files\dotnet\sdk\10.0.101\Sdks\Microsoft.NET.Sdk\targets\Microsoft.PackageDependencyResolution.targets(80,5): message :       GetFrameworkPaths;
       C:\Program Files\dotnet\sdk\10.0.101\Sdks\Microsoft.NET.Sdk\targets\Microsoft.PackageDependencyResolution.targets(80,5): message :       GetReferenceAssemblyPaths;
       C:\Program Files\dotnet\sdk\10.0.101\Sdks\Microsoft.NET.Sdk\targets\Microsoft.PackageDependencyResolution.targets(80,5): message :       PrepareForBuild;
       C:\Program Files\dotnet\sdk\10.0.101\Sdks\Microsoft.NET.Sdk\targets\Microsoft.PackageDependencyResolution.targets(80,5): message :       ResolveSDKReferences;
       C:\Program Files\dotnet\sdk\10.0.101\Sdks\Microsoft.NET.Sdk\targets\Microsoft.PackageDependencyResolution.targets(80,5): message :       ExpandSDKReferences;
       C:\Program Files\dotnet\sdk\10.0.101\Sdks\Microsoft.NET.Sdk\targets\Microsoft.PackageDependencyResolution.targets(80,5): message :     ;
       C:\Program Files\dotnet\sdk\10.0.101\Sdks\Microsoft.NET.Sdk\targets\Microsoft.PackageDependencyResolution.targets(80,5): message :       ResolvePackageDependenciesForBuild;
       C:\Program Files\dotnet\sdk\10.0.101\Sdks\Microsoft.NET.Sdk\targets\Microsoft.PackageDependencyResolution.targets(80,5): message :       _HandlePackageFileConflicts;
       C:\Program Files\dotnet\sdk\10.0.101\Sdks\Microsoft.NET.Sdk\targets\Microsoft.PackageDependencyResolution.targets(80,5): message :     " (valeur précédente : "
       C:\Program Files\dotnet\sdk\10.0.101\Sdks\Microsoft.NET.Sdk\targets\Microsoft.PackageDependencyResolution.targets(80,5): message :       ResolveProjectReferences;
       C:\Program Files\dotnet\sdk\10.0.101\Sdks\Microsoft.NET.Sdk\targets\Microsoft.PackageDependencyResolution.targets(80,5): message :       FindInvalidProjectReferences;
       C:\Program Files\dotnet\sdk\10.0.101\Sdks\Microsoft.NET.Sdk\targets\Microsoft.PackageDependencyResolution.targets(80,5): message :       GetFrameworkPaths;
       C:\Program Files\dotnet\sdk\10.0.101\Sdks\Microsoft.NET.Sdk\targets\Microsoft.PackageDependencyResolution.targets(80,5): message :       GetReferenceAssemblyPaths;
       C:\Program Files\dotnet\sdk\10.0.101\Sdks\Microsoft.NET.Sdk\targets\Microsoft.PackageDependencyResolution.targets(80,5): message :       PrepareForBuild;
       C:\Program Files\dotnet\sdk\10.0.101\Sdks\Microsoft.NET.Sdk\targets\Microsoft.PackageDependencyResolution.targets(80,5): message :       ResolveSDKReferences;
       C:\Program Files\dotnet\sdk\10.0.101\Sdks\Microsoft.NET.Sdk\targets\Microsoft.PackageDependencyResolution.targets(80,5): message :       ExpandSDKReferences;
       C:\Program Files\dotnet\sdk\10.0.101\Sdks\Microsoft.NET.Sdk\targets\Microsoft.PackageDependencyResolution.targets(80,5): message :     ") à C:\Program Files\dotnet\sdk\10.0.101\Sdks\Microsoft.NET.Sdk\targets\Microsoft.PackageDependencyResolution.targets (80,5)
       C:\Program Files\dotnet\sdk\10.0.101\Sdks\Microsoft.NET.Sdk\targets\Microsoft.PackageDependencyResolution.targets(86,5): message : Réassignation de propriété : $(PrepareResourcesDependsOn)="
       C:\Program Files\dotnet\sdk\10.0.101\Sdks\Microsoft.NET.Sdk\targets\Microsoft.PackageDependencyResolution.targets(86,5): message :       ResolvePackageDependenciesForBuild;
       C:\Program Files\dotnet\sdk\10.0.101\Sdks\Microsoft.NET.Sdk\targets\Microsoft.PackageDependencyResolution.targets(86,5): message :       _HandlePackageFileConflicts;
       C:\Program Files\dotnet\sdk\10.0.101\Sdks\Microsoft.NET.Sdk\targets\Microsoft.PackageDependencyResolution.targets(86,5): message :       
       C:\Program Files\dotnet\sdk\10.0.101\Sdks\Microsoft.NET.Sdk\targets\Microsoft.PackageDependencyResolution.targets(86,5): message :       ;
       C:\Program Files\dotnet\sdk\10.0.101\Sdks\Microsoft.NET.Sdk\targets\Microsoft.PackageDependencyResolution.targets(86,5): message :       PrepareResourceNames;
       C:\Program Files\dotnet\sdk\10.0.101\Sdks\Microsoft.NET.Sdk\targets\Microsoft.PackageDependencyResolution.targets(86,5): message :       ResGen;
       C:\Program Files\dotnet\sdk\10.0.101\Sdks\Microsoft.NET.Sdk\targets\Microsoft.PackageDependencyResolution.targets(86,5): message :       CompileLicxFiles
       C:\Program Files\dotnet\sdk\10.0.101\Sdks\Microsoft.NET.Sdk\targets\Microsoft.PackageDependencyResolution.targets(86,5): message :     
       C:\Program Files\dotnet\sdk\10.0.101\Sdks\Microsoft.NET.Sdk\targets\Microsoft.PackageDependencyResolution.targets(86,5): message :     " (valeur précédente : "
       C:\Program Files\dotnet\sdk\10.0.101\Sdks\Microsoft.NET.Sdk\targets\Microsoft.PackageDependencyResolution.targets(86,5): message :       ;
       C:\Program Files\dotnet\sdk\10.0.101\Sdks\Microsoft.NET.Sdk\targets\Microsoft.PackageDependencyResolution.targets(86,5): message :       PrepareResourceNames;
       C:\Program Files\dotnet\sdk\10.0.101\Sdks\Microsoft.NET.Sdk\targets\Microsoft.PackageDependencyResolution.targets(86,5): message :       ResGen;
       C:\Program Files\dotnet\sdk\10.0.101\Sdks\Microsoft.NET.Sdk\targets\Microsoft.PackageDependencyResolution.targets(86,5): message :       CompileLicxFiles
       C:\Program Files\dotnet\sdk\10.0.101\Sdks\Microsoft.NET.Sdk\targets\Microsoft.PackageDependencyResolution.targets(86,5): message :     ") à C:\Program Files\dotnet\sdk\10.0.101\Sdks\Microsoft.NET.Sdk\targets\Microsoft.PackageDependencyResolution.targets (86,5)
       La propriété "EnableDefaultCompileItems" est une propriété globale et elle ne peut pas être modifiée.
       La propriété "EnableDefaultEmbeddedResourceItems" est une propriété globale et elle ne peut pas être modifiée.
       La propriété "EnableDefaultNoneItems" est une propriété globale et elle ne peut pas être modifiée.
       C:\Program Files\dotnet\sdk\10.0.101\Sdks\Microsoft.NET.Sdk\targets\Microsoft.NET.Sdk.DefaultItems.targets(35,5): message : Réassignation de propriété : $(DefaultItemExcludes)=";bin\Debug\/**;obj\Debug\/**;bin\/**" (valeur précédente : ";bin\Debug\/**;obj\Debug\/**") à C:\Program Files\dotnet\sdk\10.0.101\Sdks\Microsoft.NET.Sdk\targets\Microsoft.NET.Sdk.DefaultItems.targets (35,5)
       C:\Program Files\dotnet\sdk\10.0.101\Sdks\Microsoft.NET.Sdk\targets\Microsoft.NET.Sdk.DefaultItems.targets(37,5): message : Réassignation de propriété : $(DefaultItemExcludes)=";bin\Debug\/**;obj\Debug\/**;bin\/**;obj\/**" (valeur précédente : ";bin\Debug\/**;obj\Debug\/**;bin\/**") à C:\Program Files\dotnet\sdk\10.0.101\Sdks\Microsoft.NET.Sdk\targets\Microsoft.NET.Sdk.DefaultItems.targets (37,5)
       C:\Program Files\dotnet\sdk\10.0.101\Sdks\Microsoft.NET.Sdk\targets\Microsoft.NET.Sdk.DefaultItems.targets(40,5): message : Réassignation de propriété : $(DefaultItemExcludes)=";bin\Debug\/**;obj\Debug\/**;bin\/**;obj\/**;**/*.user" (valeur précédente : ";bin\Debug\/**;obj\Debug\/**;bin\/**;obj\/**") à C:\Program Files\dotnet\sdk\10.0.101\Sdks\Microsoft.NET.Sdk\targets\Microsoft.NET.Sdk.DefaultItems.targets (40,5)
       C:\Program Files\dotnet\sdk\10.0.101\Sdks\Microsoft.NET.Sdk\targets\Microsoft.NET.Sdk.DefaultItems.targets(41,5): message : Réassignation de propriété : $(DefaultItemExcludes)=";bin\Debug\/**;obj\Debug\/**;bin\/**;obj\/**;**/*.user;**/*.*proj" (valeur précédente : ";bin\Debug\/**;obj\Debug\/**;bin\/**;obj\/**;**/*.user") à C:\Program Files\dotnet\sdk\10.0.101\Sdks\Microsoft.NET.Sdk\targets\Microsoft.NET.Sdk.DefaultItems.targets (41,5)
       C:\Program Files\dotnet\sdk\10.0.101\Sdks\Microsoft.NET.Sdk\targets\Microsoft.NET.Sdk.DefaultItems.targets(42,5): message : Réassignation de propriété : $(DefaultItemExcludes)=";bin\Debug\/**;obj\Debug\/**;bin\/**;obj\/**;**/*.user;**/*.*proj;**/*.sln" (valeur précédente : ";bin\Debug\/**;obj\Debug\/**;bin\/**;obj\/**;**/*.user;**/*.*proj") à C:\Program Files\dotnet\sdk\10.0.101\Sdks\Microsoft.NET.Sdk\targets\Microsoft.NET.Sdk.DefaultItems.targets (42,5)
       C:\Program Files\dotnet\sdk\10.0.101\Sdks\Microsoft.NET.Sdk\targets\Microsoft.NET.Sdk.DefaultItems.targets(43,5): message : Réassignation de propriété : $(DefaultItemExcludes)=";bin\Debug\/**;obj\Debug\/**;bin\/**;obj\/**;**/*.user;**/*.*proj;**/*.sln;**/*.slnx" (valeur précédente : ";bin\Debug\/**;obj\Debug\/**;bin\/**;obj\/**;**/*.user;**/*.*proj;**/*.sln") à C:\Program Files\dotnet\sdk\10.0.101\Sdks\Microsoft.NET.Sdk\targets\Microsoft.NET.Sdk.DefaultItems.targets (43,5)
       C:\Program Files\dotnet\sdk\10.0.101\Sdks\Microsoft.NET.Sdk\targets\Microsoft.NET.Sdk.DefaultItems.targets(44,5): message : Réassignation de propriété : $(DefaultItemExcludes)=";bin\Debug\/**;obj\Debug\/**;bin\/**;obj\/**;**/*.user;**/*.*proj;**/*.sln;**/*.slnx;**/*.vssscc" (valeur précédente : ";bin\Debug\/**;obj\Debug\/**;bin\/**;obj\/**;**/*.user;**/*.*proj;**/*.sln;**/*.slnx") à C:\Program Files\dotnet\sdk\10.0.101\Sdks\Microsoft.NET.Sdk\targets\Microsoft.NET.Sdk.DefaultItems.targets (44,5)
       C:\Program Files\dotnet\sdk\10.0.101\Sdks\Microsoft.NET.Sdk\targets\Microsoft.NET.Sdk.DefaultItems.targets(45,5): message : Réassignation de propriété : $(DefaultItemExcludes)=";bin\Debug\/**;obj\Debug\/**;bin\/**;obj\/**;**/*.user;**/*.*proj;**/*.sln;**/*.slnx;**/*.vssscc;**/.DS_Store" (valeur précédente : ";bin\Debug\/**;obj\Debug\/**;bin\/**;obj\/**;**/*.user;**/*.*proj;**/*.sln;**/*.slnx;**/*.vssscc") à C:\Program Files\dotnet\sdk\10.0.101\Sdks\Microsoft.NET.Sdk\targets\Microsoft.NET.Sdk.DefaultItems.targets (45,5)
       C:\Program Files\dotnet\sdk\10.0.101\Sdks\Microsoft.NET.Sdk\targets\Microsoft.NET.Sdk.FrameworkReferenceResolution.targets(14,5): message : Réassignation de propriété : $(ResolveAssemblyReferencesDependsOn)="
       C:\Program Files\dotnet\sdk\10.0.101\Sdks\Microsoft.NET.Sdk\targets\Microsoft.NET.Sdk.FrameworkReferenceResolution.targets(14,5): message :       
       C:\Program Files\dotnet\sdk\10.0.101\Sdks\Microsoft.NET.Sdk\targets\Microsoft.NET.Sdk.FrameworkReferenceResolution.targets(14,5): message :       
       C:\Program Files\dotnet\sdk\10.0.101\Sdks\Microsoft.NET.Sdk\targets\Microsoft.NET.Sdk.FrameworkReferenceResolution.targets(14,5): message :       ResolveProjectReferences;
       C:\Program Files\dotnet\sdk\10.0.101\Sdks\Microsoft.NET.Sdk\targets\Microsoft.NET.Sdk.FrameworkReferenceResolution.targets(14,5): message :       FindInvalidProjectReferences;
       C:\Program Files\dotnet\sdk\10.0.101\Sdks\Microsoft.NET.Sdk\targets\Microsoft.NET.Sdk.FrameworkReferenceResolution.targets(14,5): message :       GetFrameworkPaths;
       C:\Program Files\dotnet\sdk\10.0.101\Sdks\Microsoft.NET.Sdk\targets\Microsoft.NET.Sdk.FrameworkReferenceResolution.targets(14,5): message :       GetReferenceAssemblyPaths;
       C:\Program Files\dotnet\sdk\10.0.101\Sdks\Microsoft.NET.Sdk\targets\Microsoft.NET.Sdk.FrameworkReferenceResolution.targets(14,5): message :       PrepareForBuild;
       C:\Program Files\dotnet\sdk\10.0.101\Sdks\Microsoft.NET.Sdk\targets\Microsoft.NET.Sdk.FrameworkReferenceResolution.targets(14,5): message :       ResolveSDKReferences;
       C:\Program Files\dotnet\sdk\10.0.101\Sdks\Microsoft.NET.Sdk\targets\Microsoft.NET.Sdk.FrameworkReferenceResolution.targets(14,5): message :       ExpandSDKReferences;
       C:\Program Files\dotnet\sdk\10.0.101\Sdks\Microsoft.NET.Sdk\targets\Microsoft.NET.Sdk.FrameworkReferenceResolution.targets(14,5): message :     ;
       C:\Program Files\dotnet\sdk\10.0.101\Sdks\Microsoft.NET.Sdk\targets\Microsoft.NET.Sdk.FrameworkReferenceResolution.targets(14,5): message :       ResolvePackageDependenciesForBuild;
       C:\Program Files\dotnet\sdk\10.0.101\Sdks\Microsoft.NET.Sdk\targets\Microsoft.NET.Sdk.FrameworkReferenceResolution.targets(14,5): message :       _HandlePackageFileConflicts;
       C:\Program Files\dotnet\sdk\10.0.101\Sdks\Microsoft.NET.Sdk\targets\Microsoft.NET.Sdk.FrameworkReferenceResolution.targets(14,5): message :     ;
       C:\Program Files\dotnet\sdk\10.0.101\Sdks\Microsoft.NET.Sdk\targets\Microsoft.NET.Sdk.FrameworkReferenceResolution.targets(14,5): message :       ResolveTargetingPackAssets;
       C:\Program Files\dotnet\sdk\10.0.101\Sdks\Microsoft.NET.Sdk\targets\Microsoft.NET.Sdk.FrameworkReferenceResolution.targets(14,5): message :     " (valeur précédente : "
       C:\Program Files\dotnet\sdk\10.0.101\Sdks\Microsoft.NET.Sdk\targets\Microsoft.NET.Sdk.FrameworkReferenceResolution.targets(14,5): message :       
       C:\Program Files\dotnet\sdk\10.0.101\Sdks\Microsoft.NET.Sdk\targets\Microsoft.NET.Sdk.FrameworkReferenceResolution.targets(14,5): message :       ResolveProjectReferences;
       C:\Program Files\dotnet\sdk\10.0.101\Sdks\Microsoft.NET.Sdk\targets\Microsoft.NET.Sdk.FrameworkReferenceResolution.targets(14,5): message :       FindInvalidProjectReferences;
       C:\Program Files\dotnet\sdk\10.0.101\Sdks\Microsoft.NET.Sdk\targets\Microsoft.NET.Sdk.FrameworkReferenceResolution.targets(14,5): message :       GetFrameworkPaths;
       C:\Program Files\dotnet\sdk\10.0.101\Sdks\Microsoft.NET.Sdk\targets\Microsoft.NET.Sdk.FrameworkReferenceResolution.targets(14,5): message :       GetReferenceAssemblyPaths;
       C:\Program Files\dotnet\sdk\10.0.101\Sdks\Microsoft.NET.Sdk\targets\Microsoft.NET.Sdk.FrameworkReferenceResolution.targets(14,5): message :       PrepareForBuild;
       C:\Program Files\dotnet\sdk\10.0.101\Sdks\Microsoft.NET.Sdk\targets\Microsoft.NET.Sdk.FrameworkReferenceResolution.targets(14,5): message :       ResolveSDKReferences;
       C:\Program Files\dotnet\sdk\10.0.101\Sdks\Microsoft.NET.Sdk\targets\Microsoft.NET.Sdk.FrameworkReferenceResolution.targets(14,5): message :       ExpandSDKReferences;
       C:\Program Files\dotnet\sdk\10.0.101\Sdks\Microsoft.NET.Sdk\targets\Microsoft.NET.Sdk.FrameworkReferenceResolution.targets(14,5): message :     ;
       C:\Program Files\dotnet\sdk\10.0.101\Sdks\Microsoft.NET.Sdk\targets\Microsoft.NET.Sdk.FrameworkReferenceResolution.targets(14,5): message :       ResolvePackageDependenciesForBuild;
       C:\Program Files\dotnet\sdk\10.0.101\Sdks\Microsoft.NET.Sdk\targets\Microsoft.NET.Sdk.FrameworkReferenceResolution.targets(14,5): message :       _HandlePackageFileConflicts;
       C:\Program Files\dotnet\sdk\10.0.101\Sdks\Microsoft.NET.Sdk\targets\Microsoft.NET.Sdk.FrameworkReferenceResolution.targets(14,5): message :     ") à C:\Program Files\dotnet\sdk\10.0.101\Sdks\Microsoft.NET.Sdk\targets\Microsoft.NET.Sdk.FrameworkReferenceResolution.targets (14,5)
       C:\Program Files\dotnet\sdk\10.0.101\Sdks\Microsoft.NET.Sdk\targets\Microsoft.NET.Sdk.targets(44,5): message : Réassignation de propriété : $(_GenerateRuntimeConfigurationPropertyInputsCache)="C:\Users\Administrateur\Documents\DossierPartage\PROGRAMATION\SystemeCaisse\SystemeCaisse.Infrastructure\obj\Debug\net8.0\SystemeCaisse.Infrastructure.genruntimeconfig.cache" (valeur précédente : "obj\Debug\net8.0\SystemeCaisse.Infrastructure.genruntimeconfig.cache") à C:\Program Files\dotnet\sdk\10.0.101\Sdks\Microsoft.NET.Sdk\targets\Microsoft.NET.Sdk.targets (44,5)
       C:\Program Files\dotnet\sdk\10.0.101\Sdks\Microsoft.NET.Sdk\targets\Microsoft.NET.Sdk.targets(46,5): message : Réassignation de propriété : $(_GeneratePublishDependencyFilePropertyInputsCache)="C:\Users\Administrateur\Documents\DossierPartage\PROGRAMATION\SystemeCaisse\SystemeCaisse.Infrastructure\obj\Debug\net8.0\SystemeCaisse.Infrastructure.genpublishdeps.cache" (valeur précédente : "obj\Debug\net8.0\SystemeCaisse.Infrastructure.genpublishdeps.cache") à C:\Program Files\dotnet\sdk\10.0.101\Sdks\Microsoft.NET.Sdk\targets\Microsoft.NET.Sdk.targets (46,5)
       C:\Program Files\dotnet\sdk\10.0.101\Sdks\Microsoft.NET.Sdk\targets\Microsoft.NET.Sdk.targets(48,5): message : Réassignation de propriété : $(_GenerateSingleFileBundlePropertyInputsCache)="C:\Users\Administrateur\Documents\DossierPartage\PROGRAMATION\SystemeCaisse\SystemeCaisse.Infrastructure\obj\Debug\net8.0\SystemeCaisse.Infrastructure.genbundle.cache" (valeur précédente : "obj\Debug\net8.0\SystemeCaisse.Infrastructure.genbundle.cache") à C:\Program Files\dotnet\sdk\10.0.101\Sdks\Microsoft.NET.Sdk\targets\Microsoft.NET.Sdk.targets (48,5)
       C:\Program Files\dotnet\sdk\10.0.101\Sdks\Microsoft.NET.Sdk\targets\Microsoft.NET.Sdk.targets(81,5): message : Réassignation de propriété : $(GenerateRuntimeConfigDevFile)="false" (valeur précédente : "true") à C:\Program Files\dotnet\sdk\10.0.101\Sdks\Microsoft.NET.Sdk\targets\Microsoft.NET.Sdk.targets (81,5)
       C:\Program Files\dotnet\sdk\10.0.101\Sdks\Microsoft.NET.Sdk\targets\Microsoft.NET.Sdk.targets(98,5): message : Propriété 'USERPROFILE' avec la valeur 'C:\Users\Administrateur' développée à partir de l’environnement.
       C:\Program Files\dotnet\sdk\10.0.101\Sdks\Microsoft.NET.Sdk\targets\Microsoft.NET.Sdk.targets(98,5): message : Réassignation de propriété : $(_DefaultUserProfileRuntimeStorePath)="C:\Users\Administrateur" (valeur précédente : "") à C:\Program Files\dotnet\sdk\10.0.101\Sdks\Microsoft.NET.Sdk\targets\Microsoft.NET.Sdk.targets (98,5)
       C:\Program Files\dotnet\sdk\10.0.101\Sdks\Microsoft.NET.Sdk\targets\Microsoft.NET.Sdk.targets(99,5): message : Réassignation de propriété : $(_DefaultUserProfileRuntimeStorePath)="C:\Users\Administrateur\.dotnet\store" (valeur précédente : "C:\Users\Administrateur") à C:\Program Files\dotnet\sdk\10.0.101\Sdks\Microsoft.NET.Sdk\targets\Microsoft.NET.Sdk.targets (99,5)
       C:\Program Files\dotnet\sdk\10.0.101\Sdks\Microsoft.NET.Sdk\targets\Microsoft.NET.Sdk.targets(144,5): message : Réassignation de propriété : $(AvailablePlatforms)="Any CPU,x86,x64,ARM32" (valeur précédente : "Any CPU,x86,x64") à C:\Program Files\dotnet\sdk\10.0.101\Sdks\Microsoft.NET.Sdk\targets\Microsoft.NET.Sdk.targets (144,5)
       C:\Program Files\dotnet\sdk\10.0.101\Sdks\Microsoft.NET.Sdk\targets\Microsoft.NET.Sdk.targets(148,5): message : Réassignation de propriété : $(AvailablePlatforms)="Any CPU,x86,x64,ARM32,ARM64" (valeur précédente : "Any CPU,x86,x64,ARM32") à C:\Program Files\dotnet\sdk\10.0.101\Sdks\Microsoft.NET.Sdk\targets\Microsoft.NET.Sdk.targets (148,5)
       C:\Program Files\dotnet\sdk\10.0.101\Sdks\Microsoft.NET.Sdk\targets\Microsoft.NET.Sdk.targets(204,5): message : Réassignation de propriété : $(CoreBuildDependsOn)="
       C:\Program Files\dotnet\sdk\10.0.101\Sdks\Microsoft.NET.Sdk\targets\Microsoft.NET.Sdk.targets(204,5): message :       _CheckForBuildWithNoBuild;
       C:\Program Files\dotnet\sdk\10.0.101\Sdks\Microsoft.NET.Sdk\targets\Microsoft.NET.Sdk.targets(204,5): message :       
       C:\Program Files\dotnet\sdk\10.0.101\Sdks\Microsoft.NET.Sdk\targets\Microsoft.NET.Sdk.targets(204,5): message :       BuildOnlySettings;
       C:\Program Files\dotnet\sdk\10.0.101\Sdks\Microsoft.NET.Sdk\targets\Microsoft.NET.Sdk.targets(204,5): message :       PrepareForBuild;
       C:\Program Files\dotnet\sdk\10.0.101\Sdks\Microsoft.NET.Sdk\targets\Microsoft.NET.Sdk.targets(204,5): message :       PreBuildEvent;
       C:\Program Files\dotnet\sdk\10.0.101\Sdks\Microsoft.NET.Sdk\targets\Microsoft.NET.Sdk.targets(204,5): message :       ResolveReferences;
       C:\Program Files\dotnet\sdk\10.0.101\Sdks\Microsoft.NET.Sdk\targets\Microsoft.NET.Sdk.targets(204,5): message :       PrepareResources;
       C:\Program Files\dotnet\sdk\10.0.101\Sdks\Microsoft.NET.Sdk\targets\Microsoft.NET.Sdk.targets(204,5): message :       ResolveKeySource;
       C:\Program Files\dotnet\sdk\10.0.101\Sdks\Microsoft.NET.Sdk\targets\Microsoft.NET.Sdk.targets(204,5): message :       Compile;
       C:\Program Files\dotnet\sdk\10.0.101\Sdks\Microsoft.NET.Sdk\targets\Microsoft.NET.Sdk.targets(204,5): message :       ExportWindowsMDFile;
       C:\Program Files\dotnet\sdk\10.0.101\Sdks\Microsoft.NET.Sdk\targets\Microsoft.NET.Sdk.targets(204,5): message :       UnmanagedUnregistration;
       C:\Program Files\dotnet\sdk\10.0.101\Sdks\Microsoft.NET.Sdk\targets\Microsoft.NET.Sdk.targets(204,5): message :       GenerateSerializationAssemblies;
       C:\Program Files\dotnet\sdk\10.0.101\Sdks\Microsoft.NET.Sdk\targets\Microsoft.NET.Sdk.targets(204,5): message :       CreateSatelliteAssemblies;
       C:\Program Files\dotnet\sdk\10.0.101\Sdks\Microsoft.NET.Sdk\targets\Microsoft.NET.Sdk.targets(204,5): message :       GenerateManifests;
       C:\Program Files\dotnet\sdk\10.0.101\Sdks\Microsoft.NET.Sdk\targets\Microsoft.NET.Sdk.targets(204,5): message :       GetTargetPath;
       C:\Program Files\dotnet\sdk\10.0.101\Sdks\Microsoft.NET.Sdk\targets\Microsoft.NET.Sdk.targets(204,5): message :       PrepareForRun;
       C:\Program Files\dotnet\sdk\10.0.101\Sdks\Microsoft.NET.Sdk\targets\Microsoft.NET.Sdk.targets(204,5): message :       UnmanagedRegistration;
       C:\Program Files\dotnet\sdk\10.0.101\Sdks\Microsoft.NET.Sdk\targets\Microsoft.NET.Sdk.targets(204,5): message :       IncrementalClean;
       C:\Program Files\dotnet\sdk\10.0.101\Sdks\Microsoft.NET.Sdk\targets\Microsoft.NET.Sdk.targets(204,5): message :       PostBuildEvent
       C:\Program Files\dotnet\sdk\10.0.101\Sdks\Microsoft.NET.Sdk\targets\Microsoft.NET.Sdk.targets(204,5): message :     ;
       C:\Program Files\dotnet\sdk\10.0.101\Sdks\Microsoft.NET.Sdk\targets\Microsoft.NET.Sdk.targets(204,5): message :       GenerateBuildDependencyFile;
       C:\Program Files\dotnet\sdk\10.0.101\Sdks\Microsoft.NET.Sdk\targets\Microsoft.NET.Sdk.targets(204,5): message :       GenerateBuildRuntimeConfigurationFiles
       C:\Program Files\dotnet\sdk\10.0.101\Sdks\Microsoft.NET.Sdk\targets\Microsoft.NET.Sdk.targets(204,5): message :     " (valeur précédente : "
       C:\Program Files\dotnet\sdk\10.0.101\Sdks\Microsoft.NET.Sdk\targets\Microsoft.NET.Sdk.targets(204,5): message :       BuildOnlySettings;
       C:\Program Files\dotnet\sdk\10.0.101\Sdks\Microsoft.NET.Sdk\targets\Microsoft.NET.Sdk.targets(204,5): message :       PrepareForBuild;
       C:\Program Files\dotnet\sdk\10.0.101\Sdks\Microsoft.NET.Sdk\targets\Microsoft.NET.Sdk.targets(204,5): message :       PreBuildEvent;
       C:\Program Files\dotnet\sdk\10.0.101\Sdks\Microsoft.NET.Sdk\targets\Microsoft.NET.Sdk.targets(204,5): message :       ResolveReferences;
       C:\Program Files\dotnet\sdk\10.0.101\Sdks\Microsoft.NET.Sdk\targets\Microsoft.NET.Sdk.targets(204,5): message :       PrepareResources;
       C:\Program Files\dotnet\sdk\10.0.101\Sdks\Microsoft.NET.Sdk\targets\Microsoft.NET.Sdk.targets(204,5): message :       ResolveKeySource;
       C:\Program Files\dotnet\sdk\10.0.101\Sdks\Microsoft.NET.Sdk\targets\Microsoft.NET.Sdk.targets(204,5): message :       Compile;
       C:\Program Files\dotnet\sdk\10.0.101\Sdks\Microsoft.NET.Sdk\targets\Microsoft.NET.Sdk.targets(204,5): message :       ExportWindowsMDFile;
       C:\Program Files\dotnet\sdk\10.0.101\Sdks\Microsoft.NET.Sdk\targets\Microsoft.NET.Sdk.targets(204,5): message :       UnmanagedUnregistration;
       C:\Program Files\dotnet\sdk\10.0.101\Sdks\Microsoft.NET.Sdk\targets\Microsoft.NET.Sdk.targets(204,5): message :       GenerateSerializationAssemblies;
       C:\Program Files\dotnet\sdk\10.0.101\Sdks\Microsoft.NET.Sdk\targets\Microsoft.NET.Sdk.targets(204,5): message :       CreateSatelliteAssemblies;
       C:\Program Files\dotnet\sdk\10.0.101\Sdks\Microsoft.NET.Sdk\targets\Microsoft.NET.Sdk.targets(204,5): message :       GenerateManifests;
       C:\Program Files\dotnet\sdk\10.0.101\Sdks\Microsoft.NET.Sdk\targets\Microsoft.NET.Sdk.targets(204,5): message :       GetTargetPath;
       C:\Program Files\dotnet\sdk\10.0.101\Sdks\Microsoft.NET.Sdk\targets\Microsoft.NET.Sdk.targets(204,5): message :       PrepareForRun;
       C:\Program Files\dotnet\sdk\10.0.101\Sdks\Microsoft.NET.Sdk\targets\Microsoft.NET.Sdk.targets(204,5): message :       UnmanagedRegistration;
       C:\Program Files\dotnet\sdk\10.0.101\Sdks\Microsoft.NET.Sdk\targets\Microsoft.NET.Sdk.targets(204,5): message :       IncrementalClean;
       C:\Program Files\dotnet\sdk\10.0.101\Sdks\Microsoft.NET.Sdk\targets\Microsoft.NET.Sdk.targets(204,5): message :       PostBuildEvent
       C:\Program Files\dotnet\sdk\10.0.101\Sdks\Microsoft.NET.Sdk\targets\Microsoft.NET.Sdk.targets(204,5): message :     ") à C:\Program Files\dotnet\sdk\10.0.101\Sdks\Microsoft.NET.Sdk\targets\Microsoft.NET.Sdk.targets (204,5)
       C:\Program Files\dotnet\sdk\10.0.101\Sdks\Microsoft.NET.Sdk\targets\Microsoft.NET.Sdk.targets(213,5): message : Réassignation de propriété : $(CoreCleanDependsOn)="
       C:\Program Files\dotnet\sdk\10.0.101\Sdks\Microsoft.NET.Sdk\targets\Microsoft.NET.Sdk.targets(213,5): message :       _SdkBeforeClean;
       C:\Program Files\dotnet\sdk\10.0.101\Sdks\Microsoft.NET.Sdk\targets\Microsoft.NET.Sdk.targets(213,5): message :       
       C:\Program Files\dotnet\sdk\10.0.101\Sdks\Microsoft.NET.Sdk\targets\Microsoft.NET.Sdk.targets(213,5): message :     " (valeur précédente : "") à C:\Program Files\dotnet\sdk\10.0.101\Sdks\Microsoft.NET.Sdk\targets\Microsoft.NET.Sdk.targets (213,5)
       C:\Program Files\dotnet\sdk\10.0.101\Sdks\Microsoft.NET.Sdk\targets\Microsoft.NET.Sdk.targets(220,5): message : Réassignation de propriété : $(RebuildDependsOn)="
       C:\Program Files\dotnet\sdk\10.0.101\Sdks\Microsoft.NET.Sdk\targets\Microsoft.NET.Sdk.targets(220,5): message :       _SdkBeforeRebuild;
       C:\Program Files\dotnet\sdk\10.0.101\Sdks\Microsoft.NET.Sdk\targets\Microsoft.NET.Sdk.targets(220,5): message :       
       C:\Program Files\dotnet\sdk\10.0.101\Sdks\Microsoft.NET.Sdk\targets\Microsoft.NET.Sdk.targets(220,5): message :       BeforeRebuild;
       C:\Program Files\dotnet\sdk\10.0.101\Sdks\Microsoft.NET.Sdk\targets\Microsoft.NET.Sdk.targets(220,5): message :       Clean;
       C:\Program Files\dotnet\sdk\10.0.101\Sdks\Microsoft.NET.Sdk\targets\Microsoft.NET.Sdk.targets(220,5): message :       Build;
       C:\Program Files\dotnet\sdk\10.0.101\Sdks\Microsoft.NET.Sdk\targets\Microsoft.NET.Sdk.targets(220,5): message :       AfterRebuild;
       C:\Program Files\dotnet\sdk\10.0.101\Sdks\Microsoft.NET.Sdk\targets\Microsoft.NET.Sdk.targets(220,5): message :     
       C:\Program Files\dotnet\sdk\10.0.101\Sdks\Microsoft.NET.Sdk\targets\Microsoft.NET.Sdk.targets(220,5): message :     " (valeur précédente : "
       C:\Program Files\dotnet\sdk\10.0.101\Sdks\Microsoft.NET.Sdk\targets\Microsoft.NET.Sdk.targets(220,5): message :       BeforeRebuild;
       C:\Program Files\dotnet\sdk\10.0.101\Sdks\Microsoft.NET.Sdk\targets\Microsoft.NET.Sdk.targets(220,5): message :       Clean;
       C:\Program Files\dotnet\sdk\10.0.101\Sdks\Microsoft.NET.Sdk\targets\Microsoft.NET.Sdk.targets(220,5): message :       Build;
       C:\Program Files\dotnet\sdk\10.0.101\Sdks\Microsoft.NET.Sdk\targets\Microsoft.NET.Sdk.targets(220,5): message :       AfterRebuild;
       C:\Program Files\dotnet\sdk\10.0.101\Sdks\Microsoft.NET.Sdk\targets\Microsoft.NET.Sdk.targets(220,5): message :     ") à C:\Program Files\dotnet\sdk\10.0.101\Sdks\Microsoft.NET.Sdk\targets\Microsoft.NET.Sdk.targets (220,5)
       C:\Program Files\dotnet\sdk\10.0.101\Sdks\Microsoft.NET.Sdk\targets\Microsoft.NET.Sdk.targets(799,5): message : Réassignation de propriété : $(CompileDependsOn)="
       C:\Program Files\dotnet\sdk\10.0.101\Sdks\Microsoft.NET.Sdk\targets\Microsoft.NET.Sdk.targets(799,5): message :       
       C:\Program Files\dotnet\sdk\10.0.101\Sdks\Microsoft.NET.Sdk\targets\Microsoft.NET.Sdk.targets(799,5): message :       ResolveReferences;
       C:\Program Files\dotnet\sdk\10.0.101\Sdks\Microsoft.NET.Sdk\targets\Microsoft.NET.Sdk.targets(799,5): message :       ResolveKeySource;
       C:\Program Files\dotnet\sdk\10.0.101\Sdks\Microsoft.NET.Sdk\targets\Microsoft.NET.Sdk.targets(799,5): message :       SetWin32ManifestProperties;
       C:\Program Files\dotnet\sdk\10.0.101\Sdks\Microsoft.NET.Sdk\targets\Microsoft.NET.Sdk.targets(799,5): message :       _SetPreferNativeArm64Win32ManifestProperties;
       C:\Program Files\dotnet\sdk\10.0.101\Sdks\Microsoft.NET.Sdk\targets\Microsoft.NET.Sdk.targets(799,5): message :       FindReferenceAssembliesForReferences;
       C:\Program Files\dotnet\sdk\10.0.101\Sdks\Microsoft.NET.Sdk\targets\Microsoft.NET.Sdk.targets(799,5): message :       _GenerateCompileInputs;
       C:\Program Files\dotnet\sdk\10.0.101\Sdks\Microsoft.NET.Sdk\targets\Microsoft.NET.Sdk.targets(799,5): message :       BeforeCompile;
       C:\Program Files\dotnet\sdk\10.0.101\Sdks\Microsoft.NET.Sdk\targets\Microsoft.NET.Sdk.targets(799,5): message :       _TimeStampBeforeCompile;
       C:\Program Files\dotnet\sdk\10.0.101\Sdks\Microsoft.NET.Sdk\targets\Microsoft.NET.Sdk.targets(799,5): message :       _GenerateCompileDependencyCache;
       C:\Program Files\dotnet\sdk\10.0.101\Sdks\Microsoft.NET.Sdk\targets\Microsoft.NET.Sdk.targets(799,5): message :       CoreCompile;
       C:\Program Files\dotnet\sdk\10.0.101\Sdks\Microsoft.NET.Sdk\targets\Microsoft.NET.Sdk.targets(799,5): message :       _TimeStampAfterCompile;
       C:\Program Files\dotnet\sdk\10.0.101\Sdks\Microsoft.NET.Sdk\targets\Microsoft.NET.Sdk.targets(799,5): message :       AfterCompile;
       C:\Program Files\dotnet\sdk\10.0.101\Sdks\Microsoft.NET.Sdk\targets\Microsoft.NET.Sdk.targets(799,5): message :     ;
       C:\Program Files\dotnet\sdk\10.0.101\Sdks\Microsoft.NET.Sdk\targets\Microsoft.NET.Sdk.targets(799,5): message :       _CreateAppHost;
       C:\Program Files\dotnet\sdk\10.0.101\Sdks\Microsoft.NET.Sdk\targets\Microsoft.NET.Sdk.targets(799,5): message :       _CreateComHost;
       C:\Program Files\dotnet\sdk\10.0.101\Sdks\Microsoft.NET.Sdk\targets\Microsoft.NET.Sdk.targets(799,5): message :       _GetIjwHostPaths;
       C:\Program Files\dotnet\sdk\10.0.101\Sdks\Microsoft.NET.Sdk\targets\Microsoft.NET.Sdk.targets(799,5): message :     " (valeur précédente : "
       C:\Program Files\dotnet\sdk\10.0.101\Sdks\Microsoft.NET.Sdk\targets\Microsoft.NET.Sdk.targets(799,5): message :       ResolveReferences;
       C:\Program Files\dotnet\sdk\10.0.101\Sdks\Microsoft.NET.Sdk\targets\Microsoft.NET.Sdk.targets(799,5): message :       ResolveKeySource;
       C:\Program Files\dotnet\sdk\10.0.101\Sdks\Microsoft.NET.Sdk\targets\Microsoft.NET.Sdk.targets(799,5): message :       SetWin32ManifestProperties;
       C:\Program Files\dotnet\sdk\10.0.101\Sdks\Microsoft.NET.Sdk\targets\Microsoft.NET.Sdk.targets(799,5): message :       _SetPreferNativeArm64Win32ManifestProperties;
       C:\Program Files\dotnet\sdk\10.0.101\Sdks\Microsoft.NET.Sdk\targets\Microsoft.NET.Sdk.targets(799,5): message :       FindReferenceAssembliesForReferences;
       C:\Program Files\dotnet\sdk\10.0.101\Sdks\Microsoft.NET.Sdk\targets\Microsoft.NET.Sdk.targets(799,5): message :       _GenerateCompileInputs;
       C:\Program Files\dotnet\sdk\10.0.101\Sdks\Microsoft.NET.Sdk\targets\Microsoft.NET.Sdk.targets(799,5): message :       BeforeCompile;
       C:\Program Files\dotnet\sdk\10.0.101\Sdks\Microsoft.NET.Sdk\targets\Microsoft.NET.Sdk.targets(799,5): message :       _TimeStampBeforeCompile;
       C:\Program Files\dotnet\sdk\10.0.101\Sdks\Microsoft.NET.Sdk\targets\Microsoft.NET.Sdk.targets(799,5): message :       _GenerateCompileDependencyCache;
       C:\Program Files\dotnet\sdk\10.0.101\Sdks\Microsoft.NET.Sdk\targets\Microsoft.NET.Sdk.targets(799,5): message :       CoreCompile;
       C:\Program Files\dotnet\sdk\10.0.101\Sdks\Microsoft.NET.Sdk\targets\Microsoft.NET.Sdk.targets(799,5): message :       _TimeStampAfterCompile;
       C:\Program Files\dotnet\sdk\10.0.101\Sdks\Microsoft.NET.Sdk\targets\Microsoft.NET.Sdk.targets(799,5): message :       AfterCompile;
       C:\Program Files\dotnet\sdk\10.0.101\Sdks\Microsoft.NET.Sdk\targets\Microsoft.NET.Sdk.targets(799,5): message :     ") à C:\Program Files\dotnet\sdk\10.0.101\Sdks\Microsoft.NET.Sdk\targets\Microsoft.NET.Sdk.targets (799,5)
       C:\Program Files\dotnet\sdk\10.0.101\Sdks\Microsoft.NET.Sdk\targets\Microsoft.NET.Sdk.targets(1131,5): message : Réassignation de propriété : $(CreateSatelliteAssembliesDependsOn)="
       C:\Program Files\dotnet\sdk\10.0.101\Sdks\Microsoft.NET.Sdk\targets\Microsoft.NET.Sdk.targets(1131,5): message :       
       C:\Program Files\dotnet\sdk\10.0.101\Sdks\Microsoft.NET.Sdk\targets\Microsoft.NET.Sdk.targets(1131,5): message :       ;
       C:\Program Files\dotnet\sdk\10.0.101\Sdks\Microsoft.NET.Sdk\targets\Microsoft.NET.Sdk.targets(1131,5): message :       _GenerateSatelliteAssemblyInputs;
       C:\Program Files\dotnet\sdk\10.0.101\Sdks\Microsoft.NET.Sdk\targets\Microsoft.NET.Sdk.targets(1131,5): message :       ComputeIntermediateSatelliteAssemblies;
       C:\Program Files\dotnet\sdk\10.0.101\Sdks\Microsoft.NET.Sdk\targets\Microsoft.NET.Sdk.targets(1131,5): message :       GenerateSatelliteAssemblies
       C:\Program Files\dotnet\sdk\10.0.101\Sdks\Microsoft.NET.Sdk\targets\Microsoft.NET.Sdk.targets(1131,5): message :     ;
       C:\Program Files\dotnet\sdk\10.0.101\Sdks\Microsoft.NET.Sdk\targets\Microsoft.NET.Sdk.targets(1131,5): message :       CoreGenerateSatelliteAssemblies
       C:\Program Files\dotnet\sdk\10.0.101\Sdks\Microsoft.NET.Sdk\targets\Microsoft.NET.Sdk.targets(1131,5): message :     " (valeur précédente : "
       C:\Program Files\dotnet\sdk\10.0.101\Sdks\Microsoft.NET.Sdk\targets\Microsoft.NET.Sdk.targets(1131,5): message :       ;
       C:\Program Files\dotnet\sdk\10.0.101\Sdks\Microsoft.NET.Sdk\targets\Microsoft.NET.Sdk.targets(1131,5): message :       _GenerateSatelliteAssemblyInputs;
       C:\Program Files\dotnet\sdk\10.0.101\Sdks\Microsoft.NET.Sdk\targets\Microsoft.NET.Sdk.targets(1131,5): message :       ComputeIntermediateSatelliteAssemblies;
       C:\Program Files\dotnet\sdk\10.0.101\Sdks\Microsoft.NET.Sdk\targets\Microsoft.NET.Sdk.targets(1131,5): message :       GenerateSatelliteAssemblies
       C:\Program Files\dotnet\sdk\10.0.101\Sdks\Microsoft.NET.Sdk\targets\Microsoft.NET.Sdk.targets(1131,5): message :     ") à C:\Program Files\dotnet\sdk\10.0.101\Sdks\Microsoft.NET.Sdk\targets\Microsoft.NET.Sdk.targets (1131,5)
       C:\Program Files\dotnet\sdk\10.0.101\Sdks\Microsoft.SourceLink.GitLab\build\Microsoft.SourceLink.GitLab.targets(12,5): message : Réassignation de propriété : $(SourceLinkUrlInitializerTargets)=";_InitializeGitHubSourceLinkUrl;_InitializeGitLabSourceLinkUrl" (valeur précédente : ";_InitializeGitHubSourceLinkUrl") à C:\Program Files\dotnet\sdk\10.0.101\Sdks\Microsoft.SourceLink.GitLab\build\Microsoft.SourceLink.GitLab.targets (12,5)
       C:\Program Files\dotnet\sdk\10.0.101\Sdks\Microsoft.SourceLink.GitLab\build\Microsoft.SourceLink.GitLab.targets(13,5): message : Réassignation de propriété : $(SourceControlManagerUrlTranslationTargets)=";TranslateGitHubUrlsInSourceControlInformation;TranslateGitLabUrlsInSourceControlInformation" (valeur précédente : ";TranslateGitHubUrlsInSourceControlInformation") à C:\Program Files\dotnet\sdk\10.0.101\Sdks\Microsoft.SourceLink.GitLab\build\Microsoft.SourceLink.GitLab.targets (13,5)
       C:\Program Files\dotnet\sdk\10.0.101\Sdks\Microsoft.SourceLink.AzureRepos.Git\build\Microsoft.SourceLink.AzureRepos.Git.targets(12,5): message : Réassignation de propriété : $(SourceLinkUrlInitializerTargets)=";_InitializeGitHubSourceLinkUrl;_InitializeGitLabSourceLinkUrl;_InitializeAzureReposGitSourceLinkUrl" (valeur précédente : ";_InitializeGitHubSourceLinkUrl;_InitializeGitLabSourceLinkUrl") à C:\Program Files\dotnet\sdk\10.0.101\Sdks\Microsoft.SourceLink.AzureRepos.Git\build\Microsoft.SourceLink.AzureRepos.Git.targets (12,5)
       C:\Program Files\dotnet\sdk\10.0.101\Sdks\Microsoft.SourceLink.AzureRepos.Git\build\Microsoft.SourceLink.AzureRepos.Git.targets(13,5): message : Réassignation de propriété : $(SourceControlManagerUrlTranslationTargets)=";TranslateGitHubUrlsInSourceControlInformation;TranslateGitLabUrlsInSourceControlInformation;TranslateAzureReposGitUrlsInSourceControlInformation" (valeur précédente : ";TranslateGitHubUrlsInSourceControlInformation;TranslateGitLabUrlsInSourceControlInformation") à C:\Program Files\dotnet\sdk\10.0.101\Sdks\Microsoft.SourceLink.AzureRepos.Git\build\Microsoft.SourceLink.AzureRepos.Git.targets (13,5)
       C:\Program Files\dotnet\sdk\10.0.101\Sdks\Microsoft.SourceLink.Bitbucket.Git\build\Microsoft.SourceLink.Bitbucket.Git.targets(12,5): message : Réassignation de propriété : $(SourceLinkUrlInitializerTargets)=";_InitializeGitHubSourceLinkUrl;_InitializeGitLabSourceLinkUrl;_InitializeAzureReposGitSourceLinkUrl;_InitializeBitbucketGitSourceLinkUrl" (valeur précédente : ";_InitializeGitHubSourceLinkUrl;_InitializeGitLabSourceLinkUrl;_InitializeAzureReposGitSourceLinkUrl") à C:\Program Files\dotnet\sdk\10.0.101\Sdks\Microsoft.SourceLink.Bitbucket.Git\build\Microsoft.SourceLink.Bitbucket.Git.targets (12,5)
       C:\Program Files\dotnet\sdk\10.0.101\Sdks\Microsoft.SourceLink.Bitbucket.Git\build\Microsoft.SourceLink.Bitbucket.Git.targets(13,5): message : Réassignation de propriété : $(SourceControlManagerUrlTranslationTargets)=";TranslateGitHubUrlsInSourceControlInformation;TranslateGitLabUrlsInSourceControlInformation;TranslateAzureReposGitUrlsInSourceControlInformation;TranslateBitbucketGitUrlsInSourceControlInformation" (valeur précédente : ";TranslateGitHubUrlsInSourceControlInformation;TranslateGitLabUrlsInSourceControlInformation;TranslateAzureReposGitUrlsInSourceControlInformation") à C:\Program Files\dotnet\sdk\10.0.101\Sdks\Microsoft.SourceLink.Bitbucket.Git\build\Microsoft.SourceLink.Bitbucket.Git.targets (13,5)
       C:\Program Files\dotnet\sdk\10.0.101\Sdks\Microsoft.NET.Sdk\targets\Microsoft.NET.DesignerSupport.targets(21,5): message : Réassignation de propriété : $(DesignerRuntimeImplementationProjectOutputGroupDependsOn)="
       C:\Program Files\dotnet\sdk\10.0.101\Sdks\Microsoft.NET.Sdk\targets\Microsoft.NET.DesignerSupport.targets(21,5): message :       
       C:\Program Files\dotnet\sdk\10.0.101\Sdks\Microsoft.NET.Sdk\targets\Microsoft.NET.DesignerSupport.targets(21,5): message :       ;
       C:\Program Files\dotnet\sdk\10.0.101\Sdks\Microsoft.NET.Sdk\targets\Microsoft.NET.DesignerSupport.targets(21,5): message :       
       C:\Program Files\dotnet\sdk\10.0.101\Sdks\Microsoft.NET.Sdk\targets\Microsoft.NET.DesignerSupport.targets(21,5): message :       ;
       C:\Program Files\dotnet\sdk\10.0.101\Sdks\Microsoft.NET.Sdk\targets\Microsoft.NET.DesignerSupport.targets(21,5): message :       BuildOnlySettings;
       C:\Program Files\dotnet\sdk\10.0.101\Sdks\Microsoft.NET.Sdk\targets\Microsoft.NET.DesignerSupport.targets(21,5): message :       PrepareForBuild;
       C:\Program Files\dotnet\sdk\10.0.101\Sdks\Microsoft.NET.Sdk\targets\Microsoft.NET.DesignerSupport.targets(21,5): message :       AssignTargetPaths;
       C:\Program Files\dotnet\sdk\10.0.101\Sdks\Microsoft.NET.Sdk\targets\Microsoft.NET.DesignerSupport.targets(21,5): message :       ResolveReferences
       C:\Program Files\dotnet\sdk\10.0.101\Sdks\Microsoft.NET.Sdk\targets\Microsoft.NET.DesignerSupport.targets(21,5): message :     
       C:\Program Files\dotnet\sdk\10.0.101\Sdks\Microsoft.NET.Sdk\targets\Microsoft.NET.DesignerSupport.targets(21,5): message :     ;
       C:\Program Files\dotnet\sdk\10.0.101\Sdks\Microsoft.NET.Sdk\targets\Microsoft.NET.DesignerSupport.targets(21,5): message :       _GenerateDesignerDepsFile;
       C:\Program Files\dotnet\sdk\10.0.101\Sdks\Microsoft.NET.Sdk\targets\Microsoft.NET.DesignerSupport.targets(21,5): message :       _GenerateDesignerRuntimeConfigFile;
       C:\Program Files\dotnet\sdk\10.0.101\Sdks\Microsoft.NET.Sdk\targets\Microsoft.NET.DesignerSupport.targets(21,5): message :       GetCopyToOutputDirectoryItems;
       C:\Program Files\dotnet\sdk\10.0.101\Sdks\Microsoft.NET.Sdk\targets\Microsoft.NET.DesignerSupport.targets(21,5): message :       _GatherDesignerShadowCopyFiles;
       C:\Program Files\dotnet\sdk\10.0.101\Sdks\Microsoft.NET.Sdk\targets\Microsoft.NET.DesignerSupport.targets(21,5): message :     " (valeur précédente : "
       C:\Program Files\dotnet\sdk\10.0.101\Sdks\Microsoft.NET.Sdk\targets\Microsoft.NET.DesignerSupport.targets(21,5): message :       ;
       C:\Program Files\dotnet\sdk\10.0.101\Sdks\Microsoft.NET.Sdk\targets\Microsoft.NET.DesignerSupport.targets(21,5): message :       
       C:\Program Files\dotnet\sdk\10.0.101\Sdks\Microsoft.NET.Sdk\targets\Microsoft.NET.DesignerSupport.targets(21,5): message :       ;
       C:\Program Files\dotnet\sdk\10.0.101\Sdks\Microsoft.NET.Sdk\targets\Microsoft.NET.DesignerSupport.targets(21,5): message :       BuildOnlySettings;
       C:\Program Files\dotnet\sdk\10.0.101\Sdks\Microsoft.NET.Sdk\targets\Microsoft.NET.DesignerSupport.targets(21,5): message :       PrepareForBuild;
       C:\Program Files\dotnet\sdk\10.0.101\Sdks\Microsoft.NET.Sdk\targets\Microsoft.NET.DesignerSupport.targets(21,5): message :       AssignTargetPaths;
       C:\Program Files\dotnet\sdk\10.0.101\Sdks\Microsoft.NET.Sdk\targets\Microsoft.NET.DesignerSupport.targets(21,5): message :       ResolveReferences
       C:\Program Files\dotnet\sdk\10.0.101\Sdks\Microsoft.NET.Sdk\targets\Microsoft.NET.DesignerSupport.targets(21,5): message :     
       C:\Program Files\dotnet\sdk\10.0.101\Sdks\Microsoft.NET.Sdk\targets\Microsoft.NET.DesignerSupport.targets(21,5): message :     ") à C:\Program Files\dotnet\sdk\10.0.101\Sdks\Microsoft.NET.Sdk\targets\Microsoft.NET.DesignerSupport.targets (21,5)
       C:\Program Files\dotnet\sdk\10.0.101\Sdks\Microsoft.NET.Sdk\targets\Microsoft.NET.Sdk.CSharp.targets(31,5): message : Réassignation de propriété : $(DefineConstants)="TRACE;DEBUG" (valeur précédente : "TRACE") à C:\Program Files\dotnet\sdk\10.0.101\Sdks\Microsoft.NET.Sdk\targets\Microsoft.NET.Sdk.CSharp.targets (31,5)
       C:\Program Files\dotnet\sdk\10.0.101\Sdks\Microsoft.NET.Sdk\targets\Microsoft.NET.Sdk.CSharp.targets(45,5): message : Réassignation de propriété : $(WarningsAsErrors)=";NU1605;SYSLIB0011" (valeur précédente : ";NU1605") à C:\Program Files\dotnet\sdk\10.0.101\Sdks\Microsoft.NET.Sdk\targets\Microsoft.NET.Sdk.CSharp.targets (45,5)
       C:\Program Files\dotnet\sdk\10.0.101\NuGet.Build.Tasks.Pack.targets(34,5): message : Réassignation de propriété : $(PackageDescription)="Package Description" (valeur précédente : "") à C:\Program Files\dotnet\sdk\10.0.101\NuGet.Build.Tasks.Pack.targets (34,5)
       C:\Program Files\dotnet\sdk\10.0.101\NuGet.Build.Tasks.Pack.targets(59,5): message : Réassignation de propriété : $(GenerateNuspecDependsOn)="Build;_LoadPackInputItems; _GetTargetFrameworksOutput; _WalkEachTargetPerFramework; _GetPackageFiles; " (valeur précédente : "_LoadPackInputItems; _GetTargetFrameworksOutput; _WalkEachTargetPerFramework; _GetPackageFiles; ") à C:\Program Files\dotnet\sdk\10.0.101\NuGet.Build.Tasks.Pack.targets (59,5)
       C:\Program Files\dotnet\sdk\10.0.101\Sdks\Microsoft.NET.Sdk\Sdk\Sdk.targets(59,5): message : Réassignation de propriété : $(_IsNotSetContainersTargetsDir)="true" (valeur précédente : "false") à C:\Program Files\dotnet\sdk\10.0.101\Sdks\Microsoft.NET.Sdk\Sdk\Sdk.targets (59,5)
       C:\Program Files\dotnet\sdk\10.0.101\Containers\build\Microsoft.NET.Build.Containers.targets(5,5): message : Réassignation de propriété : $(_IsSDKContainerAllowedVersion)="true" (valeur précédente : "false") à C:\Program Files\dotnet\sdk\10.0.101\Containers\build\Microsoft.NET.Build.Containers.targets (5,5)
       C:\Program Files\dotnet\sdk\10.0.101\Containers\build\Microsoft.NET.Build.Containers.targets(15,5): message : Réassignation de propriété : $(_ContainerIsTargetingNet8TFM)="true" (valeur précédente : "false") à C:\Program Files\dotnet\sdk\10.0.101\Containers\build\Microsoft.NET.Build.Containers.targets (15,5)
       Remplacement de la cible "ResolveFrameworkReferences" du projet "C:\Program Files\dotnet\sdk\10.0.101\Microsoft.Common.CurrentVersion.targets" par la cible "ResolveFrameworkReferences" du projet "C:\Program Files\dotnet\sdk\10.0.101\Sdks\Microsoft.NET.Sdk\targets\Microsoft.NET.Sdk.FrameworkReferenceResolution.targets".
       Remplacement de la cible "GenerateSupportedTargetFrameworkAlias" du projet "C:\Program Files\dotnet\sdk\10.0.101\Microsoft.Common.CurrentVersion.targets" par la cible "GenerateSupportedTargetFrameworkAlias" du projet "C:\Program Files\dotnet\sdk\10.0.101\Sdks\Microsoft.NET.Sdk\targets\Microsoft.NET.Sdk.targets".
       Remplacement de la cible "GetReferenceAssemblyPaths" du projet "C:\Program Files\dotnet\sdk\10.0.101\Microsoft.Common.CurrentVersion.targets" par la cible "GetReferenceAssemblyPaths" du projet "C:\Program Files\dotnet\sdk\10.0.101\Sdks\Microsoft.NET.Sdk\targets\Microsoft.NET.DisableStandardFrameworkResolution.targets".
       Remplacement de la cible "GetFrameworkPaths" du projet "C:\Program Files\dotnet\sdk\10.0.101\Microsoft.Common.CurrentVersion.targets" par la cible "GetFrameworkPaths" du projet "C:\Program Files\dotnet\sdk\10.0.101\Sdks\Microsoft.NET.Sdk\targets\Microsoft.NET.DisableStandardFrameworkResolution.targets".
       Remplacement de la cible "DesignerRuntimeImplementationProjectOutputGroup" du projet "C:\Program Files\dotnet\sdk\10.0.101\Microsoft.Common.CurrentVersion.targets" par la cible "DesignerRuntimeImplementationProjectOutputGroup" du projet "C:\Program Files\dotnet\sdk\10.0.101\Sdks\Microsoft.NET.Sdk\targets\Microsoft.NET.DesignerSupport.targets".
       Remplacement de la cible "Publish" du projet "C:\Program Files\dotnet\sdk\10.0.101\Microsoft.Common.CurrentVersion.targets" par la cible "Publish" du projet "C:\Program Files\dotnet\sdk\10.0.101\Sdks\Microsoft.NET.Sdk\targets\Microsoft.NET.Publish.targets".
       Remplacement de la cible "ResolveReadyToRunCompilers" du projet "C:\Program Files\dotnet\sdk\10.0.101\Sdks\Microsoft.NET.Sdk\targets\Microsoft.NET.CrossGen.targets" par la cible "ResolveReadyToRunCompilers" du projet "C:\Program Files\dotnet\sdk\10.0.101\Sdks\Microsoft.NET.Sdk\targets\Microsoft.NET.Publish.targets".
       Remplacement de la cible "GetCopyToPublishDirectoryItems" du projet "C:\Program Files\dotnet\sdk\10.0.101\Microsoft.Common.CurrentVersion.targets" par la cible "GetCopyToPublishDirectoryItems" du projet "C:\Program Files\dotnet\sdk\10.0.101\Sdks\Microsoft.NET.Sdk\targets\Microsoft.NET.Publish.targets".
       Remplacement de la cible "Run" du projet "C:\Program Files\dotnet\sdk\10.0.101\Microsoft.Common.CurrentVersion.targets" par la cible "Run" du projet "C:\Program Files\dotnet\sdk\10.0.101\Sdks\Microsoft.NET.Sdk\targets\Microsoft.NET.Sdk.targets".
     1>Le projet "C:\Users\Administrateur\Documents\DossierPartage\PROGRAMATION\SystemeCaisse\SystemeCaisse.Infrastructure\SystemeCaisse.Infrastructure.csproj" (1) génère "C:\Users\Administrateur\Documents\DossierPartage\PROGRAMATION\SystemeCaisse\SystemeCaisse.Infrastructure\SystemeCaisse.Infrastructure.csproj" (1:2) sur le nœud 1 (_IsProjectRestoreSupported cible(s)).
   1:2>Cible "_IsProjectRestoreSupported" dans le fichier "C:\Program Files\dotnet\sdk\10.0.101\NuGet.targets" du projet "C:\Users\Administrateur\Documents\DossierPartage\PROGRAMATION\SystemeCaisse\SystemeCaisse.Infrastructure\SystemeCaisse.Infrastructure.csproj" (point d'entrée) :
   1:2>Génération de la cible "_IsProjectRestoreSupported" terminée dans le projet "SystemeCaisse.Infrastructure.csproj".
   1:2>Génération du projet "C:\Users\Administrateur\Documents\DossierPartage\PROGRAMATION\SystemeCaisse\SystemeCaisse.Infrastructure\SystemeCaisse.Infrastructure.csproj" terminée (_IsProjectRestoreSupported cible(s)).
     1>Exécution de la tâche "MSBuild" terminée.
       Assembly chargé pendant TaskRun : NuGet.Build.Tasks, Version=7.0.0.0, Culture=neutral, PublicKeyToken=31bf3856ad364e35 (emplacement : C:\Program Files\dotnet\sdk\10.0.101\NuGet.Build.Tasks.dll, MVID : 1d7b2a50-0801-4407-864a-c0611e7b6f2d, AssemblyLoadContext : MSBuild plugin C:\Program Files\dotnet\sdk\10.0.101\NuGet.Build.Tasks.dll)
       Assembly chargé pendant TaskRun : NuGet.Common, Version=7.0.0.0, Culture=neutral, PublicKeyToken=31bf3856ad364e35 (emplacement : C:\Program Files\dotnet\sdk\10.0.101\NuGet.Common.dll, MVID : e68f94a8-8ead-49da-8d66-ddbffff51250, AssemblyLoadContext : MSBuild plugin C:\Program Files\dotnet\sdk\10.0.101\NuGet.Build.Tasks.dll)
       Assembly chargé pendant TaskRun : NuGet.Commands, Version=7.0.0.0, Culture=neutral, PublicKeyToken=31bf3856ad364e35 (emplacement : C:\Program Files\dotnet\sdk\10.0.101\NuGet.Commands.dll, MVID : cf5dfc68-8202-4a78-a2e1-4e04847fc3ac, AssemblyLoadContext : MSBuild plugin C:\Program Files\dotnet\sdk\10.0.101\NuGet.Build.Tasks.dll)
       Assembly chargé pendant TaskRun : NuGet.ProjectModel, Version=7.0.0.0, Culture=neutral, PublicKeyToken=31bf3856ad364e35 (emplacement : C:\Program Files\dotnet\sdk\10.0.101\NuGet.ProjectModel.dll, MVID : 74e299f3-0a8a-48ce-b793-3c6caaf0a1df, AssemblyLoadContext : MSBuild plugin C:\Program Files\dotnet\sdk\10.0.101\NuGet.Build.Tasks.dll)
       Utilisation de la tâche "WarnForInvalidProjectsTask" à partir de l'assembly "C:\Program Files\dotnet\sdk\10.0.101\NuGet.Build.Tasks.dll".
       Tâche "WarnForInvalidProjectsTask"
       Exécution de la tâche "WarnForInvalidProjectsTask" terminée.
     1>Génération de la cible "_FilterRestoreGraphProjectInputItems" terminée dans le projet "SystemeCaisse.Infrastructure.csproj".
       Cible "_FilterRestoreGraphProjectInputItems" ignorée. Elle a été générée.
     1>Cible "_GetAllRestoreProjectPathItems" dans le fichier "C:\Program Files\dotnet\sdk\10.0.101\NuGet.targets" du projet "C:\Users\Administrateur\Documents\DossierPartage\PROGRAMATION\SystemeCaisse\SystemeCaisse.Infrastructure\SystemeCaisse.Infrastructure.csproj" (la cible "_GenerateRestoreGraph" en dépend) :
       Utilisation de la tâche "NuGetMessageTask" à partir de l'assembly "C:\Program Files\dotnet\sdk\10.0.101\NuGet.Build.Tasks.dll".
       Tâche "NuGetMessageTask"
         Assembly chargé pendant TaskRun (NuGet.Build.Tasks.NuGetMessageTask) : NuGet.Build.Tasks.resources, Version=7.0.0.0, Culture=fr, PublicKeyToken=31bf3856ad364e35 (emplacement : C:\Program Files\dotnet\sdk\10.0.101\fr\NuGet.Build.Tasks.resources.dll, MVID : b94dc324-68bc-4f3f-9381-081224d11085, AssemblyLoadContext : MSBuild plugin C:\Program Files\dotnet\sdk\10.0.101\NuGet.Build.Tasks.dll)
         Identification des projets à restaurer...
       Exécution de la tâche "NuGetMessageTask" terminée.
       Tâche "MSBuild"
         Propriétés globales :
           ExcludeRestorePackageImports=true
     1>Le projet "C:\Users\Administrateur\Documents\DossierPartage\PROGRAMATION\SystemeCaisse\SystemeCaisse.Infrastructure\SystemeCaisse.Infrastructure.csproj" (1) génère "C:\Users\Administrateur\Documents\DossierPartage\PROGRAMATION\SystemeCaisse\SystemeCaisse.Infrastructure\SystemeCaisse.Infrastructure.csproj" (1:3) sur le nœud 1 (_GenerateRestoreProjectPathWalk cible(s)).
   1:3>Cible "_GenerateRestoreProjectPathItemsPerFramework" dans le fichier "C:\Program Files\dotnet\sdk\10.0.101\NuGet.targets" du projet "C:\Users\Administrateur\Documents\DossierPartage\PROGRAMATION\SystemeCaisse\SystemeCaisse.Infrastructure\SystemeCaisse.Infrastructure.csproj" (la cible "_GenerateRestoreProjectPathItemsCurrentProject" en dépend) :
   1:3>Utilisation de la tâche "ConvertToAbsolutePath" à partir de l'assembly "Microsoft.Build.Tasks.Core, Version=15.1.0.0, Culture=neutral, PublicKeyToken=b03f5f7f11d50a3a".
       Tâche "ConvertToAbsolutePath"
       Exécution de la tâche "ConvertToAbsolutePath" terminée.
   1:3>Génération de la cible "_GenerateRestoreProjectPathItemsPerFramework" terminée dans le projet "SystemeCaisse.Infrastructure.csproj".
   1:3>Cible "_GenerateRestoreProjectPathItemsCurrentProject" dans le fichier "C:\Program Files\dotnet\sdk\10.0.101\NuGet.targets" du projet "C:\Users\Administrateur\Documents\DossierPartage\PROGRAMATION\SystemeCaisse\SystemeCaisse.Infrastructure\SystemeCaisse.Infrastructure.csproj" (la cible "_GenerateRestoreProjectPathItems" en dépend) :
   1:3>Génération de la cible "_GenerateRestoreProjectPathItemsCurrentProject" terminée dans le projet "SystemeCaisse.Infrastructure.csproj".
   1:3>Cible "_GenerateRestoreProjectPathItems" dans le fichier "C:\Program Files\dotnet\sdk\10.0.101\NuGet.targets" du projet "C:\Users\Administrateur\Documents\DossierPartage\PROGRAMATION\SystemeCaisse\SystemeCaisse.Infrastructure\SystemeCaisse.Infrastructure.csproj" (la cible "_GenerateRestoreProjectPathWalk" en dépend) :
       Tâche "RemoveDuplicates"
       Exécution de la tâche "RemoveDuplicates" terminée.
   1:3>Génération de la cible "_GenerateRestoreProjectPathItems" terminée dans le projet "SystemeCaisse.Infrastructure.csproj".
   1:3>Cible "_GenerateRestoreProjectPathWalk" dans le fichier "C:\Program Files\dotnet\sdk\10.0.101\NuGet.targets" du projet "C:\Users\Administrateur\Documents\DossierPartage\PROGRAMATION\SystemeCaisse\SystemeCaisse.Infrastructure\SystemeCaisse.Infrastructure.csproj" (point d'entrée) :
       Tâche "MSBuild"
         Propriétés globales :
           ExcludeRestorePackageImports=true
     0>C:\Program Files\dotnet\sdk\10.0.101\Sdks\Microsoft.NET.Sdk\Sdk\Sdk.props(49,11): message : Propriété 'MSBuildExtensionsPath' avec la valeur 'C:\Program Files\dotnet\sdk\10.0.101\' développée à partir de l’environnement.
       C:\Program Files\dotnet\sdk\10.0.101\Current\Microsoft.Common.props(60,5): message : Réassignation de propriété : $(MSBuildProjectExtensionsPath)="C:\Users\Administrateur\Documents\DossierPartage\PROGRAMATION\SystemeCaisse\SystemeCaisse.Core\obj\" (valeur précédente : "obj\") à C:\Program Files\dotnet\sdk\10.0.101\Current\Microsoft.Common.props (60,5)
       C:\Program Files\dotnet\sdk\10.0.101\Current\Microsoft.Common.props(84,119): message : Propriété 'MSBuildUserExtensionsPath' avec la valeur 'C:\Users\Administrateur\AppData\Local\Microsoft\MSBuild' développée à partir de l’environnement.
       C:\Program Files\dotnet\sdk\10.0.101\Sdks\Microsoft.NET.Sdk\targets\Microsoft.NET.Sdk.props(90,5): message : Réassignation de propriété : $(AssemblySearchPaths)="{CandidateAssemblyFiles};{HintPathFromItem}" (valeur précédente : "{CandidateAssemblyFiles}") à C:\Program Files\dotnet\sdk\10.0.101\Sdks\Microsoft.NET.Sdk\targets\Microsoft.NET.Sdk.props (90,5)
       C:\Program Files\dotnet\sdk\10.0.101\Sdks\Microsoft.NET.Sdk\targets\Microsoft.NET.Sdk.props(91,5): message : Réassignation de propriété : $(AssemblySearchPaths)="{CandidateAssemblyFiles};{HintPathFromItem};{TargetFrameworkDirectory}" (valeur précédente : "{CandidateAssemblyFiles};{HintPathFromItem}") à C:\Program Files\dotnet\sdk\10.0.101\Sdks\Microsoft.NET.Sdk\targets\Microsoft.NET.Sdk.props (91,5)
       C:\Program Files\dotnet\sdk\10.0.101\Sdks\Microsoft.NET.Sdk\targets\Microsoft.NET.Sdk.props(92,5): message : Réassignation de propriété : $(AssemblySearchPaths)="{CandidateAssemblyFiles};{HintPathFromItem};{TargetFrameworkDirectory};{RawFileName}" (valeur précédente : "{CandidateAssemblyFiles};{HintPathFromItem};{TargetFrameworkDirectory}") à C:\Program Files\dotnet\sdk\10.0.101\Sdks\Microsoft.NET.Sdk\targets\Microsoft.NET.Sdk.props (92,5)
       C:\Program Files\dotnet\sdk\10.0.101\Sdks\Microsoft.NET.Sdk\targets\Microsoft.NET.Sdk.ImportPublishProfile.targets(28,5): message : Réassignation de propriété : $(PublishProfileImported)="false" (valeur précédente : "true") à C:\Program Files\dotnet\sdk\10.0.101\Sdks\Microsoft.NET.Sdk\targets\Microsoft.NET.Sdk.ImportPublishProfile.targets (28,5)
       C:\Program Files\dotnet\sdk\10.0.101\Sdks\Microsoft.NET.Sdk\targets\Microsoft.NET.TargetFrameworkInference.targets(81,5): message : Réassignation de propriété : $(TargetPlatformVersion)="" (valeur précédente : "0.0") à C:\Program Files\dotnet\sdk\10.0.101\Sdks\Microsoft.NET.Sdk\targets\Microsoft.NET.TargetFrameworkInference.targets (81,5)
       C:\Program Files\dotnet\sdk\10.0.101\Sdks\Microsoft.NET.Sdk\targets\Microsoft.NET.DefaultOutputPaths.targets(127,5): message : Réassignation de propriété : $(DefaultItemExcludes)=";bin\Debug\/**;obj\Debug\/**" (valeur précédente : ";bin\Debug\/**") à C:\Program Files\dotnet\sdk\10.0.101\Sdks\Microsoft.NET.Sdk\targets\Microsoft.NET.DefaultOutputPaths.targets (127,5)
       C:\Program Files\dotnet\sdk\10.0.101\Sdks\Microsoft.NET.Sdk\targets\Microsoft.NET.DefaultOutputPaths.targets(142,5): message : Réassignation de propriété : $(OutputPath)="bin\Debug\net8.0\" (valeur précédente : "bin\Debug\") à C:\Program Files\dotnet\sdk\10.0.101\Sdks\Microsoft.NET.Sdk\targets\Microsoft.NET.DefaultOutputPaths.targets (142,5)
       C:\Program Files\dotnet\sdk\10.0.101\Sdks\Microsoft.NET.Sdk\targets\Microsoft.NET.DefaultOutputPaths.targets(147,5): message : Réassignation de propriété : $(IntermediateOutputPath)="obj\Debug\net8.0\" (valeur précédente : "obj\Debug\") à C:\Program Files\dotnet\sdk\10.0.101\Sdks\Microsoft.NET.Sdk\targets\Microsoft.NET.DefaultOutputPaths.targets (147,5)
       C:\Program Files\dotnet\sdk\10.0.101\Sdks\Microsoft.NET.Sdk\targets\Microsoft.NET.Sdk.BeforeCommon.targets(371,5): message : Réassignation de propriété : $(RoslynTargetsPath)="C:\Program Files\dotnet\sdk\10.0.101\Sdks\Microsoft.NET.Sdk\targets\..\..\..\Roslyn" (valeur précédente : "C:\Program Files\dotnet\sdk\10.0.101\Roslyn") à C:\Program Files\dotnet\sdk\10.0.101\Sdks\Microsoft.NET.Sdk\targets\Microsoft.NET.Sdk.BeforeCommon.targets (371,5)
       C:\Program Files\dotnet\sdk\10.0.101\Roslyn\Microsoft.Managed.Core.targets(6,5): message : Réassignation de propriété : $(_BuildTasksDirectory)="C:\Program Files\dotnet\sdk\10.0.101\Sdks\Microsoft.NET.Sdk\targets\..\..\..\Roslyn\" (valeur précédente : "C:\Program Files\dotnet\sdk\10.0.101\Roslyn\") à C:\Program Files\dotnet\sdk\10.0.101\Roslyn\Microsoft.Managed.Core.targets (6,5)
       C:\Program Files\dotnet\sdk\10.0.101\Roslyn\Microsoft.CSharp.Core.targets(200,5): message : Réassignation de propriété : $(CommandLineArgsForDesignTimeEvaluation)="-langversion:12.0 -define:TRACE" (valeur précédente : "-langversion:12.0") à C:\Program Files\dotnet\sdk\10.0.101\Roslyn\Microsoft.CSharp.Core.targets (200,5)
       C:\Program Files\dotnet\sdk\10.0.101\Microsoft.Common.CurrentVersion.targets(175,5): message : Réassignation de propriété : $(_DebugSymbolsProduced)="true" (valeur précédente : "false") à C:\Program Files\dotnet\sdk\10.0.101\Microsoft.Common.CurrentVersion.targets (175,5)
       C:\Program Files\dotnet\sdk\10.0.101\Microsoft.Common.CurrentVersion.targets(185,5): message : Réassignation de propriété : $(_DocumentationFileProduced)="false" (valeur précédente : "true") à C:\Program Files\dotnet\sdk\10.0.101\Microsoft.Common.CurrentVersion.targets (185,5)
       C:\Program Files\dotnet\sdk\10.0.101\Microsoft.Common.CurrentVersion.targets(392,5): message : Réassignation de propriété : $(MSBuildCopyMarkerName)="SystemeC.5B05D2A3" (valeur précédente : "SystemeCaisse.Core.csproj") à C:\Program Files\dotnet\sdk\10.0.101\Microsoft.Common.CurrentVersion.targets (392,5)
       C:\Program Files\dotnet\sdk\10.0.101\Microsoft.Common.CurrentVersion.targets(393,5): message : Réassignation de propriété : $(MSBuildCopyMarkerName)="SystemeC.5B05D2A3.Up2Date" (valeur précédente : "SystemeC.5B05D2A3") à C:\Program Files\dotnet\sdk\10.0.101\Microsoft.Common.CurrentVersion.targets (393,5)
       C:\Program Files\dotnet\sdk\10.0.101\Microsoft.Common.CurrentVersion.targets(541,5): message : Réassignation de propriété : $(ProcessorArchitecture)="msil" (valeur précédente : "") à C:\Program Files\dotnet\sdk\10.0.101\Microsoft.Common.CurrentVersion.targets (541,5)
       C:\Program Files\dotnet\sdk\10.0.101\Microsoft.Common.CurrentVersion.targets(580,5): message : Réassignation de propriété : $(DelaySign)="" (valeur précédente : "false") à C:\Program Files\dotnet\sdk\10.0.101\Microsoft.Common.CurrentVersion.targets (580,5)
       C:\Program Files\dotnet\sdk\10.0.101\Microsoft.Common.CurrentVersion.targets(2606,5): message : Propriété 'LOCALAPPDATA' avec la valeur 'C:\Users\Administrateur\AppData\Local' développée à partir de l’environnement.
       C:\Program Files\dotnet\sdk\10.0.101\Microsoft.Common.CurrentVersion.targets(3934,5): message : Réassignation de propriété : $(_SGenGenerateSerializationAssembliesConfig)="Auto" (valeur précédente : "") à C:\Program Files\dotnet\sdk\10.0.101\Microsoft.Common.CurrentVersion.targets (3934,5)
       C:\Program Files\dotnet\sdk\10.0.101\Microsoft.Common.CurrentVersion.targets(3935,5): message : Réassignation de propriété : $(_SGenGenerateSerializationAssembliesConfig)="Off" (valeur précédente : "Auto") à C:\Program Files\dotnet\sdk\10.0.101\Microsoft.Common.CurrentVersion.targets (3935,5)
       C:\Program Files\dotnet\sdk\10.0.101\Microsoft.Common.CurrentVersion.targets(5146,5): message : Réassignation de propriété : $(_TargetsThatPrepareProjectReferences)="
       C:\Program Files\dotnet\sdk\10.0.101\Microsoft.Common.CurrentVersion.targets(5146,5): message :       AssignProjectConfiguration;
       C:\Program Files\dotnet\sdk\10.0.101\Microsoft.Common.CurrentVersion.targets(5146,5): message :       _SplitProjectReferencesByFileExistence
       C:\Program Files\dotnet\sdk\10.0.101\Microsoft.Common.CurrentVersion.targets(5146,5): message :     " (valeur précédente : "_SplitProjectReferencesByFileExistence") à C:\Program Files\dotnet\sdk\10.0.101\Microsoft.Common.CurrentVersion.targets (5146,5)
       C:\Program Files\dotnet\sdk\10.0.101\Microsoft.Common.CurrentVersion.targets(6959,5): message : Propriété 'MSBuildExtensionsPath32' avec la valeur 'C:\Program Files\dotnet\sdk\10.0.101' développée à partir de l’environnement.
       La propriété "NuGetInteractive" est une propriété globale et elle ne peut pas être modifiée.
       C:\Program Files\dotnet\sdk\10.0.101\Sdks\Microsoft.NET.Sdk\targets\Microsoft.PackageDependencyResolution.targets(24,5): message : Réassignation de propriété : $(ProjectAssetsFile)="C:\Users\Administrateur\Documents\DossierPartage\PROGRAMATION\SystemeCaisse\SystemeCaisse.Core\obj\project.assets.json" (valeur précédente : "C:\Users\Administrateur\Documents\DossierPartage\PROGRAMATION\SystemeCaisse\SystemeCaisse.Core\obj\/project.assets.json") à C:\Program Files\dotnet\sdk\10.0.101\Sdks\Microsoft.NET.Sdk\targets\Microsoft.PackageDependencyResolution.targets (24,5)
       C:\Program Files\dotnet\sdk\10.0.101\Sdks\Microsoft.NET.Sdk\targets\Microsoft.PackageDependencyResolution.targets(29,5): message : Réassignation de propriété : $(ProjectAssetsCacheFile)="C:\Users\Administrateur\Documents\DossierPartage\PROGRAMATION\SystemeCaisse\SystemeCaisse.Core\obj\Debug\net8.0\SystemeCaisse.Core.assets.cache" (valeur précédente : "obj\Debug\net8.0\SystemeCaisse.Core.assets.cache") à C:\Program Files\dotnet\sdk\10.0.101\Sdks\Microsoft.NET.Sdk\targets\Microsoft.PackageDependencyResolution.targets (29,5)
       C:\Program Files\dotnet\sdk\10.0.101\Sdks\Microsoft.NET.Sdk\targets\Microsoft.PackageDependencyResolution.targets(80,5): message : Réassignation de propriété : $(ResolveAssemblyReferencesDependsOn)="
       C:\Program Files\dotnet\sdk\10.0.101\Sdks\Microsoft.NET.Sdk\targets\Microsoft.PackageDependencyResolution.targets(80,5): message :       
       C:\Program Files\dotnet\sdk\10.0.101\Sdks\Microsoft.NET.Sdk\targets\Microsoft.PackageDependencyResolution.targets(80,5): message :       ResolveProjectReferences;
       C:\Program Files\dotnet\sdk\10.0.101\Sdks\Microsoft.NET.Sdk\targets\Microsoft.PackageDependencyResolution.targets(80,5): message :       FindInvalidProjectReferences;
       C:\Program Files\dotnet\sdk\10.0.101\Sdks\Microsoft.NET.Sdk\targets\Microsoft.PackageDependencyResolution.targets(80,5): message :       GetFrameworkPaths;
       C:\Program Files\dotnet\sdk\10.0.101\Sdks\Microsoft.NET.Sdk\targets\Microsoft.PackageDependencyResolution.targets(80,5): message :       GetReferenceAssemblyPaths;
       C:\Program Files\dotnet\sdk\10.0.101\Sdks\Microsoft.NET.Sdk\targets\Microsoft.PackageDependencyResolution.targets(80,5): message :       PrepareForBuild;
       C:\Program Files\dotnet\sdk\10.0.101\Sdks\Microsoft.NET.Sdk\targets\Microsoft.PackageDependencyResolution.targets(80,5): message :       ResolveSDKReferences;
       C:\Program Files\dotnet\sdk\10.0.101\Sdks\Microsoft.NET.Sdk\targets\Microsoft.PackageDependencyResolution.targets(80,5): message :       ExpandSDKReferences;
       C:\Program Files\dotnet\sdk\10.0.101\Sdks\Microsoft.NET.Sdk\targets\Microsoft.PackageDependencyResolution.targets(80,5): message :     ;
       C:\Program Files\dotnet\sdk\10.0.101\Sdks\Microsoft.NET.Sdk\targets\Microsoft.PackageDependencyResolution.targets(80,5): message :       ResolvePackageDependenciesForBuild;
       C:\Program Files\dotnet\sdk\10.0.101\Sdks\Microsoft.NET.Sdk\targets\Microsoft.PackageDependencyResolution.targets(80,5): message :       _HandlePackageFileConflicts;
       C:\Program Files\dotnet\sdk\10.0.101\Sdks\Microsoft.NET.Sdk\targets\Microsoft.PackageDependencyResolution.targets(80,5): message :     " (valeur précédente : "
       C:\Program Files\dotnet\sdk\10.0.101\Sdks\Microsoft.NET.Sdk\targets\Microsoft.PackageDependencyResolution.targets(80,5): message :       ResolveProjectReferences;
       C:\Program Files\dotnet\sdk\10.0.101\Sdks\Microsoft.NET.Sdk\targets\Microsoft.PackageDependencyResolution.targets(80,5): message :       FindInvalidProjectReferences;
       C:\Program Files\dotnet\sdk\10.0.101\Sdks\Microsoft.NET.Sdk\targets\Microsoft.PackageDependencyResolution.targets(80,5): message :       GetFrameworkPaths;
       C:\Program Files\dotnet\sdk\10.0.101\Sdks\Microsoft.NET.Sdk\targets\Microsoft.PackageDependencyResolution.targets(80,5): message :       GetReferenceAssemblyPaths;
       C:\Program Files\dotnet\sdk\10.0.101\Sdks\Microsoft.NET.Sdk\targets\Microsoft.PackageDependencyResolution.targets(80,5): message :       PrepareForBuild;
       C:\Program Files\dotnet\sdk\10.0.101\Sdks\Microsoft.NET.Sdk\targets\Microsoft.PackageDependencyResolution.targets(80,5): message :       ResolveSDKReferences;
       C:\Program Files\dotnet\sdk\10.0.101\Sdks\Microsoft.NET.Sdk\targets\Microsoft.PackageDependencyResolution.targets(80,5): message :       ExpandSDKReferences;
       C:\Program Files\dotnet\sdk\10.0.101\Sdks\Microsoft.NET.Sdk\targets\Microsoft.PackageDependencyResolution.targets(80,5): message :     ") à C:\Program Files\dotnet\sdk\10.0.101\Sdks\Microsoft.NET.Sdk\targets\Microsoft.PackageDependencyResolution.targets (80,5)
       C:\Program Files\dotnet\sdk\10.0.101\Sdks\Microsoft.NET.Sdk\targets\Microsoft.PackageDependencyResolution.targets(86,5): message : Réassignation de propriété : $(PrepareResourcesDependsOn)="
       C:\Program Files\dotnet\sdk\10.0.101\Sdks\Microsoft.NET.Sdk\targets\Microsoft.PackageDependencyResolution.targets(86,5): message :       ResolvePackageDependenciesForBuild;
       C:\Program Files\dotnet\sdk\10.0.101\Sdks\Microsoft.NET.Sdk\targets\Microsoft.PackageDependencyResolution.targets(86,5): message :       _HandlePackageFileConflicts;
       C:\Program Files\dotnet\sdk\10.0.101\Sdks\Microsoft.NET.Sdk\targets\Microsoft.PackageDependencyResolution.targets(86,5): message :       
       C:\Program Files\dotnet\sdk\10.0.101\Sdks\Microsoft.NET.Sdk\targets\Microsoft.PackageDependencyResolution.targets(86,5): message :       ;
       C:\Program Files\dotnet\sdk\10.0.101\Sdks\Microsoft.NET.Sdk\targets\Microsoft.PackageDependencyResolution.targets(86,5): message :       PrepareResourceNames;
       C:\Program Files\dotnet\sdk\10.0.101\Sdks\Microsoft.NET.Sdk\targets\Microsoft.PackageDependencyResolution.targets(86,5): message :       ResGen;
       C:\Program Files\dotnet\sdk\10.0.101\Sdks\Microsoft.NET.Sdk\targets\Microsoft.PackageDependencyResolution.targets(86,5): message :       CompileLicxFiles
       C:\Program Files\dotnet\sdk\10.0.101\Sdks\Microsoft.NET.Sdk\targets\Microsoft.PackageDependencyResolution.targets(86,5): message :     
       C:\Program Files\dotnet\sdk\10.0.101\Sdks\Microsoft.NET.Sdk\targets\Microsoft.PackageDependencyResolution.targets(86,5): message :     " (valeur précédente : "
       C:\Program Files\dotnet\sdk\10.0.101\Sdks\Microsoft.NET.Sdk\targets\Microsoft.PackageDependencyResolution.targets(86,5): message :       ;
       C:\Program Files\dotnet\sdk\10.0.101\Sdks\Microsoft.NET.Sdk\targets\Microsoft.PackageDependencyResolution.targets(86,5): message :       PrepareResourceNames;
       C:\Program Files\dotnet\sdk\10.0.101\Sdks\Microsoft.NET.Sdk\targets\Microsoft.PackageDependencyResolution.targets(86,5): message :       ResGen;
       C:\Program Files\dotnet\sdk\10.0.101\Sdks\Microsoft.NET.Sdk\targets\Microsoft.PackageDependencyResolution.targets(86,5): message :       CompileLicxFiles
       C:\Program Files\dotnet\sdk\10.0.101\Sdks\Microsoft.NET.Sdk\targets\Microsoft.PackageDependencyResolution.targets(86,5): message :     ") à C:\Program Files\dotnet\sdk\10.0.101\Sdks\Microsoft.NET.Sdk\targets\Microsoft.PackageDependencyResolution.targets (86,5)
       La propriété "EnableDefaultCompileItems" est une propriété globale et elle ne peut pas être modifiée.
       La propriété "EnableDefaultEmbeddedResourceItems" est une propriété globale et elle ne peut pas être modifiée.
       La propriété "EnableDefaultNoneItems" est une propriété globale et elle ne peut pas être modifiée.
       C:\Program Files\dotnet\sdk\10.0.101\Sdks\Microsoft.NET.Sdk\targets\Microsoft.NET.Sdk.DefaultItems.targets(35,5): message : Réassignation de propriété : $(DefaultItemExcludes)=";bin\Debug\/**;obj\Debug\/**;bin\/**" (valeur précédente : ";bin\Debug\/**;obj\Debug\/**") à C:\Program Files\dotnet\sdk\10.0.101\Sdks\Microsoft.NET.Sdk\targets\Microsoft.NET.Sdk.DefaultItems.targets (35,5)
       C:\Program Files\dotnet\sdk\10.0.101\Sdks\Microsoft.NET.Sdk\targets\Microsoft.NET.Sdk.DefaultItems.targets(37,5): message : Réassignation de propriété : $(DefaultItemExcludes)=";bin\Debug\/**;obj\Debug\/**;bin\/**;obj\/**" (valeur précédente : ";bin\Debug\/**;obj\Debug\/**;bin\/**") à C:\Program Files\dotnet\sdk\10.0.101\Sdks\Microsoft.NET.Sdk\targets\Microsoft.NET.Sdk.DefaultItems.targets (37,5)
       C:\Program Files\dotnet\sdk\10.0.101\Sdks\Microsoft.NET.Sdk\targets\Microsoft.NET.Sdk.DefaultItems.targets(40,5): message : Réassignation de propriété : $(DefaultItemExcludes)=";bin\Debug\/**;obj\Debug\/**;bin\/**;obj\/**;**/*.user" (valeur précédente : ";bin\Debug\/**;obj\Debug\/**;bin\/**;obj\/**") à C:\Program Files\dotnet\sdk\10.0.101\Sdks\Microsoft.NET.Sdk\targets\Microsoft.NET.Sdk.DefaultItems.targets (40,5)
       C:\Program Files\dotnet\sdk\10.0.101\Sdks\Microsoft.NET.Sdk\targets\Microsoft.NET.Sdk.DefaultItems.targets(41,5): message : Réassignation de propriété : $(DefaultItemExcludes)=";bin\Debug\/**;obj\Debug\/**;bin\/**;obj\/**;**/*.user;**/*.*proj" (valeur précédente : ";bin\Debug\/**;obj\Debug\/**;bin\/**;obj\/**;**/*.user") à C:\Program Files\dotnet\sdk\10.0.101\Sdks\Microsoft.NET.Sdk\targets\Microsoft.NET.Sdk.DefaultItems.targets (41,5)
       C:\Program Files\dotnet\sdk\10.0.101\Sdks\Microsoft.NET.Sdk\targets\Microsoft.NET.Sdk.DefaultItems.targets(42,5): message : Réassignation de propriété : $(DefaultItemExcludes)=";bin\Debug\/**;obj\Debug\/**;bin\/**;obj\/**;**/*.user;**/*.*proj;**/*.sln" (valeur précédente : ";bin\Debug\/**;obj\Debug\/**;bin\/**;obj\/**;**/*.user;**/*.*proj") à C:\Program Files\dotnet\sdk\10.0.101\Sdks\Microsoft.NET.Sdk\targets\Microsoft.NET.Sdk.DefaultItems.targets (42,5)
       C:\Program Files\dotnet\sdk\10.0.101\Sdks\Microsoft.NET.Sdk\targets\Microsoft.NET.Sdk.DefaultItems.targets(43,5): message : Réassignation de propriété : $(DefaultItemExcludes)=";bin\Debug\/**;obj\Debug\/**;bin\/**;obj\/**;**/*.user;**/*.*proj;**/*.sln;**/*.slnx" (valeur précédente : ";bin\Debug\/**;obj\Debug\/**;bin\/**;obj\/**;**/*.user;**/*.*proj;**/*.sln") à C:\Program Files\dotnet\sdk\10.0.101\Sdks\Microsoft.NET.Sdk\targets\Microsoft.NET.Sdk.DefaultItems.targets (43,5)
       C:\Program Files\dotnet\sdk\10.0.101\Sdks\Microsoft.NET.Sdk\targets\Microsoft.NET.Sdk.DefaultItems.targets(44,5): message : Réassignation de propriété : $(DefaultItemExcludes)=";bin\Debug\/**;obj\Debug\/**;bin\/**;obj\/**;**/*.user;**/*.*proj;**/*.sln;**/*.slnx;**/*.vssscc" (valeur précédente : ";bin\Debug\/**;obj\Debug\/**;bin\/**;obj\/**;**/*.user;**/*.*proj;**/*.sln;**/*.slnx") à C:\Program Files\dotnet\sdk\10.0.101\Sdks\Microsoft.NET.Sdk\targets\Microsoft.NET.Sdk.DefaultItems.targets (44,5)
       C:\Program Files\dotnet\sdk\10.0.101\Sdks\Microsoft.NET.Sdk\targets\Microsoft.NET.Sdk.DefaultItems.targets(45,5): message : Réassignation de propriété : $(DefaultItemExcludes)=";bin\Debug\/**;obj\Debug\/**;bin\/**;obj\/**;**/*.user;**/*.*proj;**/*.sln;**/*.slnx;**/*.vssscc;**/.DS_Store" (valeur précédente : ";bin\Debug\/**;obj\Debug\/**;bin\/**;obj\/**;**/*.user;**/*.*proj;**/*.sln;**/*.slnx;**/*.vssscc") à C:\Program Files\dotnet\sdk\10.0.101\Sdks\Microsoft.NET.Sdk\targets\Microsoft.NET.Sdk.DefaultItems.targets (45,5)
       C:\Program Files\dotnet\sdk\10.0.101\Sdks\Microsoft.NET.Sdk\targets\Microsoft.NET.Sdk.FrameworkReferenceResolution.targets(14,5): message : Réassignation de propriété : $(ResolveAssemblyReferencesDependsOn)="
       C:\Program Files\dotnet\sdk\10.0.101\Sdks\Microsoft.NET.Sdk\targets\Microsoft.NET.Sdk.FrameworkReferenceResolution.targets(14,5): message :       
       C:\Program Files\dotnet\sdk\10.0.101\Sdks\Microsoft.NET.Sdk\targets\Microsoft.NET.Sdk.FrameworkReferenceResolution.targets(14,5): message :       
       C:\Program Files\dotnet\sdk\10.0.101\Sdks\Microsoft.NET.Sdk\targets\Microsoft.NET.Sdk.FrameworkReferenceResolution.targets(14,5): message :       ResolveProjectReferences;
       C:\Program Files\dotnet\sdk\10.0.101\Sdks\Microsoft.NET.Sdk\targets\Microsoft.NET.Sdk.FrameworkReferenceResolution.targets(14,5): message :       FindInvalidProjectReferences;
       C:\Program Files\dotnet\sdk\10.0.101\Sdks\Microsoft.NET.Sdk\targets\Microsoft.NET.Sdk.FrameworkReferenceResolution.targets(14,5): message :       GetFrameworkPaths;
       C:\Program Files\dotnet\sdk\10.0.101\Sdks\Microsoft.NET.Sdk\targets\Microsoft.NET.Sdk.FrameworkReferenceResolution.targets(14,5): message :       GetReferenceAssemblyPaths;
       C:\Program Files\dotnet\sdk\10.0.101\Sdks\Microsoft.NET.Sdk\targets\Microsoft.NET.Sdk.FrameworkReferenceResolution.targets(14,5): message :       PrepareForBuild;
       C:\Program Files\dotnet\sdk\10.0.101\Sdks\Microsoft.NET.Sdk\targets\Microsoft.NET.Sdk.FrameworkReferenceResolution.targets(14,5): message :       ResolveSDKReferences;
       C:\Program Files\dotnet\sdk\10.0.101\Sdks\Microsoft.NET.Sdk\targets\Microsoft.NET.Sdk.FrameworkReferenceResolution.targets(14,5): message :       ExpandSDKReferences;
       C:\Program Files\dotnet\sdk\10.0.101\Sdks\Microsoft.NET.Sdk\targets\Microsoft.NET.Sdk.FrameworkReferenceResolution.targets(14,5): message :     ;
       C:\Program Files\dotnet\sdk\10.0.101\Sdks\Microsoft.NET.Sdk\targets\Microsoft.NET.Sdk.FrameworkReferenceResolution.targets(14,5): message :       ResolvePackageDependenciesForBuild;
       C:\Program Files\dotnet\sdk\10.0.101\Sdks\Microsoft.NET.Sdk\targets\Microsoft.NET.Sdk.FrameworkReferenceResolution.targets(14,5): message :       _HandlePackageFileConflicts;
       C:\Program Files\dotnet\sdk\10.0.101\Sdks\Microsoft.NET.Sdk\targets\Microsoft.NET.Sdk.FrameworkReferenceResolution.targets(14,5): message :     ;
       C:\Program Files\dotnet\sdk\10.0.101\Sdks\Microsoft.NET.Sdk\targets\Microsoft.NET.Sdk.FrameworkReferenceResolution.targets(14,5): message :       ResolveTargetingPackAssets;
       C:\Program Files\dotnet\sdk\10.0.101\Sdks\Microsoft.NET.Sdk\targets\Microsoft.NET.Sdk.FrameworkReferenceResolution.targets(14,5): message :     " (valeur précédente : "
       C:\Program Files\dotnet\sdk\10.0.101\Sdks\Microsoft.NET.Sdk\targets\Microsoft.NET.Sdk.FrameworkReferenceResolution.targets(14,5): message :       
       C:\Program Files\dotnet\sdk\10.0.101\Sdks\Microsoft.NET.Sdk\targets\Microsoft.NET.Sdk.FrameworkReferenceResolution.targets(14,5): message :       ResolveProjectReferences;
       C:\Program Files\dotnet\sdk\10.0.101\Sdks\Microsoft.NET.Sdk\targets\Microsoft.NET.Sdk.FrameworkReferenceResolution.targets(14,5): message :       FindInvalidProjectReferences;
       C:\Program Files\dotnet\sdk\10.0.101\Sdks\Microsoft.NET.Sdk\targets\Microsoft.NET.Sdk.FrameworkReferenceResolution.targets(14,5): message :       GetFrameworkPaths;
       C:\Program Files\dotnet\sdk\10.0.101\Sdks\Microsoft.NET.Sdk\targets\Microsoft.NET.Sdk.FrameworkReferenceResolution.targets(14,5): message :       GetReferenceAssemblyPaths;
       C:\Program Files\dotnet\sdk\10.0.101\Sdks\Microsoft.NET.Sdk\targets\Microsoft.NET.Sdk.FrameworkReferenceResolution.targets(14,5): message :       PrepareForBuild;
       C:\Program Files\dotnet\sdk\10.0.101\Sdks\Microsoft.NET.Sdk\targets\Microsoft.NET.Sdk.FrameworkReferenceResolution.targets(14,5): message :       ResolveSDKReferences;
       C:\Program Files\dotnet\sdk\10.0.101\Sdks\Microsoft.NET.Sdk\targets\Microsoft.NET.Sdk.FrameworkReferenceResolution.targets(14,5): message :       ExpandSDKReferences;
       C:\Program Files\dotnet\sdk\10.0.101\Sdks\Microsoft.NET.Sdk\targets\Microsoft.NET.Sdk.FrameworkReferenceResolution.targets(14,5): message :     ;
       C:\Program Files\dotnet\sdk\10.0.101\Sdks\Microsoft.NET.Sdk\targets\Microsoft.NET.Sdk.FrameworkReferenceResolution.targets(14,5): message :       ResolvePackageDependenciesForBuild;
       C:\Program Files\dotnet\sdk\10.0.101\Sdks\Microsoft.NET.Sdk\targets\Microsoft.NET.Sdk.FrameworkReferenceResolution.targets(14,5): message :       _HandlePackageFileConflicts;
       C:\Program Files\dotnet\sdk\10.0.101\Sdks\Microsoft.NET.Sdk\targets\Microsoft.NET.Sdk.FrameworkReferenceResolution.targets(14,5): message :     ") à C:\Program Files\dotnet\sdk\10.0.101\Sdks\Microsoft.NET.Sdk\targets\Microsoft.NET.Sdk.FrameworkReferenceResolution.targets (14,5)
       C:\Program Files\dotnet\sdk\10.0.101\Sdks\Microsoft.NET.Sdk\targets\Microsoft.NET.Sdk.targets(44,5): message : Réassignation de propriété : $(_GenerateRuntimeConfigurationPropertyInputsCache)="C:\Users\Administrateur\Documents\DossierPartage\PROGRAMATION\SystemeCaisse\SystemeCaisse.Core\obj\Debug\net8.0\SystemeCaisse.Core.genruntimeconfig.cache" (valeur précédente : "obj\Debug\net8.0\SystemeCaisse.Core.genruntimeconfig.cache") à C:\Program Files\dotnet\sdk\10.0.101\Sdks\Microsoft.NET.Sdk\targets\Microsoft.NET.Sdk.targets (44,5)
       C:\Program Files\dotnet\sdk\10.0.101\Sdks\Microsoft.NET.Sdk\targets\Microsoft.NET.Sdk.targets(46,5): message : Réassignation de propriété : $(_GeneratePublishDependencyFilePropertyInputsCache)="C:\Users\Administrateur\Documents\DossierPartage\PROGRAMATION\SystemeCaisse\SystemeCaisse.Core\obj\Debug\net8.0\SystemeCaisse.Core.genpublishdeps.cache" (valeur précédente : "obj\Debug\net8.0\SystemeCaisse.Core.genpublishdeps.cache") à C:\Program Files\dotnet\sdk\10.0.101\Sdks\Microsoft.NET.Sdk\targets\Microsoft.NET.Sdk.targets (46,5)
       C:\Program Files\dotnet\sdk\10.0.101\Sdks\Microsoft.NET.Sdk\targets\Microsoft.NET.Sdk.targets(48,5): message : Réassignation de propriété : $(_GenerateSingleFileBundlePropertyInputsCache)="C:\Users\Administrateur\Documents\DossierPartage\PROGRAMATION\SystemeCaisse\SystemeCaisse.Core\obj\Debug\net8.0\SystemeCaisse.Core.genbundle.cache" (valeur précédente : "obj\Debug\net8.0\SystemeCaisse.Core.genbundle.cache") à C:\Program Files\dotnet\sdk\10.0.101\Sdks\Microsoft.NET.Sdk\targets\Microsoft.NET.Sdk.targets (48,5)
       C:\Program Files\dotnet\sdk\10.0.101\Sdks\Microsoft.NET.Sdk\targets\Microsoft.NET.Sdk.targets(81,5): message : Réassignation de propriété : $(GenerateRuntimeConfigDevFile)="false" (valeur précédente : "true") à C:\Program Files\dotnet\sdk\10.0.101\Sdks\Microsoft.NET.Sdk\targets\Microsoft.NET.Sdk.targets (81,5)
       C:\Program Files\dotnet\sdk\10.0.101\Sdks\Microsoft.NET.Sdk\targets\Microsoft.NET.Sdk.targets(98,5): message : Propriété 'USERPROFILE' avec la valeur 'C:\Users\Administrateur' développée à partir de l’environnement.
       C:\Program Files\dotnet\sdk\10.0.101\Sdks\Microsoft.NET.Sdk\targets\Microsoft.NET.Sdk.targets(98,5): message : Réassignation de propriété : $(_DefaultUserProfileRuntimeStorePath)="C:\Users\Administrateur" (valeur précédente : "") à C:\Program Files\dotnet\sdk\10.0.101\Sdks\Microsoft.NET.Sdk\targets\Microsoft.NET.Sdk.targets (98,5)
       C:\Program Files\dotnet\sdk\10.0.101\Sdks\Microsoft.NET.Sdk\targets\Microsoft.NET.Sdk.targets(99,5): message : Réassignation de propriété : $(_DefaultUserProfileRuntimeStorePath)="C:\Users\Administrateur\.dotnet\store" (valeur précédente : "C:\Users\Administrateur") à C:\Program Files\dotnet\sdk\10.0.101\Sdks\Microsoft.NET.Sdk\targets\Microsoft.NET.Sdk.targets (99,5)
       C:\Program Files\dotnet\sdk\10.0.101\Sdks\Microsoft.NET.Sdk\targets\Microsoft.NET.Sdk.targets(144,5): message : Réassignation de propriété : $(AvailablePlatforms)="Any CPU,x86,x64,ARM32" (valeur précédente : "Any CPU,x86,x64") à C:\Program Files\dotnet\sdk\10.0.101\Sdks\Microsoft.NET.Sdk\targets\Microsoft.NET.Sdk.targets (144,5)
       C:\Program Files\dotnet\sdk\10.0.101\Sdks\Microsoft.NET.Sdk\targets\Microsoft.NET.Sdk.targets(148,5): message : Réassignation de propriété : $(AvailablePlatforms)="Any CPU,x86,x64,ARM32,ARM64" (valeur précédente : "Any CPU,x86,x64,ARM32") à C:\Program Files\dotnet\sdk\10.0.101\Sdks\Microsoft.NET.Sdk\targets\Microsoft.NET.Sdk.targets (148,5)
       C:\Program Files\dotnet\sdk\10.0.101\Sdks\Microsoft.NET.Sdk\targets\Microsoft.NET.Sdk.targets(204,5): message : Réassignation de propriété : $(CoreBuildDependsOn)="
       C:\Program Files\dotnet\sdk\10.0.101\Sdks\Microsoft.NET.Sdk\targets\Microsoft.NET.Sdk.targets(204,5): message :       _CheckForBuildWithNoBuild;
       C:\Program Files\dotnet\sdk\10.0.101\Sdks\Microsoft.NET.Sdk\targets\Microsoft.NET.Sdk.targets(204,5): message :       
       C:\Program Files\dotnet\sdk\10.0.101\Sdks\Microsoft.NET.Sdk\targets\Microsoft.NET.Sdk.targets(204,5): message :       BuildOnlySettings;
       C:\Program Files\dotnet\sdk\10.0.101\Sdks\Microsoft.NET.Sdk\targets\Microsoft.NET.Sdk.targets(204,5): message :       PrepareForBuild;
       C:\Program Files\dotnet\sdk\10.0.101\Sdks\Microsoft.NET.Sdk\targets\Microsoft.NET.Sdk.targets(204,5): message :       PreBuildEvent;
       C:\Program Files\dotnet\sdk\10.0.101\Sdks\Microsoft.NET.Sdk\targets\Microsoft.NET.Sdk.targets(204,5): message :       ResolveReferences;
       C:\Program Files\dotnet\sdk\10.0.101\Sdks\Microsoft.NET.Sdk\targets\Microsoft.NET.Sdk.targets(204,5): message :       PrepareResources;
       C:\Program Files\dotnet\sdk\10.0.101\Sdks\Microsoft.NET.Sdk\targets\Microsoft.NET.Sdk.targets(204,5): message :       ResolveKeySource;
       C:\Program Files\dotnet\sdk\10.0.101\Sdks\Microsoft.NET.Sdk\targets\Microsoft.NET.Sdk.targets(204,5): message :       Compile;
       C:\Program Files\dotnet\sdk\10.0.101\Sdks\Microsoft.NET.Sdk\targets\Microsoft.NET.Sdk.targets(204,5): message :       ExportWindowsMDFile;
       C:\Program Files\dotnet\sdk\10.0.101\Sdks\Microsoft.NET.Sdk\targets\Microsoft.NET.Sdk.targets(204,5): message :       UnmanagedUnregistration;
       C:\Program Files\dotnet\sdk\10.0.101\Sdks\Microsoft.NET.Sdk\targets\Microsoft.NET.Sdk.targets(204,5): message :       GenerateSerializationAssemblies;
       C:\Program Files\dotnet\sdk\10.0.101\Sdks\Microsoft.NET.Sdk\targets\Microsoft.NET.Sdk.targets(204,5): message :       CreateSatelliteAssemblies;
       C:\Program Files\dotnet\sdk\10.0.101\Sdks\Microsoft.NET.Sdk\targets\Microsoft.NET.Sdk.targets(204,5): message :       GenerateManifests;
       C:\Program Files\dotnet\sdk\10.0.101\Sdks\Microsoft.NET.Sdk\targets\Microsoft.NET.Sdk.targets(204,5): message :       GetTargetPath;
       C:\Program Files\dotnet\sdk\10.0.101\Sdks\Microsoft.NET.Sdk\targets\Microsoft.NET.Sdk.targets(204,5): message :       PrepareForRun;
       C:\Program Files\dotnet\sdk\10.0.101\Sdks\Microsoft.NET.Sdk\targets\Microsoft.NET.Sdk.targets(204,5): message :       UnmanagedRegistration;
       C:\Program Files\dotnet\sdk\10.0.101\Sdks\Microsoft.NET.Sdk\targets\Microsoft.NET.Sdk.targets(204,5): message :       IncrementalClean;
       C:\Program Files\dotnet\sdk\10.0.101\Sdks\Microsoft.NET.Sdk\targets\Microsoft.NET.Sdk.targets(204,5): message :       PostBuildEvent
       C:\Program Files\dotnet\sdk\10.0.101\Sdks\Microsoft.NET.Sdk\targets\Microsoft.NET.Sdk.targets(204,5): message :     ;
       C:\Program Files\dotnet\sdk\10.0.101\Sdks\Microsoft.NET.Sdk\targets\Microsoft.NET.Sdk.targets(204,5): message :       GenerateBuildDependencyFile;
       C:\Program Files\dotnet\sdk\10.0.101\Sdks\Microsoft.NET.Sdk\targets\Microsoft.NET.Sdk.targets(204,5): message :       GenerateBuildRuntimeConfigurationFiles
       C:\Program Files\dotnet\sdk\10.0.101\Sdks\Microsoft.NET.Sdk\targets\Microsoft.NET.Sdk.targets(204,5): message :     " (valeur précédente : "
       C:\Program Files\dotnet\sdk\10.0.101\Sdks\Microsoft.NET.Sdk\targets\Microsoft.NET.Sdk.targets(204,5): message :       BuildOnlySettings;
       C:\Program Files\dotnet\sdk\10.0.101\Sdks\Microsoft.NET.Sdk\targets\Microsoft.NET.Sdk.targets(204,5): message :       PrepareForBuild;
       C:\Program Files\dotnet\sdk\10.0.101\Sdks\Microsoft.NET.Sdk\targets\Microsoft.NET.Sdk.targets(204,5): message :       PreBuildEvent;
       C:\Program Files\dotnet\sdk\10.0.101\Sdks\Microsoft.NET.Sdk\targets\Microsoft.NET.Sdk.targets(204,5): message :       ResolveReferences;
       C:\Program Files\dotnet\sdk\10.0.101\Sdks\Microsoft.NET.Sdk\targets\Microsoft.NET.Sdk.targets(204,5): message :       PrepareResources;
       C:\Program Files\dotnet\sdk\10.0.101\Sdks\Microsoft.NET.Sdk\targets\Microsoft.NET.Sdk.targets(204,5): message :       ResolveKeySource;
       C:\Program Files\dotnet\sdk\10.0.101\Sdks\Microsoft.NET.Sdk\targets\Microsoft.NET.Sdk.targets(204,5): message :       Compile;
       C:\Program Files\dotnet\sdk\10.0.101\Sdks\Microsoft.NET.Sdk\targets\Microsoft.NET.Sdk.targets(204,5): message :       ExportWindowsMDFile;
       C:\Program Files\dotnet\sdk\10.0.101\Sdks\Microsoft.NET.Sdk\targets\Microsoft.NET.Sdk.targets(204,5): message :       UnmanagedUnregistration;
       C:\Program Files\dotnet\sdk\10.0.101\Sdks\Microsoft.NET.Sdk\targets\Microsoft.NET.Sdk.targets(204,5): message :       GenerateSerializationAssemblies;
       C:\Program Files\dotnet\sdk\10.0.101\Sdks\Microsoft.NET.Sdk\targets\Microsoft.NET.Sdk.targets(204,5): message :       CreateSatelliteAssemblies;
       C:\Program Files\dotnet\sdk\10.0.101\Sdks\Microsoft.NET.Sdk\targets\Microsoft.NET.Sdk.targets(204,5): message :       GenerateManifests;
       C:\Program Files\dotnet\sdk\10.0.101\Sdks\Microsoft.NET.Sdk\targets\Microsoft.NET.Sdk.targets(204,5): message :       GetTargetPath;
       C:\Program Files\dotnet\sdk\10.0.101\Sdks\Microsoft.NET.Sdk\targets\Microsoft.NET.Sdk.targets(204,5): message :       PrepareForRun;
       C:\Program Files\dotnet\sdk\10.0.101\Sdks\Microsoft.NET.Sdk\targets\Microsoft.NET.Sdk.targets(204,5): message :       UnmanagedRegistration;
       C:\Program Files\dotnet\sdk\10.0.101\Sdks\Microsoft.NET.Sdk\targets\Microsoft.NET.Sdk.targets(204,5): message :       IncrementalClean;
       C:\Program Files\dotnet\sdk\10.0.101\Sdks\Microsoft.NET.Sdk\targets\Microsoft.NET.Sdk.targets(204,5): message :       PostBuildEvent
       C:\Program Files\dotnet\sdk\10.0.101\Sdks\Microsoft.NET.Sdk\targets\Microsoft.NET.Sdk.targets(204,5): message :     ") à C:\Program Files\dotnet\sdk\10.0.101\Sdks\Microsoft.NET.Sdk\targets\Microsoft.NET.Sdk.targets (204,5)
       C:\Program Files\dotnet\sdk\10.0.101\Sdks\Microsoft.NET.Sdk\targets\Microsoft.NET.Sdk.targets(213,5): message : Réassignation de propriété : $(CoreCleanDependsOn)="
       C:\Program Files\dotnet\sdk\10.0.101\Sdks\Microsoft.NET.Sdk\targets\Microsoft.NET.Sdk.targets(213,5): message :       _SdkBeforeClean;
       C:\Program Files\dotnet\sdk\10.0.101\Sdks\Microsoft.NET.Sdk\targets\Microsoft.NET.Sdk.targets(213,5): message :       
       C:\Program Files\dotnet\sdk\10.0.101\Sdks\Microsoft.NET.Sdk\targets\Microsoft.NET.Sdk.targets(213,5): message :     " (valeur précédente : "") à C:\Program Files\dotnet\sdk\10.0.101\Sdks\Microsoft.NET.Sdk\targets\Microsoft.NET.Sdk.targets (213,5)
       C:\Program Files\dotnet\sdk\10.0.101\Sdks\Microsoft.NET.Sdk\targets\Microsoft.NET.Sdk.targets(220,5): message : Réassignation de propriété : $(RebuildDependsOn)="
       C:\Program Files\dotnet\sdk\10.0.101\Sdks\Microsoft.NET.Sdk\targets\Microsoft.NET.Sdk.targets(220,5): message :       _SdkBeforeRebuild;
       C:\Program Files\dotnet\sdk\10.0.101\Sdks\Microsoft.NET.Sdk\targets\Microsoft.NET.Sdk.targets(220,5): message :       
       C:\Program Files\dotnet\sdk\10.0.101\Sdks\Microsoft.NET.Sdk\targets\Microsoft.NET.Sdk.targets(220,5): message :       BeforeRebuild;
       C:\Program Files\dotnet\sdk\10.0.101\Sdks\Microsoft.NET.Sdk\targets\Microsoft.NET.Sdk.targets(220,5): message :       Clean;
       C:\Program Files\dotnet\sdk\10.0.101\Sdks\Microsoft.NET.Sdk\targets\Microsoft.NET.Sdk.targets(220,5): message :       Build;
       C:\Program Files\dotnet\sdk\10.0.101\Sdks\Microsoft.NET.Sdk\targets\Microsoft.NET.Sdk.targets(220,5): message :       AfterRebuild;
       C:\Program Files\dotnet\sdk\10.0.101\Sdks\Microsoft.NET.Sdk\targets\Microsoft.NET.Sdk.targets(220,5): message :     
       C:\Program Files\dotnet\sdk\10.0.101\Sdks\Microsoft.NET.Sdk\targets\Microsoft.NET.Sdk.targets(220,5): message :     " (valeur précédente : "
       C:\Program Files\dotnet\sdk\10.0.101\Sdks\Microsoft.NET.Sdk\targets\Microsoft.NET.Sdk.targets(220,5): message :       BeforeRebuild;
       C:\Program Files\dotnet\sdk\10.0.101\Sdks\Microsoft.NET.Sdk\targets\Microsoft.NET.Sdk.targets(220,5): message :       Clean;
       C:\Program Files\dotnet\sdk\10.0.101\Sdks\Microsoft.NET.Sdk\targets\Microsoft.NET.Sdk.targets(220,5): message :       Build;
       C:\Program Files\dotnet\sdk\10.0.101\Sdks\Microsoft.NET.Sdk\targets\Microsoft.NET.Sdk.targets(220,5): message :       AfterRebuild;
       C:\Program Files\dotnet\sdk\10.0.101\Sdks\Microsoft.NET.Sdk\targets\Microsoft.NET.Sdk.targets(220,5): message :     ") à C:\Program Files\dotnet\sdk\10.0.101\Sdks\Microsoft.NET.Sdk\targets\Microsoft.NET.Sdk.targets (220,5)
       C:\Program Files\dotnet\sdk\10.0.101\Sdks\Microsoft.NET.Sdk\targets\Microsoft.NET.Sdk.targets(799,5): message : Réassignation de propriété : $(CompileDependsOn)="
       C:\Program Files\dotnet\sdk\10.0.101\Sdks\Microsoft.NET.Sdk\targets\Microsoft.NET.Sdk.targets(799,5): message :       
       C:\Program Files\dotnet\sdk\10.0.101\Sdks\Microsoft.NET.Sdk\targets\Microsoft.NET.Sdk.targets(799,5): message :       ResolveReferences;
       C:\Program Files\dotnet\sdk\10.0.101\Sdks\Microsoft.NET.Sdk\targets\Microsoft.NET.Sdk.targets(799,5): message :       ResolveKeySource;
       C:\Program Files\dotnet\sdk\10.0.101\Sdks\Microsoft.NET.Sdk\targets\Microsoft.NET.Sdk.targets(799,5): message :       SetWin32ManifestProperties;
       C:\Program Files\dotnet\sdk\10.0.101\Sdks\Microsoft.NET.Sdk\targets\Microsoft.NET.Sdk.targets(799,5): message :       _SetPreferNativeArm64Win32ManifestProperties;
       C:\Program Files\dotnet\sdk\10.0.101\Sdks\Microsoft.NET.Sdk\targets\Microsoft.NET.Sdk.targets(799,5): message :       FindReferenceAssembliesForReferences;
       C:\Program Files\dotnet\sdk\10.0.101\Sdks\Microsoft.NET.Sdk\targets\Microsoft.NET.Sdk.targets(799,5): message :       _GenerateCompileInputs;
       C:\Program Files\dotnet\sdk\10.0.101\Sdks\Microsoft.NET.Sdk\targets\Microsoft.NET.Sdk.targets(799,5): message :       BeforeCompile;
       C:\Program Files\dotnet\sdk\10.0.101\Sdks\Microsoft.NET.Sdk\targets\Microsoft.NET.Sdk.targets(799,5): message :       _TimeStampBeforeCompile;
       C:\Program Files\dotnet\sdk\10.0.101\Sdks\Microsoft.NET.Sdk\targets\Microsoft.NET.Sdk.targets(799,5): message :       _GenerateCompileDependencyCache;
       C:\Program Files\dotnet\sdk\10.0.101\Sdks\Microsoft.NET.Sdk\targets\Microsoft.NET.Sdk.targets(799,5): message :       CoreCompile;
       C:\Program Files\dotnet\sdk\10.0.101\Sdks\Microsoft.NET.Sdk\targets\Microsoft.NET.Sdk.targets(799,5): message :       _TimeStampAfterCompile;
       C:\Program Files\dotnet\sdk\10.0.101\Sdks\Microsoft.NET.Sdk\targets\Microsoft.NET.Sdk.targets(799,5): message :       AfterCompile;
       C:\Program Files\dotnet\sdk\10.0.101\Sdks\Microsoft.NET.Sdk\targets\Microsoft.NET.Sdk.targets(799,5): message :     ;
       C:\Program Files\dotnet\sdk\10.0.101\Sdks\Microsoft.NET.Sdk\targets\Microsoft.NET.Sdk.targets(799,5): message :       _CreateAppHost;
       C:\Program Files\dotnet\sdk\10.0.101\Sdks\Microsoft.NET.Sdk\targets\Microsoft.NET.Sdk.targets(799,5): message :       _CreateComHost;
       C:\Program Files\dotnet\sdk\10.0.101\Sdks\Microsoft.NET.Sdk\targets\Microsoft.NET.Sdk.targets(799,5): message :       _GetIjwHostPaths;
       C:\Program Files\dotnet\sdk\10.0.101\Sdks\Microsoft.NET.Sdk\targets\Microsoft.NET.Sdk.targets(799,5): message :     " (valeur précédente : "
       C:\Program Files\dotnet\sdk\10.0.101\Sdks\Microsoft.NET.Sdk\targets\Microsoft.NET.Sdk.targets(799,5): message :       ResolveReferences;
       C:\Program Files\dotnet\sdk\10.0.101\Sdks\Microsoft.NET.Sdk\targets\Microsoft.NET.Sdk.targets(799,5): message :       ResolveKeySource;
       C:\Program Files\dotnet\sdk\10.0.101\Sdks\Microsoft.NET.Sdk\targets\Microsoft.NET.Sdk.targets(799,5): message :       SetWin32ManifestProperties;
       C:\Program Files\dotnet\sdk\10.0.101\Sdks\Microsoft.NET.Sdk\targets\Microsoft.NET.Sdk.targets(799,5): message :       _SetPreferNativeArm64Win32ManifestProperties;
       C:\Program Files\dotnet\sdk\10.0.101\Sdks\Microsoft.NET.Sdk\targets\Microsoft.NET.Sdk.targets(799,5): message :       FindReferenceAssembliesForReferences;
       C:\Program Files\dotnet\sdk\10.0.101\Sdks\Microsoft.NET.Sdk\targets\Microsoft.NET.Sdk.targets(799,5): message :       _GenerateCompileInputs;
       C:\Program Files\dotnet\sdk\10.0.101\Sdks\Microsoft.NET.Sdk\targets\Microsoft.NET.Sdk.targets(799,5): message :       BeforeCompile;
       C:\Program Files\dotnet\sdk\10.0.101\Sdks\Microsoft.NET.Sdk\targets\Microsoft.NET.Sdk.targets(799,5): message :       _TimeStampBeforeCompile;
       C:\Program Files\dotnet\sdk\10.0.101\Sdks\Microsoft.NET.Sdk\targets\Microsoft.NET.Sdk.targets(799,5): message :       _GenerateCompileDependencyCache;
       C:\Program Files\dotnet\sdk\10.0.101\Sdks\Microsoft.NET.Sdk\targets\Microsoft.NET.Sdk.targets(799,5): message :       CoreCompile;
       C:\Program Files\dotnet\sdk\10.0.101\Sdks\Microsoft.NET.Sdk\targets\Microsoft.NET.Sdk.targets(799,5): message :       _TimeStampAfterCompile;
       C:\Program Files\dotnet\sdk\10.0.101\Sdks\Microsoft.NET.Sdk\targets\Microsoft.NET.Sdk.targets(799,5): message :       AfterCompile;
       C:\Program Files\dotnet\sdk\10.0.101\Sdks\Microsoft.NET.Sdk\targets\Microsoft.NET.Sdk.targets(799,5): message :     ") à C:\Program Files\dotnet\sdk\10.0.101\Sdks\Microsoft.NET.Sdk\targets\Microsoft.NET.Sdk.targets (799,5)
       C:\Program Files\dotnet\sdk\10.0.101\Sdks\Microsoft.NET.Sdk\targets\Microsoft.NET.Sdk.targets(1131,5): message : Réassignation de propriété : $(CreateSatelliteAssembliesDependsOn)="
       C:\Program Files\dotnet\sdk\10.0.101\Sdks\Microsoft.NET.Sdk\targets\Microsoft.NET.Sdk.targets(1131,5): message :       
       C:\Program Files\dotnet\sdk\10.0.101\Sdks\Microsoft.NET.Sdk\targets\Microsoft.NET.Sdk.targets(1131,5): message :       ;
       C:\Program Files\dotnet\sdk\10.0.101\Sdks\Microsoft.NET.Sdk\targets\Microsoft.NET.Sdk.targets(1131,5): message :       _GenerateSatelliteAssemblyInputs;
       C:\Program Files\dotnet\sdk\10.0.101\Sdks\Microsoft.NET.Sdk\targets\Microsoft.NET.Sdk.targets(1131,5): message :       ComputeIntermediateSatelliteAssemblies;
       C:\Program Files\dotnet\sdk\10.0.101\Sdks\Microsoft.NET.Sdk\targets\Microsoft.NET.Sdk.targets(1131,5): message :       GenerateSatelliteAssemblies
       C:\Program Files\dotnet\sdk\10.0.101\Sdks\Microsoft.NET.Sdk\targets\Microsoft.NET.Sdk.targets(1131,5): message :     ;
       C:\Program Files\dotnet\sdk\10.0.101\Sdks\Microsoft.NET.Sdk\targets\Microsoft.NET.Sdk.targets(1131,5): message :       CoreGenerateSatelliteAssemblies
       C:\Program Files\dotnet\sdk\10.0.101\Sdks\Microsoft.NET.Sdk\targets\Microsoft.NET.Sdk.targets(1131,5): message :     " (valeur précédente : "
       C:\Program Files\dotnet\sdk\10.0.101\Sdks\Microsoft.NET.Sdk\targets\Microsoft.NET.Sdk.targets(1131,5): message :       ;
       C:\Program Files\dotnet\sdk\10.0.101\Sdks\Microsoft.NET.Sdk\targets\Microsoft.NET.Sdk.targets(1131,5): message :       _GenerateSatelliteAssemblyInputs;
       C:\Program Files\dotnet\sdk\10.0.101\Sdks\Microsoft.NET.Sdk\targets\Microsoft.NET.Sdk.targets(1131,5): message :       ComputeIntermediateSatelliteAssemblies;
       C:\Program Files\dotnet\sdk\10.0.101\Sdks\Microsoft.NET.Sdk\targets\Microsoft.NET.Sdk.targets(1131,5): message :       GenerateSatelliteAssemblies
       C:\Program Files\dotnet\sdk\10.0.101\Sdks\Microsoft.NET.Sdk\targets\Microsoft.NET.Sdk.targets(1131,5): message :     ") à C:\Program Files\dotnet\sdk\10.0.101\Sdks\Microsoft.NET.Sdk\targets\Microsoft.NET.Sdk.targets (1131,5)
       C:\Program Files\dotnet\sdk\10.0.101\Sdks\Microsoft.SourceLink.GitLab\build\Microsoft.SourceLink.GitLab.targets(12,5): message : Réassignation de propriété : $(SourceLinkUrlInitializerTargets)=";_InitializeGitHubSourceLinkUrl;_InitializeGitLabSourceLinkUrl" (valeur précédente : ";_InitializeGitHubSourceLinkUrl") à C:\Program Files\dotnet\sdk\10.0.101\Sdks\Microsoft.SourceLink.GitLab\build\Microsoft.SourceLink.GitLab.targets (12,5)
       C:\Program Files\dotnet\sdk\10.0.101\Sdks\Microsoft.SourceLink.GitLab\build\Microsoft.SourceLink.GitLab.targets(13,5): message : Réassignation de propriété : $(SourceControlManagerUrlTranslationTargets)=";TranslateGitHubUrlsInSourceControlInformation;TranslateGitLabUrlsInSourceControlInformation" (valeur précédente : ";TranslateGitHubUrlsInSourceControlInformation") à C:\Program Files\dotnet\sdk\10.0.101\Sdks\Microsoft.SourceLink.GitLab\build\Microsoft.SourceLink.GitLab.targets (13,5)
       C:\Program Files\dotnet\sdk\10.0.101\Sdks\Microsoft.SourceLink.AzureRepos.Git\build\Microsoft.SourceLink.AzureRepos.Git.targets(12,5): message : Réassignation de propriété : $(SourceLinkUrlInitializerTargets)=";_InitializeGitHubSourceLinkUrl;_InitializeGitLabSourceLinkUrl;_InitializeAzureReposGitSourceLinkUrl" (valeur précédente : ";_InitializeGitHubSourceLinkUrl;_InitializeGitLabSourceLinkUrl") à C:\Program Files\dotnet\sdk\10.0.101\Sdks\Microsoft.SourceLink.AzureRepos.Git\build\Microsoft.SourceLink.AzureRepos.Git.targets (12,5)
       C:\Program Files\dotnet\sdk\10.0.101\Sdks\Microsoft.SourceLink.AzureRepos.Git\build\Microsoft.SourceLink.AzureRepos.Git.targets(13,5): message : Réassignation de propriété : $(SourceControlManagerUrlTranslationTargets)=";TranslateGitHubUrlsInSourceControlInformation;TranslateGitLabUrlsInSourceControlInformation;TranslateAzureReposGitUrlsInSourceControlInformation" (valeur précédente : ";TranslateGitHubUrlsInSourceControlInformation;TranslateGitLabUrlsInSourceControlInformation") à C:\Program Files\dotnet\sdk\10.0.101\Sdks\Microsoft.SourceLink.AzureRepos.Git\build\Microsoft.SourceLink.AzureRepos.Git.targets (13,5)
       C:\Program Files\dotnet\sdk\10.0.101\Sdks\Microsoft.SourceLink.Bitbucket.Git\build\Microsoft.SourceLink.Bitbucket.Git.targets(12,5): message : Réassignation de propriété : $(SourceLinkUrlInitializerTargets)=";_InitializeGitHubSourceLinkUrl;_InitializeGitLabSourceLinkUrl;_InitializeAzureReposGitSourceLinkUrl;_InitializeBitbucketGitSourceLinkUrl" (valeur précédente : ";_InitializeGitHubSourceLinkUrl;_InitializeGitLabSourceLinkUrl;_InitializeAzureReposGitSourceLinkUrl") à C:\Program Files\dotnet\sdk\10.0.101\Sdks\Microsoft.SourceLink.Bitbucket.Git\build\Microsoft.SourceLink.Bitbucket.Git.targets (12,5)
       C:\Program Files\dotnet\sdk\10.0.101\Sdks\Microsoft.SourceLink.Bitbucket.Git\build\Microsoft.SourceLink.Bitbucket.Git.targets(13,5): message : Réassignation de propriété : $(SourceControlManagerUrlTranslationTargets)=";TranslateGitHubUrlsInSourceControlInformation;TranslateGitLabUrlsInSourceControlInformation;TranslateAzureReposGitUrlsInSourceControlInformation;TranslateBitbucketGitUrlsInSourceControlInformation" (valeur précédente : ";TranslateGitHubUrlsInSourceControlInformation;TranslateGitLabUrlsInSourceControlInformation;TranslateAzureReposGitUrlsInSourceControlInformation") à C:\Program Files\dotnet\sdk\10.0.101\Sdks\Microsoft.SourceLink.Bitbucket.Git\build\Microsoft.SourceLink.Bitbucket.Git.targets (13,5)
       C:\Program Files\dotnet\sdk\10.0.101\Sdks\Microsoft.NET.Sdk\targets\Microsoft.NET.DesignerSupport.targets(21,5): message : Réassignation de propriété : $(DesignerRuntimeImplementationProjectOutputGroupDependsOn)="
       C:\Program Files\dotnet\sdk\10.0.101\Sdks\Microsoft.NET.Sdk\targets\Microsoft.NET.DesignerSupport.targets(21,5): message :       
       C:\Program Files\dotnet\sdk\10.0.101\Sdks\Microsoft.NET.Sdk\targets\Microsoft.NET.DesignerSupport.targets(21,5): message :       ;
       C:\Program Files\dotnet\sdk\10.0.101\Sdks\Microsoft.NET.Sdk\targets\Microsoft.NET.DesignerSupport.targets(21,5): message :       
       C:\Program Files\dotnet\sdk\10.0.101\Sdks\Microsoft.NET.Sdk\targets\Microsoft.NET.DesignerSupport.targets(21,5): message :       ;
       C:\Program Files\dotnet\sdk\10.0.101\Sdks\Microsoft.NET.Sdk\targets\Microsoft.NET.DesignerSupport.targets(21,5): message :       BuildOnlySettings;
       C:\Program Files\dotnet\sdk\10.0.101\Sdks\Microsoft.NET.Sdk\targets\Microsoft.NET.DesignerSupport.targets(21,5): message :       PrepareForBuild;
       C:\Program Files\dotnet\sdk\10.0.101\Sdks\Microsoft.NET.Sdk\targets\Microsoft.NET.DesignerSupport.targets(21,5): message :       AssignTargetPaths;
       C:\Program Files\dotnet\sdk\10.0.101\Sdks\Microsoft.NET.Sdk\targets\Microsoft.NET.DesignerSupport.targets(21,5): message :       ResolveReferences
       C:\Program Files\dotnet\sdk\10.0.101\Sdks\Microsoft.NET.Sdk\targets\Microsoft.NET.DesignerSupport.targets(21,5): message :     
       C:\Program Files\dotnet\sdk\10.0.101\Sdks\Microsoft.NET.Sdk\targets\Microsoft.NET.DesignerSupport.targets(21,5): message :     ;
       C:\Program Files\dotnet\sdk\10.0.101\Sdks\Microsoft.NET.Sdk\targets\Microsoft.NET.DesignerSupport.targets(21,5): message :       _GenerateDesignerDepsFile;
       C:\Program Files\dotnet\sdk\10.0.101\Sdks\Microsoft.NET.Sdk\targets\Microsoft.NET.DesignerSupport.targets(21,5): message :       _GenerateDesignerRuntimeConfigFile;
       C:\Program Files\dotnet\sdk\10.0.101\Sdks\Microsoft.NET.Sdk\targets\Microsoft.NET.DesignerSupport.targets(21,5): message :       GetCopyToOutputDirectoryItems;
       C:\Program Files\dotnet\sdk\10.0.101\Sdks\Microsoft.NET.Sdk\targets\Microsoft.NET.DesignerSupport.targets(21,5): message :       _GatherDesignerShadowCopyFiles;
       C:\Program Files\dotnet\sdk\10.0.101\Sdks\Microsoft.NET.Sdk\targets\Microsoft.NET.DesignerSupport.targets(21,5): message :     " (valeur précédente : "
       C:\Program Files\dotnet\sdk\10.0.101\Sdks\Microsoft.NET.Sdk\targets\Microsoft.NET.DesignerSupport.targets(21,5): message :       ;
       C:\Program Files\dotnet\sdk\10.0.101\Sdks\Microsoft.NET.Sdk\targets\Microsoft.NET.DesignerSupport.targets(21,5): message :       
       C:\Program Files\dotnet\sdk\10.0.101\Sdks\Microsoft.NET.Sdk\targets\Microsoft.NET.DesignerSupport.targets(21,5): message :       ;
       C:\Program Files\dotnet\sdk\10.0.101\Sdks\Microsoft.NET.Sdk\targets\Microsoft.NET.DesignerSupport.targets(21,5): message :       BuildOnlySettings;
       C:\Program Files\dotnet\sdk\10.0.101\Sdks\Microsoft.NET.Sdk\targets\Microsoft.NET.DesignerSupport.targets(21,5): message :       PrepareForBuild;
       C:\Program Files\dotnet\sdk\10.0.101\Sdks\Microsoft.NET.Sdk\targets\Microsoft.NET.DesignerSupport.targets(21,5): message :       AssignTargetPaths;
       C:\Program Files\dotnet\sdk\10.0.101\Sdks\Microsoft.NET.Sdk\targets\Microsoft.NET.DesignerSupport.targets(21,5): message :       ResolveReferences
       C:\Program Files\dotnet\sdk\10.0.101\Sdks\Microsoft.NET.Sdk\targets\Microsoft.NET.DesignerSupport.targets(21,5): message :     
       C:\Program Files\dotnet\sdk\10.0.101\Sdks\Microsoft.NET.Sdk\targets\Microsoft.NET.DesignerSupport.targets(21,5): message :     ") à C:\Program Files\dotnet\sdk\10.0.101\Sdks\Microsoft.NET.Sdk\targets\Microsoft.NET.DesignerSupport.targets (21,5)
       C:\Program Files\dotnet\sdk\10.0.101\Sdks\Microsoft.NET.Sdk\targets\Microsoft.NET.Sdk.CSharp.targets(31,5): message : Réassignation de propriété : $(DefineConstants)="TRACE;DEBUG" (valeur précédente : "TRACE") à C:\Program Files\dotnet\sdk\10.0.101\Sdks\Microsoft.NET.Sdk\targets\Microsoft.NET.Sdk.CSharp.targets (31,5)
       C:\Program Files\dotnet\sdk\10.0.101\Sdks\Microsoft.NET.Sdk\targets\Microsoft.NET.Sdk.CSharp.targets(45,5): message : Réassignation de propriété : $(WarningsAsErrors)=";NU1605;SYSLIB0011" (valeur précédente : ";NU1605") à C:\Program Files\dotnet\sdk\10.0.101\Sdks\Microsoft.NET.Sdk\targets\Microsoft.NET.Sdk.CSharp.targets (45,5)
       C:\Program Files\dotnet\sdk\10.0.101\NuGet.Build.Tasks.Pack.targets(34,5): message : Réassignation de propriété : $(PackageDescription)="Package Description" (valeur précédente : "") à C:\Program Files\dotnet\sdk\10.0.101\NuGet.Build.Tasks.Pack.targets (34,5)
       C:\Program Files\dotnet\sdk\10.0.101\NuGet.Build.Tasks.Pack.targets(59,5): message : Réassignation de propriété : $(GenerateNuspecDependsOn)="Build;_LoadPackInputItems; _GetTargetFrameworksOutput; _WalkEachTargetPerFramework; _GetPackageFiles; " (valeur précédente : "_LoadPackInputItems; _GetTargetFrameworksOutput; _WalkEachTargetPerFramework; _GetPackageFiles; ") à C:\Program Files\dotnet\sdk\10.0.101\NuGet.Build.Tasks.Pack.targets (59,5)
       C:\Program Files\dotnet\sdk\10.0.101\Sdks\Microsoft.NET.Sdk\Sdk\Sdk.targets(59,5): message : Réassignation de propriété : $(_IsNotSetContainersTargetsDir)="true" (valeur précédente : "false") à C:\Program Files\dotnet\sdk\10.0.101\Sdks\Microsoft.NET.Sdk\Sdk\Sdk.targets (59,5)
       C:\Program Files\dotnet\sdk\10.0.101\Containers\build\Microsoft.NET.Build.Containers.targets(5,5): message : Réassignation de propriété : $(_IsSDKContainerAllowedVersion)="true" (valeur précédente : "false") à C:\Program Files\dotnet\sdk\10.0.101\Containers\build\Microsoft.NET.Build.Containers.targets (5,5)
       C:\Program Files\dotnet\sdk\10.0.101\Containers\build\Microsoft.NET.Build.Containers.targets(15,5): message : Réassignation de propriété : $(_ContainerIsTargetingNet8TFM)="true" (valeur précédente : "false") à C:\Program Files\dotnet\sdk\10.0.101\Containers\build\Microsoft.NET.Build.Containers.targets (15,5)
       Remplacement de la cible "ResolveFrameworkReferences" du projet "C:\Program Files\dotnet\sdk\10.0.101\Microsoft.Common.CurrentVersion.targets" par la cible "ResolveFrameworkReferences" du projet "C:\Program Files\dotnet\sdk\10.0.101\Sdks\Microsoft.NET.Sdk\targets\Microsoft.NET.Sdk.FrameworkReferenceResolution.targets".
       Remplacement de la cible "GenerateSupportedTargetFrameworkAlias" du projet "C:\Program Files\dotnet\sdk\10.0.101\Microsoft.Common.CurrentVersion.targets" par la cible "GenerateSupportedTargetFrameworkAlias" du projet "C:\Program Files\dotnet\sdk\10.0.101\Sdks\Microsoft.NET.Sdk\targets\Microsoft.NET.Sdk.targets".
       Remplacement de la cible "GetReferenceAssemblyPaths" du projet "C:\Program Files\dotnet\sdk\10.0.101\Microsoft.Common.CurrentVersion.targets" par la cible "GetReferenceAssemblyPaths" du projet "C:\Program Files\dotnet\sdk\10.0.101\Sdks\Microsoft.NET.Sdk\targets\Microsoft.NET.DisableStandardFrameworkResolution.targets".
       Remplacement de la cible "GetFrameworkPaths" du projet "C:\Program Files\dotnet\sdk\10.0.101\Microsoft.Common.CurrentVersion.targets" par la cible "GetFrameworkPaths" du projet "C:\Program Files\dotnet\sdk\10.0.101\Sdks\Microsoft.NET.Sdk\targets\Microsoft.NET.DisableStandardFrameworkResolution.targets".
       Remplacement de la cible "DesignerRuntimeImplementationProjectOutputGroup" du projet "C:\Program Files\dotnet\sdk\10.0.101\Microsoft.Common.CurrentVersion.targets" par la cible "DesignerRuntimeImplementationProjectOutputGroup" du projet "C:\Program Files\dotnet\sdk\10.0.101\Sdks\Microsoft.NET.Sdk\targets\Microsoft.NET.DesignerSupport.targets".
       Remplacement de la cible "Publish" du projet "C:\Program Files\dotnet\sdk\10.0.101\Microsoft.Common.CurrentVersion.targets" par la cible "Publish" du projet "C:\Program Files\dotnet\sdk\10.0.101\Sdks\Microsoft.NET.Sdk\targets\Microsoft.NET.Publish.targets".
       Remplacement de la cible "ResolveReadyToRunCompilers" du projet "C:\Program Files\dotnet\sdk\10.0.101\Sdks\Microsoft.NET.Sdk\targets\Microsoft.NET.CrossGen.targets" par la cible "ResolveReadyToRunCompilers" du projet "C:\Program Files\dotnet\sdk\10.0.101\Sdks\Microsoft.NET.Sdk\targets\Microsoft.NET.Publish.targets".
       Remplacement de la cible "GetCopyToPublishDirectoryItems" du projet "C:\Program Files\dotnet\sdk\10.0.101\Microsoft.Common.CurrentVersion.targets" par la cible "GetCopyToPublishDirectoryItems" du projet "C:\Program Files\dotnet\sdk\10.0.101\Sdks\Microsoft.NET.Sdk\targets\Microsoft.NET.Publish.targets".
       Remplacement de la cible "Run" du projet "C:\Program Files\dotnet\sdk\10.0.101\Microsoft.Common.CurrentVersion.targets" par la cible "Run" du projet "C:\Program Files\dotnet\sdk\10.0.101\Sdks\Microsoft.NET.Sdk\targets\Microsoft.NET.Sdk.targets".
   1:3>Le projet "C:\Users\Administrateur\Documents\DossierPartage\PROGRAMATION\SystemeCaisse\SystemeCaisse.Infrastructure\SystemeCaisse.Infrastructure.csproj" (1:3) génère "C:\Users\Administrateur\Documents\DossierPartage\PROGRAMATION\SystemeCaisse\SystemeCaisse.Core\SystemeCaisse.Core.csproj" (2) sur le nœud 1 (_GenerateRestoreProjectPathWalk cible(s)).
     2>Cible "_GenerateRestoreProjectPathItemsPerFramework" dans le fichier "C:\Program Files\dotnet\sdk\10.0.101\NuGet.targets" du projet "C:\Users\Administrateur\Documents\DossierPartage\PROGRAMATION\SystemeCaisse\SystemeCaisse.Core\SystemeCaisse.Core.csproj" (la cible "_GenerateRestoreProjectPathItemsCurrentProject" en dépend) :
     2>Tâche "ConvertToAbsolutePath"
       Exécution de la tâche "ConvertToAbsolutePath" terminée.
     2>Génération de la cible "_GenerateRestoreProjectPathItemsPerFramework" terminée dans le projet "SystemeCaisse.Core.csproj".
     2>Cible "_GenerateRestoreProjectPathItemsCurrentProject" dans le fichier "C:\Program Files\dotnet\sdk\10.0.101\NuGet.targets" du projet "C:\Users\Administrateur\Documents\DossierPartage\PROGRAMATION\SystemeCaisse\SystemeCaisse.Core\SystemeCaisse.Core.csproj" (la cible "_GenerateRestoreProjectPathItems" en dépend) :
     2>Génération de la cible "_GenerateRestoreProjectPathItemsCurrentProject" terminée dans le projet "SystemeCaisse.Core.csproj".
     2>Cible "_GenerateRestoreProjectPathItems" dans le fichier "C:\Program Files\dotnet\sdk\10.0.101\NuGet.targets" du projet "C:\Users\Administrateur\Documents\DossierPartage\PROGRAMATION\SystemeCaisse\SystemeCaisse.Core\SystemeCaisse.Core.csproj" (la cible "_GenerateRestoreProjectPathWalk" en dépend) :
       Tâche "RemoveDuplicates"
       Exécution de la tâche "RemoveDuplicates" terminée.
     2>Génération de la cible "_GenerateRestoreProjectPathItems" terminée dans le projet "SystemeCaisse.Core.csproj".
     2>Cible "_GenerateRestoreProjectPathWalk" dans le fichier "C:\Program Files\dotnet\sdk\10.0.101\NuGet.targets" du projet "C:\Users\Administrateur\Documents\DossierPartage\PROGRAMATION\SystemeCaisse\SystemeCaisse.Core\SystemeCaisse.Core.csproj" (point d'entrée) :
       Tâche "MSBuild"
       Exécution de la tâche "MSBuild" terminée.
       Tâche "RemoveDuplicates"
       Exécution de la tâche "RemoveDuplicates" terminée.
     2>Génération de la cible "_GenerateRestoreProjectPathWalk" terminée dans le projet "SystemeCaisse.Core.csproj".
     2>Génération du projet "C:\Users\Administrateur\Documents\DossierPartage\PROGRAMATION\SystemeCaisse\SystemeCaisse.Core\SystemeCaisse.Core.csproj" terminée (_GenerateRestoreProjectPathWalk cible(s)).
   1:3>Exécution de la tâche "MSBuild" terminée.
       Tâche "RemoveDuplicates"
       Exécution de la tâche "RemoveDuplicates" terminée.
   1:3>Génération de la cible "_GenerateRestoreProjectPathWalk" terminée dans le projet "SystemeCaisse.Infrastructure.csproj".
   1:3>Génération du projet "C:\Users\Administrateur\Documents\DossierPartage\PROGRAMATION\SystemeCaisse\SystemeCaisse.Infrastructure\SystemeCaisse.Infrastructure.csproj" terminée (_GenerateRestoreProjectPathWalk cible(s)).
     1>Exécution de la tâche "MSBuild" terminée.
       Tâche "RemoveDuplicates"
       Exécution de la tâche "RemoveDuplicates" terminée.
       Tâche "MSBuild"
         Propriétés globales :
           ExcludeRestorePackageImports=true
     1>Le projet "C:\Users\Administrateur\Documents\DossierPartage\PROGRAMATION\SystemeCaisse\SystemeCaisse.Infrastructure\SystemeCaisse.Infrastructure.csproj" (1) génère "C:\Users\Administrateur\Documents\DossierPartage\PROGRAMATION\SystemeCaisse\SystemeCaisse.Infrastructure\SystemeCaisse.Infrastructure.csproj" (1:4) sur le nœud 1 (_IsProjectRestoreSupported cible(s)).
   1:4>Cible "_IsProjectRestoreSupported" ignorée. Elle a été générée.
   1:4>Génération du projet "C:\Users\Administrateur\Documents\DossierPartage\PROGRAMATION\SystemeCaisse\SystemeCaisse.Infrastructure\SystemeCaisse.Infrastructure.csproj" terminée (_IsProjectRestoreSupported cible(s)).
     1>Le projet "C:\Users\Administrateur\Documents\DossierPartage\PROGRAMATION\SystemeCaisse\SystemeCaisse.Infrastructure\SystemeCaisse.Infrastructure.csproj" (1) génère "C:\Users\Administrateur\Documents\DossierPartage\PROGRAMATION\SystemeCaisse\SystemeCaisse.Core\SystemeCaisse.Core.csproj" (2:2) sur le nœud 1 (_IsProjectRestoreSupported cible(s)).
   2:2>Cible "_IsProjectRestoreSupported" dans le fichier "C:\Program Files\dotnet\sdk\10.0.101\NuGet.targets" du projet "C:\Users\Administrateur\Documents\DossierPartage\PROGRAMATION\SystemeCaisse\SystemeCaisse.Core\SystemeCaisse.Core.csproj" (point d'entrée) :
   2:2>Génération de la cible "_IsProjectRestoreSupported" terminée dans le projet "SystemeCaisse.Core.csproj".
   2:2>Génération du projet "C:\Users\Administrateur\Documents\DossierPartage\PROGRAMATION\SystemeCaisse\SystemeCaisse.Core\SystemeCaisse.Core.csproj" terminée (_IsProjectRestoreSupported cible(s)).
     1>Exécution de la tâche "MSBuild" terminée.
     1>Génération de la cible "_GetAllRestoreProjectPathItems" terminée dans le projet "SystemeCaisse.Infrastructure.csproj".
     1>Cible "_GenerateRestoreGraph" dans le fichier "C:\Program Files\dotnet\sdk\10.0.101\NuGet.targets" du projet "C:\Users\Administrateur\Documents\DossierPartage\PROGRAMATION\SystemeCaisse\SystemeCaisse.Infrastructure\SystemeCaisse.Infrastructure.csproj" (la cible "Restore" en dépend) :
       Utilisation de la tâche "Message" à partir de l'assembly "Microsoft.Build.Tasks.Core, Version=15.1.0.0, Culture=neutral, PublicKeyToken=b03f5f7f11d50a3a".
       Tâche "Message"
         Generating dg file
       Exécution de la tâche "Message" terminée.
       Tâche "Message"
         C:\Users\Administrateur\Documents\DossierPartage\PROGRAMATION\SystemeCaisse\SystemeCaisse.Core\SystemeCaisse.Core.csproj
       Exécution de la tâche "Message" terminée.
       Tâche "Message"
         C:\Users\Administrateur\Documents\DossierPartage\PROGRAMATION\SystemeCaisse\SystemeCaisse.Infrastructure\SystemeCaisse.Infrastructure.csproj
       Exécution de la tâche "Message" terminée.
       Tâche "MSBuild"
         Propriétés globales :
           ExcludeRestorePackageImports=true
     1>Le projet "C:\Users\Administrateur\Documents\DossierPartage\PROGRAMATION\SystemeCaisse\SystemeCaisse.Infrastructure\SystemeCaisse.Infrastructure.csproj" (1) génère "C:\Users\Administrateur\Documents\DossierPartage\PROGRAMATION\SystemeCaisse\SystemeCaisse.Core\SystemeCaisse.Core.csproj" (2:3) sur le nœud 1 (_GenerateRestoreGraphProjectEntry cible(s)).
   2:3>Cible "_CheckForUnsupportedNETCoreVersion" dans le fichier "C:\Program Files\dotnet\sdk\10.0.101\Sdks\Microsoft.NET.Sdk\targets\Microsoft.NET.TargetFrameworkInference.targets" du projet "C:\Users\Administrateur\Documents\DossierPartage\PROGRAMATION\SystemeCaisse\SystemeCaisse.Core\SystemeCaisse.Core.csproj" (la cible "CollectPackageReferences" en dépend) :
   2:3>Génération de la cible "_CheckForUnsupportedNETCoreVersion" terminée dans le projet "SystemeCaisse.Core.csproj".
   2:3>Cible "_CheckForUnsupportedCppNETCoreVersion" dans le fichier "C:\Program Files\dotnet\sdk\10.0.101\Sdks\Microsoft.NET.Sdk\targets\Microsoft.NET.TargetFrameworkInference.targets" du projet "C:\Users\Administrateur\Documents\DossierPartage\PROGRAMATION\SystemeCaisse\SystemeCaisse.Core\SystemeCaisse.Core.csproj" (la cible "CollectPackageReferences" en dépend) :
   2:3>Génération de la cible "_CheckForUnsupportedCppNETCoreVersion" terminée dans le projet "SystemeCaisse.Core.csproj".
   2:3>Cible "CheckForImplicitPackageReferenceOverrides" dans le fichier "C:\Program Files\dotnet\sdk\10.0.101\Sdks\Microsoft.NET.Sdk\targets\Microsoft.NET.Sdk.DefaultItems.Shared.targets" du projet "C:\Users\Administrateur\Documents\DossierPartage\PROGRAMATION\SystemeCaisse\SystemeCaisse.Core\SystemeCaisse.Core.csproj" (la cible "CollectPackageReferences" en dépend) :
       Utilisation de la tâche "CheckForImplicitPackageReferenceOverrides" à partir de l'assembly "C:\Program Files\dotnet\sdk\10.0.101\Sdks\Microsoft.NET.Sdk\targets\..\tools\net10.0\Microsoft.NET.Build.Tasks.dll".
       Tâche "CheckForImplicitPackageReferenceOverrides"
       Exécution de la tâche "CheckForImplicitPackageReferenceOverrides" terminée.
   2:3>Génération de la cible "CheckForImplicitPackageReferenceOverrides" terminée dans le projet "SystemeCaisse.Core.csproj".
   2:3>Cible "_CheckForLanguageAndFeatureCombinationSupport" dans le fichier "C:\Program Files\dotnet\sdk\10.0.101\Sdks\Microsoft.NET.Sdk\targets\Microsoft.NET.RuntimeIdentifierInference.targets" du projet "C:\Users\Administrateur\Documents\DossierPartage\PROGRAMATION\SystemeCaisse\SystemeCaisse.Core\SystemeCaisse.Core.csproj" (la cible "ProcessFrameworkReferences" en dépend) :
   2:3>Génération de la cible "_CheckForLanguageAndFeatureCombinationSupport" terminée dans le projet "SystemeCaisse.Core.csproj".
   2:3>Cible "_ComputeToolPackInputsToProcessFrameworkReferences" dans le fichier "C:\Program Files\dotnet\sdk\10.0.101\Sdks\Microsoft.NET.Sdk\targets\Microsoft.NET.Publish.targets" du projet "C:\Users\Administrateur\Documents\DossierPartage\PROGRAMATION\SystemeCaisse\SystemeCaisse.Core\SystemeCaisse.Core.csproj" (la cible "ProcessFrameworkReferences" en dépend) :
   2:3>Génération de la cible "_ComputeToolPackInputsToProcessFrameworkReferences" terminée dans le projet "SystemeCaisse.Core.csproj".
   2:3>Cible "ProcessFrameworkReferences" dans le fichier "C:\Program Files\dotnet\sdk\10.0.101\Sdks\Microsoft.NET.Sdk\targets\Microsoft.NET.Sdk.FrameworkReferenceResolution.targets" du projet "C:\Users\Administrateur\Documents\DossierPartage\PROGRAMATION\SystemeCaisse\SystemeCaisse.Core\SystemeCaisse.Core.csproj" (la cible "CollectPackageReferences" en dépend) :
       Utilisation de la tâche "CheckForDuplicateFrameworkReferences" à partir de l'assembly "C:\Program Files\dotnet\sdk\10.0.101\Sdks\Microsoft.NET.Sdk\targets\..\tools\net10.0\Microsoft.NET.Build.Tasks.dll".
       Tâche "CheckForDuplicateFrameworkReferences"
       Exécution de la tâche "CheckForDuplicateFrameworkReferences" terminée.
       Utilisation de la tâche "ProcessFrameworkReferences" à partir de l'assembly "C:\Program Files\dotnet\sdk\10.0.101\Sdks\Microsoft.NET.Sdk\targets\..\tools\net10.0\Microsoft.NET.Build.Tasks.dll".
       Tâche "ProcessFrameworkReferences"
         Found 1 known framework references for target framework .NETCoreApp
         Found 5 known runtime packs for target framework .NETCoreApp
         Selected Microsoft.NETCore.App with RIDs 'linux-arm;linux-arm64;linux-musl-arm64;linux-musl-x64;linux-x64;osx-x64;tizen.4.0.0-armel;tizen.5.0.0-armel;win-arm64;win-x64;win-x86;linux-musl-arm;osx-arm64;linux-s390x;linux-loongarch64;linux-bionic-arm;linux-bionic-arm64;linux-bionic-x64;linux-bionic-x86;linux-ppc64le;freebsd-x64;freebsd-arm64'
         Selected targeting pack 'Microsoft.NETCore.App@8.0.22'
         Added runtime framework 'Microsoft.NETCore.App@8.0.0'
         Selected Microsoft.WindowsDesktop.App with RIDs 'win-x64;win-x86;win-arm64'
         Selected targeting pack 'Microsoft.WindowsDesktop.App@8.0.22'
         Added runtime framework 'Microsoft.WindowsDesktop.App@8.0.0'
         Selected Microsoft.WindowsDesktop.App with RIDs 'win-x64;win-x86;win-arm64'
         Selected targeting pack 'Microsoft.WindowsDesktop.App.WPF@8.0.22'
         Added runtime framework 'Microsoft.WindowsDesktop.App@8.0.0'
         Selected Microsoft.WindowsDesktop.App with RIDs 'win-x64;win-x86;win-arm64'
         Selected targeting pack 'Microsoft.WindowsDesktop.App.WindowsForms@8.0.22'
         Added runtime framework 'Microsoft.WindowsDesktop.App@8.0.0'
         Selected Microsoft.AspNetCore.App with RIDs 'win-x64;win-x86;osx-x64;linux-musl-x64;linux-musl-arm64;linux-x64;linux-arm;linux-arm64;linux-musl-arm;win-arm64;osx-arm64;linux-s390x;linux-loongarch64;linux-ppc64le;freebsd-x64;freebsd-arm64'
         Selected targeting pack 'Microsoft.AspNetCore.App@8.0.22'
         Added runtime framework 'Microsoft.AspNetCore.App@8.0.0'
       Exécution de la tâche "ProcessFrameworkReferences" terminée.
       Utilisation de la tâche "ResolveAppHosts" à partir de l'assembly "C:\Program Files\dotnet\sdk\10.0.101\Sdks\Microsoft.NET.Sdk\targets\..\tools\net10.0\Microsoft.NET.Build.Tasks.dll".
       Tâche "ResolveAppHosts"
       Exécution de la tâche "ResolveAppHosts" terminée.
   2:3>Génération de la cible "ProcessFrameworkReferences" terminée dans le projet "SystemeCaisse.Core.csproj".
   2:3>Cible "_CheckForObsoleteDotNetCliToolReferences" dans le fichier "C:\Program Files\dotnet\sdk\10.0.101\Sdks\Microsoft.NET.Sdk\targets\Microsoft.NET.ObsoleteReferences.targets" du projet "C:\Users\Administrateur\Documents\DossierPartage\PROGRAMATION\SystemeCaisse\SystemeCaisse.Core\SystemeCaisse.Core.csproj" (la cible "CollectPackageReferences" en dépend) :
   2:3>Génération de la cible "_CheckForObsoleteDotNetCliToolReferences" terminée dans le projet "SystemeCaisse.Core.csproj".
   2:3>Cible "CollectPackageReferences" dans le fichier "C:\Program Files\dotnet\sdk\10.0.101\NuGet.targets" du projet "C:\Users\Administrateur\Documents\DossierPartage\PROGRAMATION\SystemeCaisse\SystemeCaisse.Core\SystemeCaisse.Core.csproj" (la cible "_GetRestoreProjectStyle" en dépend) :
       Utilisation de la tâche "CheckForDuplicateNuGetItemsTask" à partir de l'assembly "C:\Program Files\dotnet\sdk\10.0.101\NuGet.Build.Tasks.dll".
       Tâche "CheckForDuplicateNuGetItemsTask"
       Exécution de la tâche "CheckForDuplicateNuGetItemsTask" terminée.
   2:3>Génération de la cible "CollectPackageReferences" terminée dans le projet "SystemeCaisse.Core.csproj".
   2:3>Cible "_GetRestoreProjectStyle" dans le fichier "C:\Program Files\dotnet\sdk\10.0.101\NuGet.targets" du projet "C:\Users\Administrateur\Documents\DossierPartage\PROGRAMATION\SystemeCaisse\SystemeCaisse.Core\SystemeCaisse.Core.csproj" (la cible "_GenerateRestoreSpecs" en dépend) :
       Utilisation de la tâche "GetRestoreProjectStyleTask" à partir de l'assembly "C:\Program Files\dotnet\sdk\10.0.101\NuGet.Build.Tasks.dll".
       Tâche "GetRestoreProjectStyleTask"
       Exécution de la tâche "GetRestoreProjectStyleTask" terminée.
   2:3>Génération de la cible "_GetRestoreProjectStyle" terminée dans le projet "SystemeCaisse.Core.csproj".
   2:3>Cible "_GenerateRestoreSpecs" dans le fichier "C:\Program Files\dotnet\sdk\10.0.101\NuGet.targets" du projet "C:\Users\Administrateur\Documents\DossierPartage\PROGRAMATION\SystemeCaisse\SystemeCaisse.Core\SystemeCaisse.Core.csproj" (la cible "_GenerateRestoreGraphProjectEntry" en dépend) :
       Tâche "Message"
         Restore entry point C:\Users\Administrateur\Documents\DossierPartage\PROGRAMATION\SystemeCaisse\SystemeCaisse.Core\SystemeCaisse.Core.csproj
       Exécution de la tâche "Message" terminée.
   2:3>Génération de la cible "_GenerateRestoreSpecs" terminée dans le projet "SystemeCaisse.Core.csproj".
   2:3>Cible "_GetRestoreSettingsOverrides" dans le fichier "C:\Program Files\dotnet\sdk\10.0.101\NuGet.targets" du projet "C:\Users\Administrateur\Documents\DossierPartage\PROGRAMATION\SystemeCaisse\SystemeCaisse.Core\SystemeCaisse.Core.csproj" (la cible "_GetRestoreSettings" en dépend) :
   2:3>Génération de la cible "_GetRestoreSettingsOverrides" terminée dans le projet "SystemeCaisse.Core.csproj".
   2:3>Cible "_GetRestoreSettingsPerFramework" dans le fichier "C:\Program Files\dotnet\sdk\10.0.101\NuGet.targets" du projet "C:\Users\Administrateur\Documents\DossierPartage\PROGRAMATION\SystemeCaisse\SystemeCaisse.Core\SystemeCaisse.Core.csproj" (la cible "_GetRestoreSettingsCurrentProject" en dépend) :
   2:3>Génération de la cible "_GetRestoreSettingsPerFramework" terminée dans le projet "SystemeCaisse.Core.csproj".
   2:3>Cible "_GetRestoreSettingsCurrentProject" dans le fichier "C:\Program Files\dotnet\sdk\10.0.101\NuGet.targets" du projet "C:\Users\Administrateur\Documents\DossierPartage\PROGRAMATION\SystemeCaisse\SystemeCaisse.Core\SystemeCaisse.Core.csproj" (la cible "_GetRestoreSettings" en dépend) :
   2:3>Génération de la cible "_GetRestoreSettingsCurrentProject" terminée dans le projet "SystemeCaisse.Core.csproj".
   2:3>Cible "_GetRestoreSettings" dans le fichier "C:\Program Files\dotnet\sdk\10.0.101\NuGet.targets" du projet "C:\Users\Administrateur\Documents\DossierPartage\PROGRAMATION\SystemeCaisse\SystemeCaisse.Core\SystemeCaisse.Core.csproj" (la cible "_GenerateDotnetCliToolReferenceSpecs" en dépend) :
       Utilisation de la tâche "GetRestoreSettingsTask" à partir de l'assembly "C:\Program Files\dotnet\sdk\10.0.101\NuGet.Build.Tasks.dll".
       Tâche "GetRestoreSettingsTask"
         Assembly chargé pendant TaskRun (NuGet.Build.Tasks.GetRestoreSettingsTask) : NuGet.Configuration, Version=7.0.0.0, Culture=neutral, PublicKeyToken=31bf3856ad364e35 (emplacement : C:\Program Files\dotnet\sdk\10.0.101\NuGet.Configuration.dll, MVID : 48b0ca1c-220b-4c21-8fab-d2d14e375158, AssemblyLoadContext : MSBuild plugin C:\Program Files\dotnet\sdk\10.0.101\NuGet.Build.Tasks.dll)
       Exécution de la tâche "GetRestoreSettingsTask" terminée.
   2:3>Génération de la cible "_GetRestoreSettings" terminée dans le projet "SystemeCaisse.Core.csproj".
   2:3>Cible "_GenerateDotnetCliToolReferenceSpecs" dans le fichier "C:\Program Files\dotnet\sdk\10.0.101\NuGet.targets" du projet "C:\Users\Administrateur\Documents\DossierPartage\PROGRAMATION\SystemeCaisse\SystemeCaisse.Core\SystemeCaisse.Core.csproj" (la cible "_GenerateRestoreGraphProjectEntry" en dépend) :
       Utilisation de la tâche "GetRestoreDotnetCliToolsTask" à partir de l'assembly "C:\Program Files\dotnet\sdk\10.0.101\NuGet.Build.Tasks.dll".
       Tâche "GetRestoreDotnetCliToolsTask"
       Exécution de la tâche "GetRestoreDotnetCliToolsTask" terminée.
   2:3>Génération de la cible "_GenerateDotnetCliToolReferenceSpecs" terminée dans le projet "SystemeCaisse.Core.csproj".
   2:3>Cible "_GenerateRestoreGraphProjectEntry" dans le fichier "C:\Program Files\dotnet\sdk\10.0.101\NuGet.targets" du projet "C:\Users\Administrateur\Documents\DossierPartage\PROGRAMATION\SystemeCaisse\SystemeCaisse.Core\SystemeCaisse.Core.csproj" (point d'entrée) :
   2:3>Génération de la cible "_GenerateRestoreGraphProjectEntry" terminée dans le projet "SystemeCaisse.Core.csproj".
   2:3>Génération du projet "C:\Users\Administrateur\Documents\DossierPartage\PROGRAMATION\SystemeCaisse\SystemeCaisse.Core\SystemeCaisse.Core.csproj" terminée (_GenerateRestoreGraphProjectEntry cible(s)).
     1>Le projet "C:\Users\Administrateur\Documents\DossierPartage\PROGRAMATION\SystemeCaisse\SystemeCaisse.Infrastructure\SystemeCaisse.Infrastructure.csproj" (1) génère "C:\Users\Administrateur\Documents\DossierPartage\PROGRAMATION\SystemeCaisse\SystemeCaisse.Infrastructure\SystemeCaisse.Infrastructure.csproj" (1:5) sur le nœud 1 (_GenerateRestoreGraphProjectEntry cible(s)).
   1:5>Cible "_CheckForUnsupportedNETCoreVersion" dans le fichier "C:\Program Files\dotnet\sdk\10.0.101\Sdks\Microsoft.NET.Sdk\targets\Microsoft.NET.TargetFrameworkInference.targets" du projet "C:\Users\Administrateur\Documents\DossierPartage\PROGRAMATION\SystemeCaisse\SystemeCaisse.Infrastructure\SystemeCaisse.Infrastructure.csproj" (la cible "CollectPackageReferences" en dépend) :
   1:5>Génération de la cible "_CheckForUnsupportedNETCoreVersion" terminée dans le projet "SystemeCaisse.Infrastructure.csproj".
   1:5>Cible "_CheckForUnsupportedCppNETCoreVersion" dans le fichier "C:\Program Files\dotnet\sdk\10.0.101\Sdks\Microsoft.NET.Sdk\targets\Microsoft.NET.TargetFrameworkInference.targets" du projet "C:\Users\Administrateur\Documents\DossierPartage\PROGRAMATION\SystemeCaisse\SystemeCaisse.Infrastructure\SystemeCaisse.Infrastructure.csproj" (la cible "CollectPackageReferences" en dépend) :
   1:5>Génération de la cible "_CheckForUnsupportedCppNETCoreVersion" terminée dans le projet "SystemeCaisse.Infrastructure.csproj".
   1:5>Cible "UpdateAspNetToFrameworkReference" dans le fichier "C:\Program Files\dotnet\sdk\10.0.101\Sdks\Microsoft.NET.Sdk\targets\Microsoft.NET.Sdk.DefaultItems.Shared.targets" du projet "C:\Users\Administrateur\Documents\DossierPartage\PROGRAMATION\SystemeCaisse\SystemeCaisse.Infrastructure\SystemeCaisse.Infrastructure.csproj" (la cible "ApplyImplicitVersions" en dépend) :
       Utilisation de la tâche "CheckIfPackageReferenceShouldBeFrameworkReference" à partir de l'assembly "C:\Program Files\dotnet\sdk\10.0.101\Sdks\Microsoft.NET.Sdk\targets\..\tools\net10.0\Microsoft.NET.Build.Tasks.dll".
       Tâche "CheckIfPackageReferenceShouldBeFrameworkReference"
       Exécution de la tâche "CheckIfPackageReferenceShouldBeFrameworkReference" terminée.
       Tâche "CheckIfPackageReferenceShouldBeFrameworkReference"
       Exécution de la tâche "CheckIfPackageReferenceShouldBeFrameworkReference" terminée.
   1:5>Génération de la cible "UpdateAspNetToFrameworkReference" terminée dans le projet "SystemeCaisse.Infrastructure.csproj".
   1:5>Cible "CheckForImplicitPackageReferenceOverrides" dans le fichier "C:\Program Files\dotnet\sdk\10.0.101\Sdks\Microsoft.NET.Sdk\targets\Microsoft.NET.Sdk.DefaultItems.Shared.targets" du projet "C:\Users\Administrateur\Documents\DossierPartage\PROGRAMATION\SystemeCaisse\SystemeCaisse.Infrastructure\SystemeCaisse.Infrastructure.csproj" (la cible "ApplyImplicitVersions" en dépend) :
       Utilisation de la tâche "CheckForImplicitPackageReferenceOverrides" à partir de l'assembly "C:\Program Files\dotnet\sdk\10.0.101\Sdks\Microsoft.NET.Sdk\targets\..\tools\net10.0\Microsoft.NET.Build.Tasks.dll".
       Tâche "CheckForImplicitPackageReferenceOverrides"
       Exécution de la tâche "CheckForImplicitPackageReferenceOverrides" terminée.
   1:5>Génération de la cible "CheckForImplicitPackageReferenceOverrides" terminée dans le projet "SystemeCaisse.Infrastructure.csproj".
   1:5>Cible "ApplyImplicitVersions" dans le fichier "C:\Program Files\dotnet\sdk\10.0.101\Sdks\Microsoft.NET.Sdk\targets\Microsoft.NET.Sdk.DefaultItems.Shared.targets" du projet "C:\Users\Administrateur\Documents\DossierPartage\PROGRAMATION\SystemeCaisse\SystemeCaisse.Infrastructure\SystemeCaisse.Infrastructure.csproj" (la cible "CollectPackageReferences" en dépend) :
       Utilisation de la tâche "ApplyImplicitVersions" à partir de l'assembly "C:\Program Files\dotnet\sdk\10.0.101\Sdks\Microsoft.NET.Sdk\targets\..\tools\net10.0\Microsoft.NET.Build.Tasks.dll".
       Tâche "ApplyImplicitVersions"
       Exécution de la tâche "ApplyImplicitVersions" terminée.
   1:5>Génération de la cible "ApplyImplicitVersions" terminée dans le projet "SystemeCaisse.Infrastructure.csproj".
       Cible "CheckForImplicitPackageReferenceOverrides" ignorée. Elle a été générée.
   1:5>Cible "_CheckForLanguageAndFeatureCombinationSupport" dans le fichier "C:\Program Files\dotnet\sdk\10.0.101\Sdks\Microsoft.NET.Sdk\targets\Microsoft.NET.RuntimeIdentifierInference.targets" du projet "C:\Users\Administrateur\Documents\DossierPartage\PROGRAMATION\SystemeCaisse\SystemeCaisse.Infrastructure\SystemeCaisse.Infrastructure.csproj" (la cible "ProcessFrameworkReferences" en dépend) :
   1:5>Génération de la cible "_CheckForLanguageAndFeatureCombinationSupport" terminée dans le projet "SystemeCaisse.Infrastructure.csproj".
   1:5>Cible "_ComputeToolPackInputsToProcessFrameworkReferences" dans le fichier "C:\Program Files\dotnet\sdk\10.0.101\Sdks\Microsoft.NET.Sdk\targets\Microsoft.NET.Publish.targets" du projet "C:\Users\Administrateur\Documents\DossierPartage\PROGRAMATION\SystemeCaisse\SystemeCaisse.Infrastructure\SystemeCaisse.Infrastructure.csproj" (la cible "ProcessFrameworkReferences" en dépend) :
   1:5>Génération de la cible "_ComputeToolPackInputsToProcessFrameworkReferences" terminée dans le projet "SystemeCaisse.Infrastructure.csproj".
   1:5>Cible "ProcessFrameworkReferences" dans le fichier "C:\Program Files\dotnet\sdk\10.0.101\Sdks\Microsoft.NET.Sdk\targets\Microsoft.NET.Sdk.FrameworkReferenceResolution.targets" du projet "C:\Users\Administrateur\Documents\DossierPartage\PROGRAMATION\SystemeCaisse\SystemeCaisse.Infrastructure\SystemeCaisse.Infrastructure.csproj" (la cible "CollectPackageReferences" en dépend) :
       Utilisation de la tâche "CheckForDuplicateFrameworkReferences" à partir de l'assembly "C:\Program Files\dotnet\sdk\10.0.101\Sdks\Microsoft.NET.Sdk\targets\..\tools\net10.0\Microsoft.NET.Build.Tasks.dll".
       Tâche "CheckForDuplicateFrameworkReferences"
       Exécution de la tâche "CheckForDuplicateFrameworkReferences" terminée.
       Utilisation de la tâche "ProcessFrameworkReferences" à partir de l'assembly "C:\Program Files\dotnet\sdk\10.0.101\Sdks\Microsoft.NET.Sdk\targets\..\tools\net10.0\Microsoft.NET.Build.Tasks.dll".
       Tâche "ProcessFrameworkReferences"
         Found 1 known framework references for target framework .NETCoreApp
         Found 5 known runtime packs for target framework .NETCoreApp
         Selected Microsoft.NETCore.App with RIDs 'linux-arm;linux-arm64;linux-musl-arm64;linux-musl-x64;linux-x64;osx-x64;tizen.4.0.0-armel;tizen.5.0.0-armel;win-arm64;win-x64;win-x86;linux-musl-arm;osx-arm64;linux-s390x;linux-loongarch64;linux-bionic-arm;linux-bionic-arm64;linux-bionic-x64;linux-bionic-x86;linux-ppc64le;freebsd-x64;freebsd-arm64'
         Selected targeting pack 'Microsoft.NETCore.App@8.0.22'
         Added runtime framework 'Microsoft.NETCore.App@8.0.0'
         Selected Microsoft.WindowsDesktop.App with RIDs 'win-x64;win-x86;win-arm64'
         Selected targeting pack 'Microsoft.WindowsDesktop.App@8.0.22'
         Added runtime framework 'Microsoft.WindowsDesktop.App@8.0.0'
         Selected Microsoft.WindowsDesktop.App with RIDs 'win-x64;win-x86;win-arm64'
         Selected targeting pack 'Microsoft.WindowsDesktop.App.WPF@8.0.22'
         Added runtime framework 'Microsoft.WindowsDesktop.App@8.0.0'
         Selected Microsoft.WindowsDesktop.App with RIDs 'win-x64;win-x86;win-arm64'
         Selected targeting pack 'Microsoft.WindowsDesktop.App.WindowsForms@8.0.22'
         Added runtime framework 'Microsoft.WindowsDesktop.App@8.0.0'
         Selected Microsoft.AspNetCore.App with RIDs 'win-x64;win-x86;osx-x64;linux-musl-x64;linux-musl-arm64;linux-x64;linux-arm;linux-arm64;linux-musl-arm;win-arm64;osx-arm64;linux-s390x;linux-loongarch64;linux-ppc64le;freebsd-x64;freebsd-arm64'
         Selected targeting pack 'Microsoft.AspNetCore.App@8.0.22'
         Added runtime framework 'Microsoft.AspNetCore.App@8.0.0'
       Exécution de la tâche "ProcessFrameworkReferences" terminée.
       Utilisation de la tâche "ResolveAppHosts" à partir de l'assembly "C:\Program Files\dotnet\sdk\10.0.101\Sdks\Microsoft.NET.Sdk\targets\..\tools\net10.0\Microsoft.NET.Build.Tasks.dll".
       Tâche "ResolveAppHosts"
       Exécution de la tâche "ResolveAppHosts" terminée.
   1:5>Génération de la cible "ProcessFrameworkReferences" terminée dans le projet "SystemeCaisse.Infrastructure.csproj".
   1:5>Cible "_CheckForObsoleteDotNetCliToolReferences" dans le fichier "C:\Program Files\dotnet\sdk\10.0.101\Sdks\Microsoft.NET.Sdk\targets\Microsoft.NET.ObsoleteReferences.targets" du projet "C:\Users\Administrateur\Documents\DossierPartage\PROGRAMATION\SystemeCaisse\SystemeCaisse.Infrastructure\SystemeCaisse.Infrastructure.csproj" (la cible "CollectPackageReferences" en dépend) :
   1:5>Génération de la cible "_CheckForObsoleteDotNetCliToolReferences" terminée dans le projet "SystemeCaisse.Infrastructure.csproj".
   1:5>Cible "CollectPackageReferences" dans le fichier "C:\Program Files\dotnet\sdk\10.0.101\NuGet.targets" du projet "C:\Users\Administrateur\Documents\DossierPartage\PROGRAMATION\SystemeCaisse\SystemeCaisse.Infrastructure\SystemeCaisse.Infrastructure.csproj" (la cible "_GetRestoreProjectStyle" en dépend) :
       Utilisation de la tâche "CheckForDuplicateNuGetItemsTask" à partir de l'assembly "C:\Program Files\dotnet\sdk\10.0.101\NuGet.Build.Tasks.dll".
       Tâche "CheckForDuplicateNuGetItemsTask"
       Exécution de la tâche "CheckForDuplicateNuGetItemsTask" terminée.
   1:5>Génération de la cible "CollectPackageReferences" terminée dans le projet "SystemeCaisse.Infrastructure.csproj".
   1:5>Cible "_GetRestoreProjectStyle" dans le fichier "C:\Program Files\dotnet\sdk\10.0.101\NuGet.targets" du projet "C:\Users\Administrateur\Documents\DossierPartage\PROGRAMATION\SystemeCaisse\SystemeCaisse.Infrastructure\SystemeCaisse.Infrastructure.csproj" (la cible "_GenerateRestoreSpecs" en dépend) :
       Utilisation de la tâche "GetRestoreProjectStyleTask" à partir de l'assembly "C:\Program Files\dotnet\sdk\10.0.101\NuGet.Build.Tasks.dll".
       Tâche "GetRestoreProjectStyleTask"
       Exécution de la tâche "GetRestoreProjectStyleTask" terminée.
   1:5>Génération de la cible "_GetRestoreProjectStyle" terminée dans le projet "SystemeCaisse.Infrastructure.csproj".
   1:5>Cible "_GenerateRestoreSpecs" dans le fichier "C:\Program Files\dotnet\sdk\10.0.101\NuGet.targets" du projet "C:\Users\Administrateur\Documents\DossierPartage\PROGRAMATION\SystemeCaisse\SystemeCaisse.Infrastructure\SystemeCaisse.Infrastructure.csproj" (la cible "_GenerateRestoreGraphProjectEntry" en dépend) :
       Tâche "Message"
         Restore entry point C:\Users\Administrateur\Documents\DossierPartage\PROGRAMATION\SystemeCaisse\SystemeCaisse.Infrastructure\SystemeCaisse.Infrastructure.csproj
       Exécution de la tâche "Message" terminée.
   1:5>Génération de la cible "_GenerateRestoreSpecs" terminée dans le projet "SystemeCaisse.Infrastructure.csproj".
   1:5>Cible "_GetRestoreSettingsOverrides" dans le fichier "C:\Program Files\dotnet\sdk\10.0.101\NuGet.targets" du projet "C:\Users\Administrateur\Documents\DossierPartage\PROGRAMATION\SystemeCaisse\SystemeCaisse.Infrastructure\SystemeCaisse.Infrastructure.csproj" (la cible "_GetRestoreSettings" en dépend) :
   1:5>Génération de la cible "_GetRestoreSettingsOverrides" terminée dans le projet "SystemeCaisse.Infrastructure.csproj".
   1:5>Cible "_GetRestoreSettingsPerFramework" dans le fichier "C:\Program Files\dotnet\sdk\10.0.101\NuGet.targets" du projet "C:\Users\Administrateur\Documents\DossierPartage\PROGRAMATION\SystemeCaisse\SystemeCaisse.Infrastructure\SystemeCaisse.Infrastructure.csproj" (la cible "_GetRestoreSettingsCurrentProject" en dépend) :
   1:5>Génération de la cible "_GetRestoreSettingsPerFramework" terminée dans le projet "SystemeCaisse.Infrastructure.csproj".
   1:5>Cible "_GetRestoreSettingsCurrentProject" dans le fichier "C:\Program Files\dotnet\sdk\10.0.101\NuGet.targets" du projet "C:\Users\Administrateur\Documents\DossierPartage\PROGRAMATION\SystemeCaisse\SystemeCaisse.Infrastructure\SystemeCaisse.Infrastructure.csproj" (la cible "_GetRestoreSettings" en dépend) :
   1:5>Génération de la cible "_GetRestoreSettingsCurrentProject" terminée dans le projet "SystemeCaisse.Infrastructure.csproj".
   1:5>Cible "_GetRestoreSettings" dans le fichier "C:\Program Files\dotnet\sdk\10.0.101\NuGet.targets" du projet "C:\Users\Administrateur\Documents\DossierPartage\PROGRAMATION\SystemeCaisse\SystemeCaisse.Infrastructure\SystemeCaisse.Infrastructure.csproj" (la cible "_GenerateDotnetCliToolReferenceSpecs" en dépend) :
       Utilisation de la tâche "GetRestoreSettingsTask" à partir de l'assembly "C:\Program Files\dotnet\sdk\10.0.101\NuGet.Build.Tasks.dll".
       Tâche "GetRestoreSettingsTask"
       Exécution de la tâche "GetRestoreSettingsTask" terminée.
   1:5>Génération de la cible "_GetRestoreSettings" terminée dans le projet "SystemeCaisse.Infrastructure.csproj".
   1:5>Cible "_GenerateDotnetCliToolReferenceSpecs" dans le fichier "C:\Program Files\dotnet\sdk\10.0.101\NuGet.targets" du projet "C:\Users\Administrateur\Documents\DossierPartage\PROGRAMATION\SystemeCaisse\SystemeCaisse.Infrastructure\SystemeCaisse.Infrastructure.csproj" (la cible "_GenerateRestoreGraphProjectEntry" en dépend) :
       Utilisation de la tâche "GetRestoreDotnetCliToolsTask" à partir de l'assembly "C:\Program Files\dotnet\sdk\10.0.101\NuGet.Build.Tasks.dll".
       Tâche "GetRestoreDotnetCliToolsTask"
       Exécution de la tâche "GetRestoreDotnetCliToolsTask" terminée.
   1:5>Génération de la cible "_GenerateDotnetCliToolReferenceSpecs" terminée dans le projet "SystemeCaisse.Infrastructure.csproj".
   1:5>Cible "_GenerateRestoreGraphProjectEntry" dans le fichier "C:\Program Files\dotnet\sdk\10.0.101\NuGet.targets" du projet "C:\Users\Administrateur\Documents\DossierPartage\PROGRAMATION\SystemeCaisse\SystemeCaisse.Infrastructure\SystemeCaisse.Infrastructure.csproj" (point d'entrée) :
   1:5>Génération de la cible "_GenerateRestoreGraphProjectEntry" terminée dans le projet "SystemeCaisse.Infrastructure.csproj".
   1:5>Génération du projet "C:\Users\Administrateur\Documents\DossierPartage\PROGRAMATION\SystemeCaisse\SystemeCaisse.Infrastructure\SystemeCaisse.Infrastructure.csproj" terminée (_GenerateRestoreGraphProjectEntry cible(s)).
     1>Exécution de la tâche "MSBuild" terminée.
       Tâche "MSBuild"
         Propriétés globales :
           ExcludeRestorePackageImports=true
     1>Le projet "C:\Users\Administrateur\Documents\DossierPartage\PROGRAMATION\SystemeCaisse\SystemeCaisse.Infrastructure\SystemeCaisse.Infrastructure.csproj" (1) génère "C:\Users\Administrateur\Documents\DossierPartage\PROGRAMATION\SystemeCaisse\SystemeCaisse.Core\SystemeCaisse.Core.csproj" (2:4) sur le nœud 1 (_GenerateProjectRestoreGraph cible(s)).
   2:4>Cible "_GetRestoreProjectStyle" ignorée. Elle a été générée.
       Cible "_GetRestoreProjectStyle" ignorée. Elle a été générée.
       Cible "_GetRestoreProjectStyle" ignorée. Elle a été générée.
   2:4>Cible "_GetRestoreTargetFrameworkOverride" dans le fichier "C:\Program Files\dotnet\sdk\10.0.101\NuGet.targets" du projet "C:\Users\Administrateur\Documents\DossierPartage\PROGRAMATION\SystemeCaisse\SystemeCaisse.Core\SystemeCaisse.Core.csproj" (la cible "_GetRestoreTargetFrameworksOutput" en dépend) :
   2:4>Génération de la cible "_GetRestoreTargetFrameworkOverride" terminée dans le projet "SystemeCaisse.Core.csproj".
   2:4>Cible "_GetRestoreTargetFrameworksOutput" dans le fichier "C:\Program Files\dotnet\sdk\10.0.101\NuGet.targets" du projet "C:\Users\Administrateur\Documents\DossierPartage\PROGRAMATION\SystemeCaisse\SystemeCaisse.Core\SystemeCaisse.Core.csproj" (la cible "_GenerateRestoreProjectSpec" en dépend) :
       Utilisation de la tâche "GetProjectTargetFrameworksTask" à partir de l'assembly "C:\Program Files\dotnet\sdk\10.0.101\NuGet.Build.Tasks.dll".
       Tâche "GetProjectTargetFrameworksTask"
       Exécution de la tâche "GetProjectTargetFrameworksTask" terminée.
   2:4>Génération de la cible "_GetRestoreTargetFrameworksOutput" terminée dans le projet "SystemeCaisse.Core.csproj".
       Cible "_GetRestoreSettings" ignorée. Elle a été générée.
   2:4>Cible "_GenerateRestoreProjectSpec" dans le fichier "C:\Program Files\dotnet\sdk\10.0.101\NuGet.targets" du projet "C:\Users\Administrateur\Documents\DossierPartage\PROGRAMATION\SystemeCaisse\SystemeCaisse.Core\SystemeCaisse.Core.csproj" (la cible "_GenerateProjectRestoreGraph" en dépend) :
       Tâche "ConvertToAbsolutePath"
       Exécution de la tâche "ConvertToAbsolutePath" terminée.
   2:4>Génération de la cible "_GenerateRestoreProjectSpec" terminée dans le projet "SystemeCaisse.Core.csproj".
       Cible "_GetRestoreProjectStyle" ignorée. Elle a été générée.
       Cible "CollectPackageReferences" ignorée. Elle a été générée.
   2:4>Cible "CollectPackageDownloads" dans le fichier "C:\Program Files\dotnet\sdk\10.0.101\NuGet.targets" du projet "C:\Users\Administrateur\Documents\DossierPartage\PROGRAMATION\SystemeCaisse\SystemeCaisse.Core\SystemeCaisse.Core.csproj" (la cible "_CollectRestoreInputs" en dépend) :
       Tâche "CheckForDuplicateNuGetItemsTask"
       Exécution de la tâche "CheckForDuplicateNuGetItemsTask" terminée.
   2:4>Génération de la cible "CollectPackageDownloads" terminée dans le projet "SystemeCaisse.Core.csproj".
   2:4>Cible "CollectFrameworkReferences" dans le fichier "C:\Program Files\dotnet\sdk\10.0.101\NuGet.targets" du projet "C:\Users\Administrateur\Documents\DossierPartage\PROGRAMATION\SystemeCaisse\SystemeCaisse.Core\SystemeCaisse.Core.csproj" (la cible "_CollectRestoreInputs" en dépend) :
   2:4>Génération de la cible "CollectFrameworkReferences" terminée dans le projet "SystemeCaisse.Core.csproj".
   2:4>Cible "CollectCentralPackageVersions" dans le fichier "C:\Program Files\dotnet\sdk\10.0.101\NuGet.targets" du projet "C:\Users\Administrateur\Documents\DossierPartage\PROGRAMATION\SystemeCaisse\SystemeCaisse.Core\SystemeCaisse.Core.csproj" (la cible "_CollectRestoreInputs" en dépend) :
       Tâche "CheckForDuplicateNuGetItemsTask"
       Exécution de la tâche "CheckForDuplicateNuGetItemsTask" terminée.
   2:4>Génération de la cible "CollectCentralPackageVersions" terminée dans le projet "SystemeCaisse.Core.csproj".
   2:4>Cible "CollectNuGetAuditSuppressions" dans le fichier "C:\Program Files\dotnet\sdk\10.0.101\NuGet.targets" du projet "C:\Users\Administrateur\Documents\DossierPartage\PROGRAMATION\SystemeCaisse\SystemeCaisse.Core\SystemeCaisse.Core.csproj" (la cible "_CollectRestoreInputs" en dépend) :
       Tâche "CheckForDuplicateNuGetItemsTask"
       Exécution de la tâche "CheckForDuplicateNuGetItemsTask" terminée.
   2:4>Génération de la cible "CollectNuGetAuditSuppressions" terminée dans le projet "SystemeCaisse.Core.csproj".
   2:4>Cible "CollectPrunePackageReferences" dans le fichier "C:\Program Files\dotnet\sdk\10.0.101\NuGet.targets" du projet "C:\Users\Administrateur\Documents\DossierPartage\PROGRAMATION\SystemeCaisse\SystemeCaisse.Core\SystemeCaisse.Core.csproj" (la cible "_CollectRestoreInputs" en dépend) :
       Tâche "CheckForDuplicateNuGetItemsTask"
       Exécution de la tâche "CheckForDuplicateNuGetItemsTask" terminée.
   2:4>Génération de la cible "CollectPrunePackageReferences" terminée dans le projet "SystemeCaisse.Core.csproj".
   2:4>Cible "_CollectRestoreInputs" dans le fichier "C:\Program Files\dotnet\sdk\10.0.101\NuGet.targets" du projet "C:\Users\Administrateur\Documents\DossierPartage\PROGRAMATION\SystemeCaisse\SystemeCaisse.Core\SystemeCaisse.Core.csproj" (la cible "_GenerateProjectRestoreGraphPerFramework" en dépend) :
   2:4>Génération de la cible "_CollectRestoreInputs" terminée dans le projet "SystemeCaisse.Core.csproj".
   2:4>Cible "_GenerateProjectRestoreGraphPerFramework" dans le fichier "C:\Program Files\dotnet\sdk\10.0.101\NuGet.targets" du projet "C:\Users\Administrateur\Documents\DossierPartage\PROGRAMATION\SystemeCaisse\SystemeCaisse.Core\SystemeCaisse.Core.csproj" (la cible "_GenerateProjectRestoreGraphCurrentProject" en dépend) :
       Utilisation de la tâche "GetRestoreProjectReferencesTask" à partir de l'assembly "C:\Program Files\dotnet\sdk\10.0.101\NuGet.Build.Tasks.dll".
       Tâche "GetRestoreProjectReferencesTask"
       Exécution de la tâche "GetRestoreProjectReferencesTask" terminée.
       Utilisation de la tâche "GetRestorePackageReferencesTask" à partir de l'assembly "C:\Program Files\dotnet\sdk\10.0.101\NuGet.Build.Tasks.dll".
       Tâche "GetRestorePackageReferencesTask"
       Exécution de la tâche "GetRestorePackageReferencesTask" terminée.
       Utilisation de la tâche "GetRestorePackageDownloadsTask" à partir de l'assembly "C:\Program Files\dotnet\sdk\10.0.101\NuGet.Build.Tasks.dll".
       Tâche "GetRestorePackageDownloadsTask"
       Exécution de la tâche "GetRestorePackageDownloadsTask" terminée.
       Utilisation de la tâche "GetRestoreFrameworkReferencesTask" à partir de l'assembly "C:\Program Files\dotnet\sdk\10.0.101\NuGet.Build.Tasks.dll".
       Tâche "GetRestoreFrameworkReferencesTask"
       Exécution de la tâche "GetRestoreFrameworkReferencesTask" terminée.
       Utilisation de la tâche "GetRestoreNuGetAuditSuppressionsTask" à partir de l'assembly "C:\Program Files\dotnet\sdk\10.0.101\NuGet.Build.Tasks.dll".
       Tâche "GetRestoreNuGetAuditSuppressionsTask"
       Exécution de la tâche "GetRestoreNuGetAuditSuppressionsTask" terminée.
       Utilisation de la tâche "GetRestorePrunePackageReferencesTask" à partir de l'assembly "C:\Program Files\dotnet\sdk\10.0.101\NuGet.Build.Tasks.dll".
       Tâche "GetRestorePrunePackageReferencesTask"
       Exécution de la tâche "GetRestorePrunePackageReferencesTask" terminée.
   2:4>Génération de la cible "_GenerateProjectRestoreGraphPerFramework" terminée dans le projet "SystemeCaisse.Core.csproj".
   2:4>Cible "_GenerateProjectRestoreGraphCurrentProject" dans le fichier "C:\Program Files\dotnet\sdk\10.0.101\NuGet.targets" du projet "C:\Users\Administrateur\Documents\DossierPartage\PROGRAMATION\SystemeCaisse\SystemeCaisse.Core\SystemeCaisse.Core.csproj" (la cible "_GenerateRestoreDependencies" en dépend) :
   2:4>Génération de la cible "_GenerateProjectRestoreGraphCurrentProject" terminée dans le projet "SystemeCaisse.Core.csproj".
   2:4>Cible "_GenerateRestoreDependencies" dans le fichier "C:\Program Files\dotnet\sdk\10.0.101\NuGet.targets" du projet "C:\Users\Administrateur\Documents\DossierPartage\PROGRAMATION\SystemeCaisse\SystemeCaisse.Core\SystemeCaisse.Core.csproj" (la cible "_GenerateProjectRestoreGraph" en dépend) :
   2:4>Génération de la cible "_GenerateRestoreDependencies" terminée dans le projet "SystemeCaisse.Core.csproj".
   2:4>Cible "_GenerateProjectRestoreGraph" dans le fichier "C:\Program Files\dotnet\sdk\10.0.101\NuGet.targets" du projet "C:\Users\Administrateur\Documents\DossierPartage\PROGRAMATION\SystemeCaisse\SystemeCaisse.Core\SystemeCaisse.Core.csproj" (point d'entrée) :
   2:4>Génération de la cible "_GenerateProjectRestoreGraph" terminée dans le projet "SystemeCaisse.Core.csproj".
   2:4>Génération du projet "C:\Users\Administrateur\Documents\DossierPartage\PROGRAMATION\SystemeCaisse\SystemeCaisse.Core\SystemeCaisse.Core.csproj" terminée (_GenerateProjectRestoreGraph cible(s)).
     1>Le projet "C:\Users\Administrateur\Documents\DossierPartage\PROGRAMATION\SystemeCaisse\SystemeCaisse.Infrastructure\SystemeCaisse.Infrastructure.csproj" (1) génère "C:\Users\Administrateur\Documents\DossierPartage\PROGRAMATION\SystemeCaisse\SystemeCaisse.Infrastructure\SystemeCaisse.Infrastructure.csproj" (1:6) sur le nœud 1 (_GenerateProjectRestoreGraph cible(s)).
   1:6>Cible "_GetRestoreProjectStyle" ignorée. Elle a été générée.
       Cible "_GetRestoreProjectStyle" ignorée. Elle a été générée.
       Cible "_GetRestoreProjectStyle" ignorée. Elle a été générée.
   1:6>Cible "_GetRestoreTargetFrameworkOverride" dans le fichier "C:\Program Files\dotnet\sdk\10.0.101\NuGet.targets" du projet "C:\Users\Administrateur\Documents\DossierPartage\PROGRAMATION\SystemeCaisse\SystemeCaisse.Infrastructure\SystemeCaisse.Infrastructure.csproj" (la cible "_GetRestoreTargetFrameworksOutput" en dépend) :
   1:6>Génération de la cible "_GetRestoreTargetFrameworkOverride" terminée dans le projet "SystemeCaisse.Infrastructure.csproj".
   1:6>Cible "_GetRestoreTargetFrameworksOutput" dans le fichier "C:\Program Files\dotnet\sdk\10.0.101\NuGet.targets" du projet "C:\Users\Administrateur\Documents\DossierPartage\PROGRAMATION\SystemeCaisse\SystemeCaisse.Infrastructure\SystemeCaisse.Infrastructure.csproj" (la cible "_GenerateRestoreProjectSpec" en dépend) :
       Utilisation de la tâche "GetProjectTargetFrameworksTask" à partir de l'assembly "C:\Program Files\dotnet\sdk\10.0.101\NuGet.Build.Tasks.dll".
       Tâche "GetProjectTargetFrameworksTask"
       Exécution de la tâche "GetProjectTargetFrameworksTask" terminée.
   1:6>Génération de la cible "_GetRestoreTargetFrameworksOutput" terminée dans le projet "SystemeCaisse.Infrastructure.csproj".
       Cible "_GetRestoreSettings" ignorée. Elle a été générée.
   1:6>Cible "_GenerateRestoreProjectSpec" dans le fichier "C:\Program Files\dotnet\sdk\10.0.101\NuGet.targets" du projet "C:\Users\Administrateur\Documents\DossierPartage\PROGRAMATION\SystemeCaisse\SystemeCaisse.Infrastructure\SystemeCaisse.Infrastructure.csproj" (la cible "_GenerateProjectRestoreGraph" en dépend) :
       Tâche "ConvertToAbsolutePath"
       Exécution de la tâche "ConvertToAbsolutePath" terminée.
   1:6>Génération de la cible "_GenerateRestoreProjectSpec" terminée dans le projet "SystemeCaisse.Infrastructure.csproj".
       Cible "_GetRestoreProjectStyle" ignorée. Elle a été générée.
       Cible "CollectPackageReferences" ignorée. Elle a été générée.
   1:6>Cible "CollectPackageDownloads" dans le fichier "C:\Program Files\dotnet\sdk\10.0.101\NuGet.targets" du projet "C:\Users\Administrateur\Documents\DossierPartage\PROGRAMATION\SystemeCaisse\SystemeCaisse.Infrastructure\SystemeCaisse.Infrastructure.csproj" (la cible "_CollectRestoreInputs" en dépend) :
       Tâche "CheckForDuplicateNuGetItemsTask"
       Exécution de la tâche "CheckForDuplicateNuGetItemsTask" terminée.
   1:6>Génération de la cible "CollectPackageDownloads" terminée dans le projet "SystemeCaisse.Infrastructure.csproj".
   1:6>Cible "CollectFrameworkReferences" dans le fichier "C:\Program Files\dotnet\sdk\10.0.101\NuGet.targets" du projet "C:\Users\Administrateur\Documents\DossierPartage\PROGRAMATION\SystemeCaisse\SystemeCaisse.Infrastructure\SystemeCaisse.Infrastructure.csproj" (la cible "_CollectRestoreInputs" en dépend) :
   1:6>Génération de la cible "CollectFrameworkReferences" terminée dans le projet "SystemeCaisse.Infrastructure.csproj".
   1:6>Cible "CollectCentralPackageVersions" dans le fichier "C:\Program Files\dotnet\sdk\10.0.101\NuGet.targets" du projet "C:\Users\Administrateur\Documents\DossierPartage\PROGRAMATION\SystemeCaisse\SystemeCaisse.Infrastructure\SystemeCaisse.Infrastructure.csproj" (la cible "_CollectRestoreInputs" en dépend) :
       Tâche "CheckForDuplicateNuGetItemsTask"
       Exécution de la tâche "CheckForDuplicateNuGetItemsTask" terminée.
   1:6>Génération de la cible "CollectCentralPackageVersions" terminée dans le projet "SystemeCaisse.Infrastructure.csproj".
   1:6>Cible "CollectNuGetAuditSuppressions" dans le fichier "C:\Program Files\dotnet\sdk\10.0.101\NuGet.targets" du projet "C:\Users\Administrateur\Documents\DossierPartage\PROGRAMATION\SystemeCaisse\SystemeCaisse.Infrastructure\SystemeCaisse.Infrastructure.csproj" (la cible "_CollectRestoreInputs" en dépend) :
       Tâche "CheckForDuplicateNuGetItemsTask"
       Exécution de la tâche "CheckForDuplicateNuGetItemsTask" terminée.
   1:6>Génération de la cible "CollectNuGetAuditSuppressions" terminée dans le projet "SystemeCaisse.Infrastructure.csproj".
   1:6>Cible "CollectPrunePackageReferences" dans le fichier "C:\Program Files\dotnet\sdk\10.0.101\NuGet.targets" du projet "C:\Users\Administrateur\Documents\DossierPartage\PROGRAMATION\SystemeCaisse\SystemeCaisse.Infrastructure\SystemeCaisse.Infrastructure.csproj" (la cible "_CollectRestoreInputs" en dépend) :
       Tâche "CheckForDuplicateNuGetItemsTask"
       Exécution de la tâche "CheckForDuplicateNuGetItemsTask" terminée.
   1:6>Génération de la cible "CollectPrunePackageReferences" terminée dans le projet "SystemeCaisse.Infrastructure.csproj".
   1:6>Cible "_CollectRestoreInputs" dans le fichier "C:\Program Files\dotnet\sdk\10.0.101\NuGet.targets" du projet "C:\Users\Administrateur\Documents\DossierPartage\PROGRAMATION\SystemeCaisse\SystemeCaisse.Infrastructure\SystemeCaisse.Infrastructure.csproj" (la cible "_GenerateProjectRestoreGraphPerFramework" en dépend) :
   1:6>Génération de la cible "_CollectRestoreInputs" terminée dans le projet "SystemeCaisse.Infrastructure.csproj".
   1:6>Cible "_GenerateProjectRestoreGraphPerFramework" dans le fichier "C:\Program Files\dotnet\sdk\10.0.101\NuGet.targets" du projet "C:\Users\Administrateur\Documents\DossierPartage\PROGRAMATION\SystemeCaisse\SystemeCaisse.Infrastructure\SystemeCaisse.Infrastructure.csproj" (la cible "_GenerateProjectRestoreGraphCurrentProject" en dépend) :
       Utilisation de la tâche "GetRestoreProjectReferencesTask" à partir de l'assembly "C:\Program Files\dotnet\sdk\10.0.101\NuGet.Build.Tasks.dll".
       Tâche "GetRestoreProjectReferencesTask"
       Exécution de la tâche "GetRestoreProjectReferencesTask" terminée.
       Utilisation de la tâche "GetRestorePackageReferencesTask" à partir de l'assembly "C:\Program Files\dotnet\sdk\10.0.101\NuGet.Build.Tasks.dll".
       Tâche "GetRestorePackageReferencesTask"
       Exécution de la tâche "GetRestorePackageReferencesTask" terminée.
       Utilisation de la tâche "GetRestorePackageDownloadsTask" à partir de l'assembly "C:\Program Files\dotnet\sdk\10.0.101\NuGet.Build.Tasks.dll".
       Tâche "GetRestorePackageDownloadsTask"
       Exécution de la tâche "GetRestorePackageDownloadsTask" terminée.
       Utilisation de la tâche "GetRestoreFrameworkReferencesTask" à partir de l'assembly "C:\Program Files\dotnet\sdk\10.0.101\NuGet.Build.Tasks.dll".
       Tâche "GetRestoreFrameworkReferencesTask"
       Exécution de la tâche "GetRestoreFrameworkReferencesTask" terminée.
       Utilisation de la tâche "GetRestoreNuGetAuditSuppressionsTask" à partir de l'assembly "C:\Program Files\dotnet\sdk\10.0.101\NuGet.Build.Tasks.dll".
       Tâche "GetRestoreNuGetAuditSuppressionsTask"
       Exécution de la tâche "GetRestoreNuGetAuditSuppressionsTask" terminée.
       Utilisation de la tâche "GetRestorePrunePackageReferencesTask" à partir de l'assembly "C:\Program Files\dotnet\sdk\10.0.101\NuGet.Build.Tasks.dll".
       Tâche "GetRestorePrunePackageReferencesTask"
       Exécution de la tâche "GetRestorePrunePackageReferencesTask" terminée.
   1:6>Génération de la cible "_GenerateProjectRestoreGraphPerFramework" terminée dans le projet "SystemeCaisse.Infrastructure.csproj".
   1:6>Cible "_GenerateProjectRestoreGraphCurrentProject" dans le fichier "C:\Program Files\dotnet\sdk\10.0.101\NuGet.targets" du projet "C:\Users\Administrateur\Documents\DossierPartage\PROGRAMATION\SystemeCaisse\SystemeCaisse.Infrastructure\SystemeCaisse.Infrastructure.csproj" (la cible "_GenerateRestoreDependencies" en dépend) :
   1:6>Génération de la cible "_GenerateProjectRestoreGraphCurrentProject" terminée dans le projet "SystemeCaisse.Infrastructure.csproj".
   1:6>Cible "_GenerateRestoreDependencies" dans le fichier "C:\Program Files\dotnet\sdk\10.0.101\NuGet.targets" du projet "C:\Users\Administrateur\Documents\DossierPartage\PROGRAMATION\SystemeCaisse\SystemeCaisse.Infrastructure\SystemeCaisse.Infrastructure.csproj" (la cible "_GenerateProjectRestoreGraph" en dépend) :
   1:6>Génération de la cible "_GenerateRestoreDependencies" terminée dans le projet "SystemeCaisse.Infrastructure.csproj".
   1:6>Cible "_GenerateProjectRestoreGraph" dans le fichier "C:\Program Files\dotnet\sdk\10.0.101\NuGet.targets" du projet "C:\Users\Administrateur\Documents\DossierPartage\PROGRAMATION\SystemeCaisse\SystemeCaisse.Infrastructure\SystemeCaisse.Infrastructure.csproj" (point d'entrée) :
   1:6>Génération de la cible "_GenerateProjectRestoreGraph" terminée dans le projet "SystemeCaisse.Infrastructure.csproj".
   1:6>Génération du projet "C:\Users\Administrateur\Documents\DossierPartage\PROGRAMATION\SystemeCaisse\SystemeCaisse.Infrastructure\SystemeCaisse.Infrastructure.csproj" terminée (_GenerateProjectRestoreGraph cible(s)).
     1>Exécution de la tâche "MSBuild" terminée.
     1>Génération de la cible "_GenerateRestoreGraph" terminée dans le projet "SystemeCaisse.Infrastructure.csproj".
     1>Cible "_CollectTargetFrameworkForTelemetry" dans le fichier "C:\Program Files\dotnet\sdk\10.0.101\Sdks\Microsoft.NET.Sdk\targets\Microsoft.NET.TargetFrameworkInference.targets" du projet "C:\Users\Administrateur\Documents\DossierPartage\PROGRAMATION\SystemeCaisse\SystemeCaisse.Infrastructure\SystemeCaisse.Infrastructure.csproj" (la cible "Restore" en dépend) :
       Utilisation de la tâche "AllowEmptyTelemetry" à partir de l'assembly "C:\Program Files\dotnet\sdk\10.0.101\Sdks\Microsoft.NET.Sdk\targets\..\tools\net10.0\Microsoft.NET.Build.Tasks.dll".
       Tâche "AllowEmptyTelemetry"
       Exécution de la tâche "AllowEmptyTelemetry" terminée.
     1>Génération de la cible "_CollectTargetFrameworkForTelemetry" terminée dans le projet "SystemeCaisse.Infrastructure.csproj".
     1>Cible "_CheckForUnsupportedNETCoreVersion" dans le fichier "C:\Program Files\dotnet\sdk\10.0.101\Sdks\Microsoft.NET.Sdk\targets\Microsoft.NET.TargetFrameworkInference.targets" du projet "C:\Users\Administrateur\Documents\DossierPartage\PROGRAMATION\SystemeCaisse\SystemeCaisse.Infrastructure\SystemeCaisse.Infrastructure.csproj" (la cible "Restore" en dépend) :
     1>Génération de la cible "_CheckForUnsupportedNETCoreVersion" terminée dans le projet "SystemeCaisse.Infrastructure.csproj".
     1>Cible "_CheckForUnsupportedCppNETCoreVersion" dans le fichier "C:\Program Files\dotnet\sdk\10.0.101\Sdks\Microsoft.NET.Sdk\targets\Microsoft.NET.TargetFrameworkInference.targets" du projet "C:\Users\Administrateur\Documents\DossierPartage\PROGRAMATION\SystemeCaisse\SystemeCaisse.Infrastructure\SystemeCaisse.Infrastructure.csproj" (la cible "Restore" en dépend) :
     1>Génération de la cible "_CheckForUnsupportedCppNETCoreVersion" terminée dans le projet "SystemeCaisse.Infrastructure.csproj".
     1>Cible "Restore" dans le fichier "C:\Program Files\dotnet\sdk\10.0.101\NuGet.targets" du projet "C:\Users\Administrateur\Documents\DossierPartage\PROGRAMATION\SystemeCaisse\SystemeCaisse.Infrastructure\SystemeCaisse.Infrastructure.csproj" (point d'entrée) :
       Tâche "RemoveDuplicates"
       Exécution de la tâche "RemoveDuplicates" terminée.
       Utilisation de la tâche "RestoreTask" à partir de l'assembly "C:\Program Files\dotnet\sdk\10.0.101\NuGet.Build.Tasks.dll".
       Tâche "RestoreTask"
         Assembly chargé pendant TaskRun (NuGet.Build.Tasks.RestoreTask) : NuGet.Packaging, Version=7.0.0.0, Culture=neutral, PublicKeyToken=31bf3856ad364e35 (emplacement : C:\Program Files\dotnet\sdk\10.0.101\NuGet.Packaging.dll, MVID : cbfc9ed0-7866-469b-9c1f-f25d50faee97, AssemblyLoadContext : MSBuild plugin C:\Program Files\dotnet\sdk\10.0.101\NuGet.Build.Tasks.dll)
         Assembly chargé pendant TaskRun (NuGet.Build.Tasks.RestoreTask) : NuGet.LibraryModel, Version=7.0.0.0, Culture=neutral, PublicKeyToken=31bf3856ad364e35 (emplacement : C:\Program Files\dotnet\sdk\10.0.101\NuGet.LibraryModel.dll, MVID : 68a4d051-6665-4b74-809a-7f38ce15fd8b, AssemblyLoadContext : MSBuild plugin C:\Program Files\dotnet\sdk\10.0.101\NuGet.Build.Tasks.dll)
         Assembly chargé pendant TaskRun (NuGet.Build.Tasks.RestoreTask) : NuGet.Versioning, Version=7.0.0.0, Culture=neutral, PublicKeyToken=31bf3856ad364e35 (emplacement : C:\Program Files\dotnet\sdk\10.0.101\NuGet.Versioning.dll, MVID : db6fa9f4-313d-4c04-8b3b-dcde2ca3467c, AssemblyLoadContext : MSBuild plugin C:\Program Files\dotnet\sdk\10.0.101\NuGet.Build.Tasks.dll)
         Assembly chargé pendant TaskRun (NuGet.Build.Tasks.RestoreTask) : NuGet.Frameworks, Version=7.0.0.0, Culture=neutral, PublicKeyToken=31bf3856ad364e35 (emplacement : C:\Program Files\dotnet\sdk\10.0.101\NuGet.Frameworks.dll, MVID : e913a35d-983d-474c-b844-7b99e57f87c3, AssemblyLoadContext : MSBuild plugin C:\Program Files\dotnet\sdk\10.0.101\NuGet.Build.Tasks.dll)
         Assembly chargé pendant TaskRun (NuGet.Build.Tasks.RestoreTask) : NuGet.Protocol, Version=7.0.0.0, Culture=neutral, PublicKeyToken=31bf3856ad364e35 (emplacement : C:\Program Files\dotnet\sdk\10.0.101\NuGet.Protocol.dll, MVID : b29fe50d-16a8-4275-9f03-4c61a549b3e9, AssemblyLoadContext : MSBuild plugin C:\Program Files\dotnet\sdk\10.0.101\NuGet.Build.Tasks.dll)
         Assembly chargé pendant TaskRun (NuGet.Build.Tasks.RestoreTask) : NuGet.Credentials, Version=7.0.0.0, Culture=neutral, PublicKeyToken=31bf3856ad364e35 (emplacement : C:\Program Files\dotnet\sdk\10.0.101\NuGet.Credentials.dll, MVID : a9f47e63-9cf1-4e3d-a1ac-19ffa2efaf93, AssemblyLoadContext : MSBuild plugin C:\Program Files\dotnet\sdk\10.0.101\NuGet.Build.Tasks.dll)
         Assembly chargé pendant TaskRun (NuGet.Build.Tasks.RestoreTask) : NuGet.Packaging.resources, Version=7.0.0.0, Culture=fr, PublicKeyToken=31bf3856ad364e35 (emplacement : C:\Program Files\dotnet\sdk\10.0.101\fr\NuGet.Packaging.resources.dll, MVID : 0bacee17-9379-44e2-a07b-6022b2ab4a35, AssemblyLoadContext : MSBuild plugin C:\Program Files\dotnet\sdk\10.0.101\NuGet.Build.Tasks.dll)
         La validation de la chaîne de certificats X.509 utilisera le magasin de confiance par défaut sélectionné par .NET pour le code de signature.
         La validation de la chaîne de certificats X.509 utilisera le magasin de confiance par défaut sélectionné par .NET pour le timestamp.
         Assembly chargé pendant TaskRun (NuGet.Build.Tasks.RestoreTask) : NuGet.DependencyResolver.Core, Version=7.0.0.0, Culture=neutral, PublicKeyToken=31bf3856ad364e35 (emplacement : C:\Program Files\dotnet\sdk\10.0.101\NuGet.DependencyResolver.Core.dll, MVID : 56b6dee4-cc63-4485-beb0-97d06d74b4ea, AssemblyLoadContext : MSBuild plugin C:\Program Files\dotnet\sdk\10.0.101\NuGet.Build.Tasks.dll)
         Assembly chargé pendant TaskRun (NuGet.Build.Tasks.RestoreTask) : NuGet.Commands.resources, Version=7.0.0.0, Culture=fr, PublicKeyToken=31bf3856ad364e35 (emplacement : C:\Program Files\dotnet\sdk\10.0.101\fr\NuGet.Commands.resources.dll, MVID : 6afdf108-be43-46a6-859d-16c7bc409c2e, AssemblyLoadContext : MSBuild plugin C:\Program Files\dotnet\sdk\10.0.101\NuGet.Build.Tasks.dll)
         Exécution d'une restauration avec 24 travaux simultanés.
         Lecture du fichier projet C:\Users\Administrateur\Documents\DossierPartage\PROGRAMATION\SystemeCaisse\SystemeCaisse.Infrastructure\SystemeCaisse.Infrastructure.csproj.
         Lecture du fichier projet C:\Users\Administrateur\Documents\DossierPartage\PROGRAMATION\SystemeCaisse\SystemeCaisse.Core\SystemeCaisse.Core.csproj.
         Assembly chargé pendant TaskRun (NuGet.Build.Tasks.RestoreTask) : Newtonsoft.Json, Version=13.0.0.0, Culture=neutral, PublicKeyToken=30ad4fe6b2a6aeed (emplacement : C:\Program Files\dotnet\sdk\10.0.101\Newtonsoft.Json.dll, MVID : 7e62198b-eab2-4380-bbac-29171862d1d8, AssemblyLoadContext : MSBuild plugin C:\Program Files\dotnet\sdk\10.0.101\NuGet.Build.Tasks.dll)
         Assembly chargé pendant TaskRun (NuGet.Build.Tasks.RestoreTask) : System.Runtime.Serialization.Primitives, Version=10.0.0.0, Culture=neutral, PublicKeyToken=b03f5f7f11d50a3a (emplacement : C:\Program Files\dotnet\shared\Microsoft.NETCore.App\10.0.1\System.Runtime.Serialization.Primitives.dll, MVID : ecfab76f-cf3b-4dfa-bd5a-f89982539174, AssemblyLoadContext : Default)
         Assembly chargé pendant TaskRun (NuGet.Build.Tasks.RestoreTask) : System.Runtime.Numerics, Version=10.0.0.0, Culture=neutral, PublicKeyToken=b03f5f7f11d50a3a (emplacement : C:\Program Files\dotnet\shared\Microsoft.NETCore.App\10.0.1\System.Runtime.Numerics.dll, MVID : 2efebce6-89c0-4a73-8fdb-4ca4d03b91e8, AssemblyLoadContext : Default)
         Assembly chargé pendant TaskRun (NuGet.Build.Tasks.RestoreTask) : System.Text.Encodings.Web, Version=10.0.0.0, Culture=neutral, PublicKeyToken=cc7b13ffcd2ddd51 (emplacement : C:\Program Files\dotnet\shared\Microsoft.NETCore.App\10.0.1\System.Text.Encodings.Web.dll, MVID : 989cf696-308d-45ef-a7d8-f629ee2e0d57, AssemblyLoadContext : Default)
         Assembly chargé pendant TaskRun (NuGet.Build.Tasks.RestoreTask) : System.Reflection.Emit.Lightweight, Version=10.0.0.0, Culture=neutral, PublicKeyToken=b03f5f7f11d50a3a (emplacement : C:\Program Files\dotnet\shared\Microsoft.NETCore.App\10.0.1\System.Reflection.Emit.Lightweight.dll, MVID : 54ccc9db-0db2-483c-9249-13f28812d0da, AssemblyLoadContext : Default)
         Assembly chargé pendant TaskRun (NuGet.Build.Tasks.RestoreTask) : System.Reflection.Primitives, Version=10.0.0.0, Culture=neutral, PublicKeyToken=b03f5f7f11d50a3a (emplacement : C:\Program Files\dotnet\shared\Microsoft.NETCore.App\10.0.1\System.Reflection.Primitives.dll, MVID : eabd85f7-9632-491e-a34a-adfb84d9810e, AssemblyLoadContext : Default)
         Assembly chargé pendant TaskRun (NuGet.Build.Tasks.RestoreTask) : System.Reflection.Emit.ILGeneration, Version=10.0.0.0, Culture=neutral, PublicKeyToken=b03f5f7f11d50a3a (emplacement : C:\Program Files\dotnet\shared\Microsoft.NETCore.App\10.0.1\System.Reflection.Emit.ILGeneration.dll, MVID : 89cc0fb1-7534-4cbe-bb6f-05a7e2856a66, AssemblyLoadContext : Default)
         Les entrées de restauration pour 'SystemeCaisse.Core' n'ont pas changé. Aucune autre action n'est nécessaire pour effectuer la restauration.
         Les entrées de restauration pour 'SystemeCaisse.Infrastructure' n'ont pas changé. Aucune autre action n'est nécessaire pour effectuer la restauration.
         Validation de la restauration...
         Validation de la restauration...
         Le fichier d'actifs n'a pas changé. Écriture du fichier d'actifs ignorée. Chemin : C:\Users\Administrateur\Documents\DossierPartage\PROGRAMATION\SystemeCaisse\SystemeCaisse.Infrastructure\obj\project.assets.json
         Le fichier d'actifs n'a pas changé. Écriture du fichier d'actifs ignorée. Chemin : C:\Users\Administrateur\Documents\DossierPartage\PROGRAMATION\SystemeCaisse\SystemeCaisse.Core\obj\project.assets.json
         Restauration no-op. Le cache ne sera pas mis à jour. Chemin : C:\Users\Administrateur\Documents\DossierPartage\PROGRAMATION\SystemeCaisse\SystemeCaisse.Infrastructure\obj\project.nuget.cache
         Restauration no-op. Le cache ne sera pas mis à jour. Chemin : C:\Users\Administrateur\Documents\DossierPartage\PROGRAMATION\SystemeCaisse\SystemeCaisse.Core\obj\project.nuget.cache
         Assembly chargé pendant TaskRun (NuGet.Build.Tasks.RestoreTask) : NuGet.Common.resources, Version=7.0.0.0, Culture=fr, PublicKeyToken=31bf3856ad364e35 (emplacement : C:\Program Files\dotnet\sdk\10.0.101\fr\NuGet.Common.resources.dll, MVID : b1ae7efa-4e88-4621-8aa9-1616aa215758, AssemblyLoadContext : MSBuild plugin C:\Program Files\dotnet\sdk\10.0.101\NuGet.Build.Tasks.dll)
         Restauration effectuée de C:\Users\Administrateur\Documents\DossierPartage\PROGRAMATION\SystemeCaisse\SystemeCaisse.Core\SystemeCaisse.Core.csproj (en 301 ms).
         Restauration effectuée de C:\Users\Administrateur\Documents\DossierPartage\PROGRAMATION\SystemeCaisse\SystemeCaisse.Infrastructure\SystemeCaisse.Infrastructure.csproj (en 301 ms).
         
         Fichiers de configuration NuGet utilisés :
             C:\Users\Administrateur\AppData\Roaming\NuGet\NuGet.Config
             C:\Program Files (x86)\NuGet\Config\Microsoft.VisualStudio.FallbackLocation.config
             C:\Program Files (x86)\NuGet\Config\Microsoft.VisualStudio.Offline.config
         
         Flux utilisés :
             https://api.nuget.org/v3/index.json
             C:\Program Files (x86)\Microsoft SDKs\NuGetPackages\
             C:\Program Files\dotnet\library-packs
         Tous les projets sont à jour pour la restauration.
       Exécution de la tâche "RestoreTask" terminée.
     1>Génération de la cible "Restore" terminée dans le projet "SystemeCaisse.Infrastructure.csproj".
     1>Génération du projet "C:\Users\Administrateur\Documents\DossierPartage\PROGRAMATION\SystemeCaisse\SystemeCaisse.Infrastructure\SystemeCaisse.Infrastructure.csproj" terminée (Restore cible(s)).
     0>Le « Microsoft.NET.Sdk » SDK a été résolu par le programme de résolution de « DefaultSdkResolver » en « C:\Program Files\dotnet\sdk\10.0.101\Sdks\Microsoft.NET.Sdk\Sdk » d’emplacement et en version «  ».
       C:\Program Files\dotnet\sdk\10.0.101\Sdks\Microsoft.NET.Sdk\Sdk\Sdk.props(49,11): message : Propriété 'MSBuildExtensionsPath' avec la valeur 'C:\Program Files\dotnet\sdk\10.0.101\' développée à partir de l’environnement.
       C:\Program Files\dotnet\sdk\10.0.101\Current\Microsoft.Common.props(60,5): message : Réassignation de propriété : $(MSBuildProjectExtensionsPath)="C:\Users\Administrateur\Documents\DossierPartage\PROGRAMATION\SystemeCaisse\SystemeCaisse.Infrastructure\obj\" (valeur précédente : "obj\") à C:\Program Files\dotnet\sdk\10.0.101\Current\Microsoft.Common.props (60,5)
       C:\Users\Administrateur\Documents\DossierPartage\PROGRAMATION\SystemeCaisse\SystemeCaisse.Infrastructure\obj\SystemeCaisse.Infrastructure.csproj.nuget.g.props(7,5): message : Propriété 'USERPROFILE' avec la valeur 'C:\Users\Administrateur' développée à partir de l’environnement.
       C:\Program Files\dotnet\sdk\10.0.101\Current\Microsoft.Common.props(84,119): message : Propriété 'MSBuildUserExtensionsPath' avec la valeur 'C:\Users\Administrateur\AppData\Local\Microsoft\MSBuild' développée à partir de l’environnement.
       C:\Program Files\dotnet\sdk\10.0.101\Sdks\Microsoft.NET.Sdk\targets\Microsoft.NET.Sdk.props(90,5): message : Réassignation de propriété : $(AssemblySearchPaths)="{CandidateAssemblyFiles};{HintPathFromItem}" (valeur précédente : "{CandidateAssemblyFiles}") à C:\Program Files\dotnet\sdk\10.0.101\Sdks\Microsoft.NET.Sdk\targets\Microsoft.NET.Sdk.props (90,5)
       C:\Program Files\dotnet\sdk\10.0.101\Sdks\Microsoft.NET.Sdk\targets\Microsoft.NET.Sdk.props(91,5): message : Réassignation de propriété : $(AssemblySearchPaths)="{CandidateAssemblyFiles};{HintPathFromItem};{TargetFrameworkDirectory}" (valeur précédente : "{CandidateAssemblyFiles};{HintPathFromItem}") à C:\Program Files\dotnet\sdk\10.0.101\Sdks\Microsoft.NET.Sdk\targets\Microsoft.NET.Sdk.props (91,5)
       C:\Program Files\dotnet\sdk\10.0.101\Sdks\Microsoft.NET.Sdk\targets\Microsoft.NET.Sdk.props(92,5): message : Réassignation de propriété : $(AssemblySearchPaths)="{CandidateAssemblyFiles};{HintPathFromItem};{TargetFrameworkDirectory};{RawFileName}" (valeur précédente : "{CandidateAssemblyFiles};{HintPathFromItem};{TargetFrameworkDirectory}") à C:\Program Files\dotnet\sdk\10.0.101\Sdks\Microsoft.NET.Sdk\targets\Microsoft.NET.Sdk.props (92,5)
       Le programme de résolution « DefaultSdkResolver » a tenté de résoudre le SDK « Microsoft.NET.SDK.WorkloadAutoImportPropsLocator ».
       Avertissements : null
       Erreurs : MSB4276: Le programme de résolution du SDK par défaut n’a pas pu résoudre le SDK «Microsoft.NET.SDK.WorkloadAutoImportPropsLocator», car le répertoire «C:\Program Files\dotnet\sdk\10.0.101\Sdks\Microsoft.NET.SDK.WorkloadAutoImportPropsLocator\Sdk» n’existait pas.
       Le « Microsoft.NET.SDK.WorkloadAutoImportPropsLocator » SDK a été résolu par le programme de résolution de « Microsoft.DotNet.MSBuildWorkloadSdkResolver » en « C:\Program Files\dotnet\packs\Microsoft.Android.Sdk.Windows\36.1.2\Sdk » d’emplacement et en version « null ».
       C:\Program Files\dotnet\sdk\10.0.101\Sdks\Microsoft.NET.Sdk\targets\Microsoft.NET.Sdk.ImportPublishProfile.targets(28,5): message : Réassignation de propriété : $(PublishProfileImported)="false" (valeur précédente : "true") à C:\Program Files\dotnet\sdk\10.0.101\Sdks\Microsoft.NET.Sdk\targets\Microsoft.NET.Sdk.ImportPublishProfile.targets (28,5)
       C:\Program Files\dotnet\sdk\10.0.101\Sdks\Microsoft.NET.Sdk\targets\Microsoft.NET.TargetFrameworkInference.targets(81,5): message : Réassignation de propriété : $(TargetPlatformVersion)="" (valeur précédente : "0.0") à C:\Program Files\dotnet\sdk\10.0.101\Sdks\Microsoft.NET.Sdk\targets\Microsoft.NET.TargetFrameworkInference.targets (81,5)
       C:\Program Files\dotnet\sdk\10.0.101\Sdks\Microsoft.NET.Sdk\targets\Microsoft.NET.DefaultOutputPaths.targets(127,5): message : Réassignation de propriété : $(DefaultItemExcludes)=";bin\Debug\/**;obj\Debug\/**" (valeur précédente : ";bin\Debug\/**") à C:\Program Files\dotnet\sdk\10.0.101\Sdks\Microsoft.NET.Sdk\targets\Microsoft.NET.DefaultOutputPaths.targets (127,5)
       C:\Program Files\dotnet\sdk\10.0.101\Sdks\Microsoft.NET.Sdk\targets\Microsoft.NET.DefaultOutputPaths.targets(142,5): message : Réassignation de propriété : $(OutputPath)="bin\Debug\net8.0\" (valeur précédente : "bin\Debug\") à C:\Program Files\dotnet\sdk\10.0.101\Sdks\Microsoft.NET.Sdk\targets\Microsoft.NET.DefaultOutputPaths.targets (142,5)
       C:\Program Files\dotnet\sdk\10.0.101\Sdks\Microsoft.NET.Sdk\targets\Microsoft.NET.DefaultOutputPaths.targets(147,5): message : Réassignation de propriété : $(IntermediateOutputPath)="obj\Debug\net8.0\" (valeur précédente : "obj\Debug\") à C:\Program Files\dotnet\sdk\10.0.101\Sdks\Microsoft.NET.Sdk\targets\Microsoft.NET.DefaultOutputPaths.targets (147,5)
       Le programme de résolution « DefaultSdkResolver » a tenté de résoudre le SDK « Microsoft.NET.SDK.WorkloadManifestTargetsLocator ».
       Avertissements : null
       Erreurs : MSB4276: Le programme de résolution du SDK par défaut n’a pas pu résoudre le SDK «Microsoft.NET.SDK.WorkloadManifestTargetsLocator», car le répertoire «C:\Program Files\dotnet\sdk\10.0.101\Sdks\Microsoft.NET.SDK.WorkloadManifestTargetsLocator\Sdk» n’existait pas.
       Le « Microsoft.NET.SDK.WorkloadManifestTargetsLocator » SDK a été résolu par le programme de résolution de « Microsoft.DotNet.MSBuildWorkloadSdkResolver » en « C:\Program Files\dotnet\sdk-manifests\10.0.100\microsoft.net.sdk.android\36.1.2 » d’emplacement et en version « null ».
       C:\Program Files\dotnet\sdk\10.0.101\Sdks\Microsoft.NET.Sdk\targets\Microsoft.NET.Sdk.BeforeCommon.targets(371,5): message : Réassignation de propriété : $(RoslynTargetsPath)="C:\Program Files\dotnet\sdk\10.0.101\Sdks\Microsoft.NET.Sdk\targets\..\..\..\Roslyn" (valeur précédente : "C:\Program Files\dotnet\sdk\10.0.101\Roslyn") à C:\Program Files\dotnet\sdk\10.0.101\Sdks\Microsoft.NET.Sdk\targets\Microsoft.NET.Sdk.BeforeCommon.targets (371,5)
       C:\Program Files\dotnet\sdk\10.0.101\Roslyn\Microsoft.Managed.Core.targets(6,5): message : Réassignation de propriété : $(_BuildTasksDirectory)="C:\Program Files\dotnet\sdk\10.0.101\Sdks\Microsoft.NET.Sdk\targets\..\..\..\Roslyn\" (valeur précédente : "C:\Program Files\dotnet\sdk\10.0.101\Roslyn\") à C:\Program Files\dotnet\sdk\10.0.101\Roslyn\Microsoft.Managed.Core.targets (6,5)
       C:\Program Files\dotnet\sdk\10.0.101\Roslyn\Microsoft.CSharp.Core.targets(200,5): message : Réassignation de propriété : $(CommandLineArgsForDesignTimeEvaluation)="-langversion:12.0 -define:TRACE" (valeur précédente : "-langversion:12.0") à C:\Program Files\dotnet\sdk\10.0.101\Roslyn\Microsoft.CSharp.Core.targets (200,5)
       C:\Program Files\dotnet\sdk\10.0.101\Microsoft.Common.CurrentVersion.targets(175,5): message : Réassignation de propriété : $(_DebugSymbolsProduced)="true" (valeur précédente : "false") à C:\Program Files\dotnet\sdk\10.0.101\Microsoft.Common.CurrentVersion.targets (175,5)
       C:\Program Files\dotnet\sdk\10.0.101\Microsoft.Common.CurrentVersion.targets(185,5): message : Réassignation de propriété : $(_DocumentationFileProduced)="false" (valeur précédente : "true") à C:\Program Files\dotnet\sdk\10.0.101\Microsoft.Common.CurrentVersion.targets (185,5)
       C:\Program Files\dotnet\sdk\10.0.101\Microsoft.Common.CurrentVersion.targets(392,5): message : Réassignation de propriété : $(MSBuildCopyMarkerName)="SystemeC.A12EA9C1" (valeur précédente : "SystemeCaisse.Infrastructure.csproj") à C:\Program Files\dotnet\sdk\10.0.101\Microsoft.Common.CurrentVersion.targets (392,5)
       C:\Program Files\dotnet\sdk\10.0.101\Microsoft.Common.CurrentVersion.targets(393,5): message : Réassignation de propriété : $(MSBuildCopyMarkerName)="SystemeC.A12EA9C1.Up2Date" (valeur précédente : "SystemeC.A12EA9C1") à C:\Program Files\dotnet\sdk\10.0.101\Microsoft.Common.CurrentVersion.targets (393,5)
       C:\Program Files\dotnet\sdk\10.0.101\Microsoft.Common.CurrentVersion.targets(541,5): message : Réassignation de propriété : $(ProcessorArchitecture)="msil" (valeur précédente : "") à C:\Program Files\dotnet\sdk\10.0.101\Microsoft.Common.CurrentVersion.targets (541,5)
       C:\Program Files\dotnet\sdk\10.0.101\Microsoft.Common.CurrentVersion.targets(580,5): message : Réassignation de propriété : $(DelaySign)="" (valeur précédente : "false") à C:\Program Files\dotnet\sdk\10.0.101\Microsoft.Common.CurrentVersion.targets (580,5)
       C:\Program Files\dotnet\sdk\10.0.101\Microsoft.Common.CurrentVersion.targets(2606,5): message : Propriété 'LOCALAPPDATA' avec la valeur 'C:\Users\Administrateur\AppData\Local' développée à partir de l’environnement.
       C:\Program Files\dotnet\sdk\10.0.101\Microsoft.Common.CurrentVersion.targets(3934,5): message : Réassignation de propriété : $(_SGenGenerateSerializationAssembliesConfig)="Auto" (valeur précédente : "") à C:\Program Files\dotnet\sdk\10.0.101\Microsoft.Common.CurrentVersion.targets (3934,5)
       C:\Program Files\dotnet\sdk\10.0.101\Microsoft.Common.CurrentVersion.targets(3935,5): message : Réassignation de propriété : $(_SGenGenerateSerializationAssembliesConfig)="Off" (valeur précédente : "Auto") à C:\Program Files\dotnet\sdk\10.0.101\Microsoft.Common.CurrentVersion.targets (3935,5)
       C:\Program Files\dotnet\sdk\10.0.101\Microsoft.Common.CurrentVersion.targets(5146,5): message : Réassignation de propriété : $(_TargetsThatPrepareProjectReferences)="
       C:\Program Files\dotnet\sdk\10.0.101\Microsoft.Common.CurrentVersion.targets(5146,5): message :       AssignProjectConfiguration;
       C:\Program Files\dotnet\sdk\10.0.101\Microsoft.Common.CurrentVersion.targets(5146,5): message :       _SplitProjectReferencesByFileExistence
       C:\Program Files\dotnet\sdk\10.0.101\Microsoft.Common.CurrentVersion.targets(5146,5): message :     " (valeur précédente : "_SplitProjectReferencesByFileExistence") à C:\Program Files\dotnet\sdk\10.0.101\Microsoft.Common.CurrentVersion.targets (5146,5)
       C:\Program Files\dotnet\sdk\10.0.101\Microsoft.Common.CurrentVersion.targets(6959,5): message : Propriété 'MSBuildExtensionsPath32' avec la valeur 'C:\Program Files\dotnet\sdk\10.0.101' développée à partir de l’environnement.
       La propriété "NuGetInteractive" est une propriété globale et elle ne peut pas être modifiée.
       C:\Program Files\dotnet\sdk\10.0.101\Sdks\Microsoft.NET.Sdk\targets\Microsoft.PackageDependencyResolution.targets(29,5): message : Réassignation de propriété : $(ProjectAssetsCacheFile)="C:\Users\Administrateur\Documents\DossierPartage\PROGRAMATION\SystemeCaisse\SystemeCaisse.Infrastructure\obj\Debug\net8.0\SystemeCaisse.Infrastructure.assets.cache" (valeur précédente : "obj\Debug\net8.0\SystemeCaisse.Infrastructure.assets.cache") à C:\Program Files\dotnet\sdk\10.0.101\Sdks\Microsoft.NET.Sdk\targets\Microsoft.PackageDependencyResolution.targets (29,5)
       C:\Program Files\dotnet\sdk\10.0.101\Sdks\Microsoft.NET.Sdk\targets\Microsoft.PackageDependencyResolution.targets(80,5): message : Réassignation de propriété : $(ResolveAssemblyReferencesDependsOn)="
       C:\Program Files\dotnet\sdk\10.0.101\Sdks\Microsoft.NET.Sdk\targets\Microsoft.PackageDependencyResolution.targets(80,5): message :       
       C:\Program Files\dotnet\sdk\10.0.101\Sdks\Microsoft.NET.Sdk\targets\Microsoft.PackageDependencyResolution.targets(80,5): message :       ResolveProjectReferences;
       C:\Program Files\dotnet\sdk\10.0.101\Sdks\Microsoft.NET.Sdk\targets\Microsoft.PackageDependencyResolution.targets(80,5): message :       FindInvalidProjectReferences;
       C:\Program Files\dotnet\sdk\10.0.101\Sdks\Microsoft.NET.Sdk\targets\Microsoft.PackageDependencyResolution.targets(80,5): message :       GetFrameworkPaths;
       C:\Program Files\dotnet\sdk\10.0.101\Sdks\Microsoft.NET.Sdk\targets\Microsoft.PackageDependencyResolution.targets(80,5): message :       GetReferenceAssemblyPaths;
       C:\Program Files\dotnet\sdk\10.0.101\Sdks\Microsoft.NET.Sdk\targets\Microsoft.PackageDependencyResolution.targets(80,5): message :       PrepareForBuild;
       C:\Program Files\dotnet\sdk\10.0.101\Sdks\Microsoft.NET.Sdk\targets\Microsoft.PackageDependencyResolution.targets(80,5): message :       ResolveSDKReferences;
       C:\Program Files\dotnet\sdk\10.0.101\Sdks\Microsoft.NET.Sdk\targets\Microsoft.PackageDependencyResolution.targets(80,5): message :       ExpandSDKReferences;
       C:\Program Files\dotnet\sdk\10.0.101\Sdks\Microsoft.NET.Sdk\targets\Microsoft.PackageDependencyResolution.targets(80,5): message :     ;
       C:\Program Files\dotnet\sdk\10.0.101\Sdks\Microsoft.NET.Sdk\targets\Microsoft.PackageDependencyResolution.targets(80,5): message :       ResolvePackageDependenciesForBuild;
       C:\Program Files\dotnet\sdk\10.0.101\Sdks\Microsoft.NET.Sdk\targets\Microsoft.PackageDependencyResolution.targets(80,5): message :       _HandlePackageFileConflicts;
       C:\Program Files\dotnet\sdk\10.0.101\Sdks\Microsoft.NET.Sdk\targets\Microsoft.PackageDependencyResolution.targets(80,5): message :     " (valeur précédente : "
       C:\Program Files\dotnet\sdk\10.0.101\Sdks\Microsoft.NET.Sdk\targets\Microsoft.PackageDependencyResolution.targets(80,5): message :       ResolveProjectReferences;
       C:\Program Files\dotnet\sdk\10.0.101\Sdks\Microsoft.NET.Sdk\targets\Microsoft.PackageDependencyResolution.targets(80,5): message :       FindInvalidProjectReferences;
       C:\Program Files\dotnet\sdk\10.0.101\Sdks\Microsoft.NET.Sdk\targets\Microsoft.PackageDependencyResolution.targets(80,5): message :       GetFrameworkPaths;
       C:\Program Files\dotnet\sdk\10.0.101\Sdks\Microsoft.NET.Sdk\targets\Microsoft.PackageDependencyResolution.targets(80,5): message :       GetReferenceAssemblyPaths;
       C:\Program Files\dotnet\sdk\10.0.101\Sdks\Microsoft.NET.Sdk\targets\Microsoft.PackageDependencyResolution.targets(80,5): message :       PrepareForBuild;
       C:\Program Files\dotnet\sdk\10.0.101\Sdks\Microsoft.NET.Sdk\targets\Microsoft.PackageDependencyResolution.targets(80,5): message :       ResolveSDKReferences;
       C:\Program Files\dotnet\sdk\10.0.101\Sdks\Microsoft.NET.Sdk\targets\Microsoft.PackageDependencyResolution.targets(80,5): message :       ExpandSDKReferences;
       C:\Program Files\dotnet\sdk\10.0.101\Sdks\Microsoft.NET.Sdk\targets\Microsoft.PackageDependencyResolution.targets(80,5): message :     ") à C:\Program Files\dotnet\sdk\10.0.101\Sdks\Microsoft.NET.Sdk\targets\Microsoft.PackageDependencyResolution.targets (80,5)
       C:\Program Files\dotnet\sdk\10.0.101\Sdks\Microsoft.NET.Sdk\targets\Microsoft.PackageDependencyResolution.targets(86,5): message : Réassignation de propriété : $(PrepareResourcesDependsOn)="
       C:\Program Files\dotnet\sdk\10.0.101\Sdks\Microsoft.NET.Sdk\targets\Microsoft.PackageDependencyResolution.targets(86,5): message :       ResolvePackageDependenciesForBuild;
       C:\Program Files\dotnet\sdk\10.0.101\Sdks\Microsoft.NET.Sdk\targets\Microsoft.PackageDependencyResolution.targets(86,5): message :       _HandlePackageFileConflicts;
       C:\Program Files\dotnet\sdk\10.0.101\Sdks\Microsoft.NET.Sdk\targets\Microsoft.PackageDependencyResolution.targets(86,5): message :       
       C:\Program Files\dotnet\sdk\10.0.101\Sdks\Microsoft.NET.Sdk\targets\Microsoft.PackageDependencyResolution.targets(86,5): message :       ;
       C:\Program Files\dotnet\sdk\10.0.101\Sdks\Microsoft.NET.Sdk\targets\Microsoft.PackageDependencyResolution.targets(86,5): message :       PrepareResourceNames;
       C:\Program Files\dotnet\sdk\10.0.101\Sdks\Microsoft.NET.Sdk\targets\Microsoft.PackageDependencyResolution.targets(86,5): message :       ResGen;
       C:\Program Files\dotnet\sdk\10.0.101\Sdks\Microsoft.NET.Sdk\targets\Microsoft.PackageDependencyResolution.targets(86,5): message :       CompileLicxFiles
       C:\Program Files\dotnet\sdk\10.0.101\Sdks\Microsoft.NET.Sdk\targets\Microsoft.PackageDependencyResolution.targets(86,5): message :     
       C:\Program Files\dotnet\sdk\10.0.101\Sdks\Microsoft.NET.Sdk\targets\Microsoft.PackageDependencyResolution.targets(86,5): message :     " (valeur précédente : "
       C:\Program Files\dotnet\sdk\10.0.101\Sdks\Microsoft.NET.Sdk\targets\Microsoft.PackageDependencyResolution.targets(86,5): message :       ;
       C:\Program Files\dotnet\sdk\10.0.101\Sdks\Microsoft.NET.Sdk\targets\Microsoft.PackageDependencyResolution.targets(86,5): message :       PrepareResourceNames;
       C:\Program Files\dotnet\sdk\10.0.101\Sdks\Microsoft.NET.Sdk\targets\Microsoft.PackageDependencyResolution.targets(86,5): message :       ResGen;
       C:\Program Files\dotnet\sdk\10.0.101\Sdks\Microsoft.NET.Sdk\targets\Microsoft.PackageDependencyResolution.targets(86,5): message :       CompileLicxFiles
       C:\Program Files\dotnet\sdk\10.0.101\Sdks\Microsoft.NET.Sdk\targets\Microsoft.PackageDependencyResolution.targets(86,5): message :     ") à C:\Program Files\dotnet\sdk\10.0.101\Sdks\Microsoft.NET.Sdk\targets\Microsoft.PackageDependencyResolution.targets (86,5)
       C:\Program Files\dotnet\sdk\10.0.101\Sdks\Microsoft.NET.Sdk\targets\Microsoft.NET.Sdk.DefaultItems.targets(35,5): message : Réassignation de propriété : $(DefaultItemExcludes)=";bin\Debug\/**;obj\Debug\/**;bin\/**" (valeur précédente : ";bin\Debug\/**;obj\Debug\/**") à C:\Program Files\dotnet\sdk\10.0.101\Sdks\Microsoft.NET.Sdk\targets\Microsoft.NET.Sdk.DefaultItems.targets (35,5)
       C:\Program Files\dotnet\sdk\10.0.101\Sdks\Microsoft.NET.Sdk\targets\Microsoft.NET.Sdk.DefaultItems.targets(37,5): message : Réassignation de propriété : $(DefaultItemExcludes)=";bin\Debug\/**;obj\Debug\/**;bin\/**;obj\/**" (valeur précédente : ";bin\Debug\/**;obj\Debug\/**;bin\/**") à C:\Program Files\dotnet\sdk\10.0.101\Sdks\Microsoft.NET.Sdk\targets\Microsoft.NET.Sdk.DefaultItems.targets (37,5)
       C:\Program Files\dotnet\sdk\10.0.101\Sdks\Microsoft.NET.Sdk\targets\Microsoft.NET.Sdk.DefaultItems.targets(40,5): message : Réassignation de propriété : $(DefaultItemExcludes)=";bin\Debug\/**;obj\Debug\/**;bin\/**;obj\/**;**/*.user" (valeur précédente : ";bin\Debug\/**;obj\Debug\/**;bin\/**;obj\/**") à C:\Program Files\dotnet\sdk\10.0.101\Sdks\Microsoft.NET.Sdk\targets\Microsoft.NET.Sdk.DefaultItems.targets (40,5)
       C:\Program Files\dotnet\sdk\10.0.101\Sdks\Microsoft.NET.Sdk\targets\Microsoft.NET.Sdk.DefaultItems.targets(41,5): message : Réassignation de propriété : $(DefaultItemExcludes)=";bin\Debug\/**;obj\Debug\/**;bin\/**;obj\/**;**/*.user;**/*.*proj" (valeur précédente : ";bin\Debug\/**;obj\Debug\/**;bin\/**;obj\/**;**/*.user") à C:\Program Files\dotnet\sdk\10.0.101\Sdks\Microsoft.NET.Sdk\targets\Microsoft.NET.Sdk.DefaultItems.targets (41,5)
       C:\Program Files\dotnet\sdk\10.0.101\Sdks\Microsoft.NET.Sdk\targets\Microsoft.NET.Sdk.DefaultItems.targets(42,5): message : Réassignation de propriété : $(DefaultItemExcludes)=";bin\Debug\/**;obj\Debug\/**;bin\/**;obj\/**;**/*.user;**/*.*proj;**/*.sln" (valeur précédente : ";bin\Debug\/**;obj\Debug\/**;bin\/**;obj\/**;**/*.user;**/*.*proj") à C:\Program Files\dotnet\sdk\10.0.101\Sdks\Microsoft.NET.Sdk\targets\Microsoft.NET.Sdk.DefaultItems.targets (42,5)
       C:\Program Files\dotnet\sdk\10.0.101\Sdks\Microsoft.NET.Sdk\targets\Microsoft.NET.Sdk.DefaultItems.targets(43,5): message : Réassignation de propriété : $(DefaultItemExcludes)=";bin\Debug\/**;obj\Debug\/**;bin\/**;obj\/**;**/*.user;**/*.*proj;**/*.sln;**/*.slnx" (valeur précédente : ";bin\Debug\/**;obj\Debug\/**;bin\/**;obj\/**;**/*.user;**/*.*proj;**/*.sln") à C:\Program Files\dotnet\sdk\10.0.101\Sdks\Microsoft.NET.Sdk\targets\Microsoft.NET.Sdk.DefaultItems.targets (43,5)
       C:\Program Files\dotnet\sdk\10.0.101\Sdks\Microsoft.NET.Sdk\targets\Microsoft.NET.Sdk.DefaultItems.targets(44,5): message : Réassignation de propriété : $(DefaultItemExcludes)=";bin\Debug\/**;obj\Debug\/**;bin\/**;obj\/**;**/*.user;**/*.*proj;**/*.sln;**/*.slnx;**/*.vssscc" (valeur précédente : ";bin\Debug\/**;obj\Debug\/**;bin\/**;obj\/**;**/*.user;**/*.*proj;**/*.sln;**/*.slnx") à C:\Program Files\dotnet\sdk\10.0.101\Sdks\Microsoft.NET.Sdk\targets\Microsoft.NET.Sdk.DefaultItems.targets (44,5)
       C:\Program Files\dotnet\sdk\10.0.101\Sdks\Microsoft.NET.Sdk\targets\Microsoft.NET.Sdk.DefaultItems.targets(45,5): message : Réassignation de propriété : $(DefaultItemExcludes)=";bin\Debug\/**;obj\Debug\/**;bin\/**;obj\/**;**/*.user;**/*.*proj;**/*.sln;**/*.slnx;**/*.vssscc;**/.DS_Store" (valeur précédente : ";bin\Debug\/**;obj\Debug\/**;bin\/**;obj\/**;**/*.user;**/*.*proj;**/*.sln;**/*.slnx;**/*.vssscc") à C:\Program Files\dotnet\sdk\10.0.101\Sdks\Microsoft.NET.Sdk\targets\Microsoft.NET.Sdk.DefaultItems.targets (45,5)
       C:\Program Files\dotnet\sdk\10.0.101\Sdks\Microsoft.NET.Sdk\targets\Microsoft.NET.Sdk.FrameworkReferenceResolution.targets(14,5): message : Réassignation de propriété : $(ResolveAssemblyReferencesDependsOn)="
       C:\Program Files\dotnet\sdk\10.0.101\Sdks\Microsoft.NET.Sdk\targets\Microsoft.NET.Sdk.FrameworkReferenceResolution.targets(14,5): message :       
       C:\Program Files\dotnet\sdk\10.0.101\Sdks\Microsoft.NET.Sdk\targets\Microsoft.NET.Sdk.FrameworkReferenceResolution.targets(14,5): message :       
       C:\Program Files\dotnet\sdk\10.0.101\Sdks\Microsoft.NET.Sdk\targets\Microsoft.NET.Sdk.FrameworkReferenceResolution.targets(14,5): message :       ResolveProjectReferences;
       C:\Program Files\dotnet\sdk\10.0.101\Sdks\Microsoft.NET.Sdk\targets\Microsoft.NET.Sdk.FrameworkReferenceResolution.targets(14,5): message :       FindInvalidProjectReferences;
       C:\Program Files\dotnet\sdk\10.0.101\Sdks\Microsoft.NET.Sdk\targets\Microsoft.NET.Sdk.FrameworkReferenceResolution.targets(14,5): message :       GetFrameworkPaths;
       C:\Program Files\dotnet\sdk\10.0.101\Sdks\Microsoft.NET.Sdk\targets\Microsoft.NET.Sdk.FrameworkReferenceResolution.targets(14,5): message :       GetReferenceAssemblyPaths;
       C:\Program Files\dotnet\sdk\10.0.101\Sdks\Microsoft.NET.Sdk\targets\Microsoft.NET.Sdk.FrameworkReferenceResolution.targets(14,5): message :       PrepareForBuild;
       C:\Program Files\dotnet\sdk\10.0.101\Sdks\Microsoft.NET.Sdk\targets\Microsoft.NET.Sdk.FrameworkReferenceResolution.targets(14,5): message :       ResolveSDKReferences;
       C:\Program Files\dotnet\sdk\10.0.101\Sdks\Microsoft.NET.Sdk\targets\Microsoft.NET.Sdk.FrameworkReferenceResolution.targets(14,5): message :       ExpandSDKReferences;
       C:\Program Files\dotnet\sdk\10.0.101\Sdks\Microsoft.NET.Sdk\targets\Microsoft.NET.Sdk.FrameworkReferenceResolution.targets(14,5): message :     ;
       C:\Program Files\dotnet\sdk\10.0.101\Sdks\Microsoft.NET.Sdk\targets\Microsoft.NET.Sdk.FrameworkReferenceResolution.targets(14,5): message :       ResolvePackageDependenciesForBuild;
       C:\Program Files\dotnet\sdk\10.0.101\Sdks\Microsoft.NET.Sdk\targets\Microsoft.NET.Sdk.FrameworkReferenceResolution.targets(14,5): message :       _HandlePackageFileConflicts;
       C:\Program Files\dotnet\sdk\10.0.101\Sdks\Microsoft.NET.Sdk\targets\Microsoft.NET.Sdk.FrameworkReferenceResolution.targets(14,5): message :     ;
       C:\Program Files\dotnet\sdk\10.0.101\Sdks\Microsoft.NET.Sdk\targets\Microsoft.NET.Sdk.FrameworkReferenceResolution.targets(14,5): message :       ResolveTargetingPackAssets;
       C:\Program Files\dotnet\sdk\10.0.101\Sdks\Microsoft.NET.Sdk\targets\Microsoft.NET.Sdk.FrameworkReferenceResolution.targets(14,5): message :     " (valeur précédente : "
       C:\Program Files\dotnet\sdk\10.0.101\Sdks\Microsoft.NET.Sdk\targets\Microsoft.NET.Sdk.FrameworkReferenceResolution.targets(14,5): message :       
       C:\Program Files\dotnet\sdk\10.0.101\Sdks\Microsoft.NET.Sdk\targets\Microsoft.NET.Sdk.FrameworkReferenceResolution.targets(14,5): message :       ResolveProjectReferences;
       C:\Program Files\dotnet\sdk\10.0.101\Sdks\Microsoft.NET.Sdk\targets\Microsoft.NET.Sdk.FrameworkReferenceResolution.targets(14,5): message :       FindInvalidProjectReferences;
       C:\Program Files\dotnet\sdk\10.0.101\Sdks\Microsoft.NET.Sdk\targets\Microsoft.NET.Sdk.FrameworkReferenceResolution.targets(14,5): message :       GetFrameworkPaths;
       C:\Program Files\dotnet\sdk\10.0.101\Sdks\Microsoft.NET.Sdk\targets\Microsoft.NET.Sdk.FrameworkReferenceResolution.targets(14,5): message :       GetReferenceAssemblyPaths;
       C:\Program Files\dotnet\sdk\10.0.101\Sdks\Microsoft.NET.Sdk\targets\Microsoft.NET.Sdk.FrameworkReferenceResolution.targets(14,5): message :       PrepareForBuild;
       C:\Program Files\dotnet\sdk\10.0.101\Sdks\Microsoft.NET.Sdk\targets\Microsoft.NET.Sdk.FrameworkReferenceResolution.targets(14,5): message :       ResolveSDKReferences;
       C:\Program Files\dotnet\sdk\10.0.101\Sdks\Microsoft.NET.Sdk\targets\Microsoft.NET.Sdk.FrameworkReferenceResolution.targets(14,5): message :       ExpandSDKReferences;
       C:\Program Files\dotnet\sdk\10.0.101\Sdks\Microsoft.NET.Sdk\targets\Microsoft.NET.Sdk.FrameworkReferenceResolution.targets(14,5): message :     ;
       C:\Program Files\dotnet\sdk\10.0.101\Sdks\Microsoft.NET.Sdk\targets\Microsoft.NET.Sdk.FrameworkReferenceResolution.targets(14,5): message :       ResolvePackageDependenciesForBuild;
       C:\Program Files\dotnet\sdk\10.0.101\Sdks\Microsoft.NET.Sdk\targets\Microsoft.NET.Sdk.FrameworkReferenceResolution.targets(14,5): message :       _HandlePackageFileConflicts;
       C:\Program Files\dotnet\sdk\10.0.101\Sdks\Microsoft.NET.Sdk\targets\Microsoft.NET.Sdk.FrameworkReferenceResolution.targets(14,5): message :     ") à C:\Program Files\dotnet\sdk\10.0.101\Sdks\Microsoft.NET.Sdk\targets\Microsoft.NET.Sdk.FrameworkReferenceResolution.targets (14,5)
       C:\Program Files\dotnet\sdk\10.0.101\Sdks\Microsoft.NET.Sdk\targets\Microsoft.NET.Sdk.targets(44,5): message : Réassignation de propriété : $(_GenerateRuntimeConfigurationPropertyInputsCache)="C:\Users\Administrateur\Documents\DossierPartage\PROGRAMATION\SystemeCaisse\SystemeCaisse.Infrastructure\obj\Debug\net8.0\SystemeCaisse.Infrastructure.genruntimeconfig.cache" (valeur précédente : "obj\Debug\net8.0\SystemeCaisse.Infrastructure.genruntimeconfig.cache") à C:\Program Files\dotnet\sdk\10.0.101\Sdks\Microsoft.NET.Sdk\targets\Microsoft.NET.Sdk.targets (44,5)
       C:\Program Files\dotnet\sdk\10.0.101\Sdks\Microsoft.NET.Sdk\targets\Microsoft.NET.Sdk.targets(46,5): message : Réassignation de propriété : $(_GeneratePublishDependencyFilePropertyInputsCache)="C:\Users\Administrateur\Documents\DossierPartage\PROGRAMATION\SystemeCaisse\SystemeCaisse.Infrastructure\obj\Debug\net8.0\SystemeCaisse.Infrastructure.genpublishdeps.cache" (valeur précédente : "obj\Debug\net8.0\SystemeCaisse.Infrastructure.genpublishdeps.cache") à C:\Program Files\dotnet\sdk\10.0.101\Sdks\Microsoft.NET.Sdk\targets\Microsoft.NET.Sdk.targets (46,5)
       C:\Program Files\dotnet\sdk\10.0.101\Sdks\Microsoft.NET.Sdk\targets\Microsoft.NET.Sdk.targets(48,5): message : Réassignation de propriété : $(_GenerateSingleFileBundlePropertyInputsCache)="C:\Users\Administrateur\Documents\DossierPartage\PROGRAMATION\SystemeCaisse\SystemeCaisse.Infrastructure\obj\Debug\net8.0\SystemeCaisse.Infrastructure.genbundle.cache" (valeur précédente : "obj\Debug\net8.0\SystemeCaisse.Infrastructure.genbundle.cache") à C:\Program Files\dotnet\sdk\10.0.101\Sdks\Microsoft.NET.Sdk\targets\Microsoft.NET.Sdk.targets (48,5)
       C:\Program Files\dotnet\sdk\10.0.101\Sdks\Microsoft.NET.Sdk\targets\Microsoft.NET.Sdk.targets(81,5): message : Réassignation de propriété : $(GenerateRuntimeConfigDevFile)="false" (valeur précédente : "true") à C:\Program Files\dotnet\sdk\10.0.101\Sdks\Microsoft.NET.Sdk\targets\Microsoft.NET.Sdk.targets (81,5)
       C:\Program Files\dotnet\sdk\10.0.101\Sdks\Microsoft.NET.Sdk\targets\Microsoft.NET.Sdk.targets(98,5): message : Réassignation de propriété : $(_DefaultUserProfileRuntimeStorePath)="C:\Users\Administrateur" (valeur précédente : "") à C:\Program Files\dotnet\sdk\10.0.101\Sdks\Microsoft.NET.Sdk\targets\Microsoft.NET.Sdk.targets (98,5)
       C:\Program Files\dotnet\sdk\10.0.101\Sdks\Microsoft.NET.Sdk\targets\Microsoft.NET.Sdk.targets(99,5): message : Réassignation de propriété : $(_DefaultUserProfileRuntimeStorePath)="C:\Users\Administrateur\.dotnet\store" (valeur précédente : "C:\Users\Administrateur") à C:\Program Files\dotnet\sdk\10.0.101\Sdks\Microsoft.NET.Sdk\targets\Microsoft.NET.Sdk.targets (99,5)
       C:\Program Files\dotnet\sdk\10.0.101\Sdks\Microsoft.NET.Sdk\targets\Microsoft.NET.Sdk.targets(144,5): message : Réassignation de propriété : $(AvailablePlatforms)="Any CPU,x86,x64,ARM32" (valeur précédente : "Any CPU,x86,x64") à C:\Program Files\dotnet\sdk\10.0.101\Sdks\Microsoft.NET.Sdk\targets\Microsoft.NET.Sdk.targets (144,5)
       C:\Program Files\dotnet\sdk\10.0.101\Sdks\Microsoft.NET.Sdk\targets\Microsoft.NET.Sdk.targets(148,5): message : Réassignation de propriété : $(AvailablePlatforms)="Any CPU,x86,x64,ARM32,ARM64" (valeur précédente : "Any CPU,x86,x64,ARM32") à C:\Program Files\dotnet\sdk\10.0.101\Sdks\Microsoft.NET.Sdk\targets\Microsoft.NET.Sdk.targets (148,5)
       C:\Program Files\dotnet\sdk\10.0.101\Sdks\Microsoft.NET.Sdk\targets\Microsoft.NET.Sdk.targets(204,5): message : Réassignation de propriété : $(CoreBuildDependsOn)="
       C:\Program Files\dotnet\sdk\10.0.101\Sdks\Microsoft.NET.Sdk\targets\Microsoft.NET.Sdk.targets(204,5): message :       _CheckForBuildWithNoBuild;
       C:\Program Files\dotnet\sdk\10.0.101\Sdks\Microsoft.NET.Sdk\targets\Microsoft.NET.Sdk.targets(204,5): message :       
       C:\Program Files\dotnet\sdk\10.0.101\Sdks\Microsoft.NET.Sdk\targets\Microsoft.NET.Sdk.targets(204,5): message :       BuildOnlySettings;
       C:\Program Files\dotnet\sdk\10.0.101\Sdks\Microsoft.NET.Sdk\targets\Microsoft.NET.Sdk.targets(204,5): message :       PrepareForBuild;
       C:\Program Files\dotnet\sdk\10.0.101\Sdks\Microsoft.NET.Sdk\targets\Microsoft.NET.Sdk.targets(204,5): message :       PreBuildEvent;
       C:\Program Files\dotnet\sdk\10.0.101\Sdks\Microsoft.NET.Sdk\targets\Microsoft.NET.Sdk.targets(204,5): message :       ResolveReferences;
       C:\Program Files\dotnet\sdk\10.0.101\Sdks\Microsoft.NET.Sdk\targets\Microsoft.NET.Sdk.targets(204,5): message :       PrepareResources;
       C:\Program Files\dotnet\sdk\10.0.101\Sdks\Microsoft.NET.Sdk\targets\Microsoft.NET.Sdk.targets(204,5): message :       ResolveKeySource;
       C:\Program Files\dotnet\sdk\10.0.101\Sdks\Microsoft.NET.Sdk\targets\Microsoft.NET.Sdk.targets(204,5): message :       Compile;
       C:\Program Files\dotnet\sdk\10.0.101\Sdks\Microsoft.NET.Sdk\targets\Microsoft.NET.Sdk.targets(204,5): message :       ExportWindowsMDFile;
       C:\Program Files\dotnet\sdk\10.0.101\Sdks\Microsoft.NET.Sdk\targets\Microsoft.NET.Sdk.targets(204,5): message :       UnmanagedUnregistration;
       C:\Program Files\dotnet\sdk\10.0.101\Sdks\Microsoft.NET.Sdk\targets\Microsoft.NET.Sdk.targets(204,5): message :       GenerateSerializationAssemblies;
       C:\Program Files\dotnet\sdk\10.0.101\Sdks\Microsoft.NET.Sdk\targets\Microsoft.NET.Sdk.targets(204,5): message :       CreateSatelliteAssemblies;
       C:\Program Files\dotnet\sdk\10.0.101\Sdks\Microsoft.NET.Sdk\targets\Microsoft.NET.Sdk.targets(204,5): message :       GenerateManifests;
       C:\Program Files\dotnet\sdk\10.0.101\Sdks\Microsoft.NET.Sdk\targets\Microsoft.NET.Sdk.targets(204,5): message :       GetTargetPath;
       C:\Program Files\dotnet\sdk\10.0.101\Sdks\Microsoft.NET.Sdk\targets\Microsoft.NET.Sdk.targets(204,5): message :       PrepareForRun;
       C:\Program Files\dotnet\sdk\10.0.101\Sdks\Microsoft.NET.Sdk\targets\Microsoft.NET.Sdk.targets(204,5): message :       UnmanagedRegistration;
       C:\Program Files\dotnet\sdk\10.0.101\Sdks\Microsoft.NET.Sdk\targets\Microsoft.NET.Sdk.targets(204,5): message :       IncrementalClean;
       C:\Program Files\dotnet\sdk\10.0.101\Sdks\Microsoft.NET.Sdk\targets\Microsoft.NET.Sdk.targets(204,5): message :       PostBuildEvent
       C:\Program Files\dotnet\sdk\10.0.101\Sdks\Microsoft.NET.Sdk\targets\Microsoft.NET.Sdk.targets(204,5): message :     ;
       C:\Program Files\dotnet\sdk\10.0.101\Sdks\Microsoft.NET.Sdk\targets\Microsoft.NET.Sdk.targets(204,5): message :       GenerateBuildDependencyFile;
       C:\Program Files\dotnet\sdk\10.0.101\Sdks\Microsoft.NET.Sdk\targets\Microsoft.NET.Sdk.targets(204,5): message :       GenerateBuildRuntimeConfigurationFiles
       C:\Program Files\dotnet\sdk\10.0.101\Sdks\Microsoft.NET.Sdk\targets\Microsoft.NET.Sdk.targets(204,5): message :     " (valeur précédente : "
       C:\Program Files\dotnet\sdk\10.0.101\Sdks\Microsoft.NET.Sdk\targets\Microsoft.NET.Sdk.targets(204,5): message :       BuildOnlySettings;
       C:\Program Files\dotnet\sdk\10.0.101\Sdks\Microsoft.NET.Sdk\targets\Microsoft.NET.Sdk.targets(204,5): message :       PrepareForBuild;
       C:\Program Files\dotnet\sdk\10.0.101\Sdks\Microsoft.NET.Sdk\targets\Microsoft.NET.Sdk.targets(204,5): message :       PreBuildEvent;
       C:\Program Files\dotnet\sdk\10.0.101\Sdks\Microsoft.NET.Sdk\targets\Microsoft.NET.Sdk.targets(204,5): message :       ResolveReferences;
       C:\Program Files\dotnet\sdk\10.0.101\Sdks\Microsoft.NET.Sdk\targets\Microsoft.NET.Sdk.targets(204,5): message :       PrepareResources;
       C:\Program Files\dotnet\sdk\10.0.101\Sdks\Microsoft.NET.Sdk\targets\Microsoft.NET.Sdk.targets(204,5): message :       ResolveKeySource;
       C:\Program Files\dotnet\sdk\10.0.101\Sdks\Microsoft.NET.Sdk\targets\Microsoft.NET.Sdk.targets(204,5): message :       Compile;
       C:\Program Files\dotnet\sdk\10.0.101\Sdks\Microsoft.NET.Sdk\targets\Microsoft.NET.Sdk.targets(204,5): message :       ExportWindowsMDFile;
       C:\Program Files\dotnet\sdk\10.0.101\Sdks\Microsoft.NET.Sdk\targets\Microsoft.NET.Sdk.targets(204,5): message :       UnmanagedUnregistration;
       C:\Program Files\dotnet\sdk\10.0.101\Sdks\Microsoft.NET.Sdk\targets\Microsoft.NET.Sdk.targets(204,5): message :       GenerateSerializationAssemblies;
       C:\Program Files\dotnet\sdk\10.0.101\Sdks\Microsoft.NET.Sdk\targets\Microsoft.NET.Sdk.targets(204,5): message :       CreateSatelliteAssemblies;
       C:\Program Files\dotnet\sdk\10.0.101\Sdks\Microsoft.NET.Sdk\targets\Microsoft.NET.Sdk.targets(204,5): message :       GenerateManifests;
       C:\Program Files\dotnet\sdk\10.0.101\Sdks\Microsoft.NET.Sdk\targets\Microsoft.NET.Sdk.targets(204,5): message :       GetTargetPath;
       C:\Program Files\dotnet\sdk\10.0.101\Sdks\Microsoft.NET.Sdk\targets\Microsoft.NET.Sdk.targets(204,5): message :       PrepareForRun;
       C:\Program Files\dotnet\sdk\10.0.101\Sdks\Microsoft.NET.Sdk\targets\Microsoft.NET.Sdk.targets(204,5): message :       UnmanagedRegistration;
       C:\Program Files\dotnet\sdk\10.0.101\Sdks\Microsoft.NET.Sdk\targets\Microsoft.NET.Sdk.targets(204,5): message :       IncrementalClean;
       C:\Program Files\dotnet\sdk\10.0.101\Sdks\Microsoft.NET.Sdk\targets\Microsoft.NET.Sdk.targets(204,5): message :       PostBuildEvent
       C:\Program Files\dotnet\sdk\10.0.101\Sdks\Microsoft.NET.Sdk\targets\Microsoft.NET.Sdk.targets(204,5): message :     ") à C:\Program Files\dotnet\sdk\10.0.101\Sdks\Microsoft.NET.Sdk\targets\Microsoft.NET.Sdk.targets (204,5)
       C:\Program Files\dotnet\sdk\10.0.101\Sdks\Microsoft.NET.Sdk\targets\Microsoft.NET.Sdk.targets(213,5): message : Réassignation de propriété : $(CoreCleanDependsOn)="
       C:\Program Files\dotnet\sdk\10.0.101\Sdks\Microsoft.NET.Sdk\targets\Microsoft.NET.Sdk.targets(213,5): message :       _SdkBeforeClean;
       C:\Program Files\dotnet\sdk\10.0.101\Sdks\Microsoft.NET.Sdk\targets\Microsoft.NET.Sdk.targets(213,5): message :       
       C:\Program Files\dotnet\sdk\10.0.101\Sdks\Microsoft.NET.Sdk\targets\Microsoft.NET.Sdk.targets(213,5): message :     " (valeur précédente : "") à C:\Program Files\dotnet\sdk\10.0.101\Sdks\Microsoft.NET.Sdk\targets\Microsoft.NET.Sdk.targets (213,5)
       C:\Program Files\dotnet\sdk\10.0.101\Sdks\Microsoft.NET.Sdk\targets\Microsoft.NET.Sdk.targets(220,5): message : Réassignation de propriété : $(RebuildDependsOn)="
       C:\Program Files\dotnet\sdk\10.0.101\Sdks\Microsoft.NET.Sdk\targets\Microsoft.NET.Sdk.targets(220,5): message :       _SdkBeforeRebuild;
       C:\Program Files\dotnet\sdk\10.0.101\Sdks\Microsoft.NET.Sdk\targets\Microsoft.NET.Sdk.targets(220,5): message :       
       C:\Program Files\dotnet\sdk\10.0.101\Sdks\Microsoft.NET.Sdk\targets\Microsoft.NET.Sdk.targets(220,5): message :       BeforeRebuild;
       C:\Program Files\dotnet\sdk\10.0.101\Sdks\Microsoft.NET.Sdk\targets\Microsoft.NET.Sdk.targets(220,5): message :       Clean;
       C:\Program Files\dotnet\sdk\10.0.101\Sdks\Microsoft.NET.Sdk\targets\Microsoft.NET.Sdk.targets(220,5): message :       Build;
       C:\Program Files\dotnet\sdk\10.0.101\Sdks\Microsoft.NET.Sdk\targets\Microsoft.NET.Sdk.targets(220,5): message :       AfterRebuild;
       C:\Program Files\dotnet\sdk\10.0.101\Sdks\Microsoft.NET.Sdk\targets\Microsoft.NET.Sdk.targets(220,5): message :     
       C:\Program Files\dotnet\sdk\10.0.101\Sdks\Microsoft.NET.Sdk\targets\Microsoft.NET.Sdk.targets(220,5): message :     " (valeur précédente : "
       C:\Program Files\dotnet\sdk\10.0.101\Sdks\Microsoft.NET.Sdk\targets\Microsoft.NET.Sdk.targets(220,5): message :       BeforeRebuild;
       C:\Program Files\dotnet\sdk\10.0.101\Sdks\Microsoft.NET.Sdk\targets\Microsoft.NET.Sdk.targets(220,5): message :       Clean;
       C:\Program Files\dotnet\sdk\10.0.101\Sdks\Microsoft.NET.Sdk\targets\Microsoft.NET.Sdk.targets(220,5): message :       Build;
       C:\Program Files\dotnet\sdk\10.0.101\Sdks\Microsoft.NET.Sdk\targets\Microsoft.NET.Sdk.targets(220,5): message :       AfterRebuild;
       C:\Program Files\dotnet\sdk\10.0.101\Sdks\Microsoft.NET.Sdk\targets\Microsoft.NET.Sdk.targets(220,5): message :     ") à C:\Program Files\dotnet\sdk\10.0.101\Sdks\Microsoft.NET.Sdk\targets\Microsoft.NET.Sdk.targets (220,5)
       C:\Program Files\dotnet\sdk\10.0.101\Sdks\Microsoft.NET.Sdk\targets\Microsoft.NET.Sdk.targets(799,5): message : Réassignation de propriété : $(CompileDependsOn)="
       C:\Program Files\dotnet\sdk\10.0.101\Sdks\Microsoft.NET.Sdk\targets\Microsoft.NET.Sdk.targets(799,5): message :       
       C:\Program Files\dotnet\sdk\10.0.101\Sdks\Microsoft.NET.Sdk\targets\Microsoft.NET.Sdk.targets(799,5): message :       ResolveReferences;
       C:\Program Files\dotnet\sdk\10.0.101\Sdks\Microsoft.NET.Sdk\targets\Microsoft.NET.Sdk.targets(799,5): message :       ResolveKeySource;
       C:\Program Files\dotnet\sdk\10.0.101\Sdks\Microsoft.NET.Sdk\targets\Microsoft.NET.Sdk.targets(799,5): message :       SetWin32ManifestProperties;
       C:\Program Files\dotnet\sdk\10.0.101\Sdks\Microsoft.NET.Sdk\targets\Microsoft.NET.Sdk.targets(799,5): message :       _SetPreferNativeArm64Win32ManifestProperties;
       C:\Program Files\dotnet\sdk\10.0.101\Sdks\Microsoft.NET.Sdk\targets\Microsoft.NET.Sdk.targets(799,5): message :       FindReferenceAssembliesForReferences;
       C:\Program Files\dotnet\sdk\10.0.101\Sdks\Microsoft.NET.Sdk\targets\Microsoft.NET.Sdk.targets(799,5): message :       _GenerateCompileInputs;
       C:\Program Files\dotnet\sdk\10.0.101\Sdks\Microsoft.NET.Sdk\targets\Microsoft.NET.Sdk.targets(799,5): message :       BeforeCompile;
       C:\Program Files\dotnet\sdk\10.0.101\Sdks\Microsoft.NET.Sdk\targets\Microsoft.NET.Sdk.targets(799,5): message :       _TimeStampBeforeCompile;
       C:\Program Files\dotnet\sdk\10.0.101\Sdks\Microsoft.NET.Sdk\targets\Microsoft.NET.Sdk.targets(799,5): message :       _GenerateCompileDependencyCache;
       C:\Program Files\dotnet\sdk\10.0.101\Sdks\Microsoft.NET.Sdk\targets\Microsoft.NET.Sdk.targets(799,5): message :       CoreCompile;
       C:\Program Files\dotnet\sdk\10.0.101\Sdks\Microsoft.NET.Sdk\targets\Microsoft.NET.Sdk.targets(799,5): message :       _TimeStampAfterCompile;
       C:\Program Files\dotnet\sdk\10.0.101\Sdks\Microsoft.NET.Sdk\targets\Microsoft.NET.Sdk.targets(799,5): message :       AfterCompile;
       C:\Program Files\dotnet\sdk\10.0.101\Sdks\Microsoft.NET.Sdk\targets\Microsoft.NET.Sdk.targets(799,5): message :     ;
       C:\Program Files\dotnet\sdk\10.0.101\Sdks\Microsoft.NET.Sdk\targets\Microsoft.NET.Sdk.targets(799,5): message :       _CreateAppHost;
       C:\Program Files\dotnet\sdk\10.0.101\Sdks\Microsoft.NET.Sdk\targets\Microsoft.NET.Sdk.targets(799,5): message :       _CreateComHost;
       C:\Program Files\dotnet\sdk\10.0.101\Sdks\Microsoft.NET.Sdk\targets\Microsoft.NET.Sdk.targets(799,5): message :       _GetIjwHostPaths;
       C:\Program Files\dotnet\sdk\10.0.101\Sdks\Microsoft.NET.Sdk\targets\Microsoft.NET.Sdk.targets(799,5): message :     " (valeur précédente : "
       C:\Program Files\dotnet\sdk\10.0.101\Sdks\Microsoft.NET.Sdk\targets\Microsoft.NET.Sdk.targets(799,5): message :       ResolveReferences;
       C:\Program Files\dotnet\sdk\10.0.101\Sdks\Microsoft.NET.Sdk\targets\Microsoft.NET.Sdk.targets(799,5): message :       ResolveKeySource;
       C:\Program Files\dotnet\sdk\10.0.101\Sdks\Microsoft.NET.Sdk\targets\Microsoft.NET.Sdk.targets(799,5): message :       SetWin32ManifestProperties;
       C:\Program Files\dotnet\sdk\10.0.101\Sdks\Microsoft.NET.Sdk\targets\Microsoft.NET.Sdk.targets(799,5): message :       _SetPreferNativeArm64Win32ManifestProperties;
       C:\Program Files\dotnet\sdk\10.0.101\Sdks\Microsoft.NET.Sdk\targets\Microsoft.NET.Sdk.targets(799,5): message :       FindReferenceAssembliesForReferences;
       C:\Program Files\dotnet\sdk\10.0.101\Sdks\Microsoft.NET.Sdk\targets\Microsoft.NET.Sdk.targets(799,5): message :       _GenerateCompileInputs;
       C:\Program Files\dotnet\sdk\10.0.101\Sdks\Microsoft.NET.Sdk\targets\Microsoft.NET.Sdk.targets(799,5): message :       BeforeCompile;
       C:\Program Files\dotnet\sdk\10.0.101\Sdks\Microsoft.NET.Sdk\targets\Microsoft.NET.Sdk.targets(799,5): message :       _TimeStampBeforeCompile;
       C:\Program Files\dotnet\sdk\10.0.101\Sdks\Microsoft.NET.Sdk\targets\Microsoft.NET.Sdk.targets(799,5): message :       _GenerateCompileDependencyCache;
       C:\Program Files\dotnet\sdk\10.0.101\Sdks\Microsoft.NET.Sdk\targets\Microsoft.NET.Sdk.targets(799,5): message :       CoreCompile;
       C:\Program Files\dotnet\sdk\10.0.101\Sdks\Microsoft.NET.Sdk\targets\Microsoft.NET.Sdk.targets(799,5): message :       _TimeStampAfterCompile;
       C:\Program Files\dotnet\sdk\10.0.101\Sdks\Microsoft.NET.Sdk\targets\Microsoft.NET.Sdk.targets(799,5): message :       AfterCompile;
       C:\Program Files\dotnet\sdk\10.0.101\Sdks\Microsoft.NET.Sdk\targets\Microsoft.NET.Sdk.targets(799,5): message :     ") à C:\Program Files\dotnet\sdk\10.0.101\Sdks\Microsoft.NET.Sdk\targets\Microsoft.NET.Sdk.targets (799,5)
       C:\Program Files\dotnet\sdk\10.0.101\Sdks\Microsoft.NET.Sdk\targets\Microsoft.NET.Sdk.targets(1131,5): message : Réassignation de propriété : $(CreateSatelliteAssembliesDependsOn)="
       C:\Program Files\dotnet\sdk\10.0.101\Sdks\Microsoft.NET.Sdk\targets\Microsoft.NET.Sdk.targets(1131,5): message :       
       C:\Program Files\dotnet\sdk\10.0.101\Sdks\Microsoft.NET.Sdk\targets\Microsoft.NET.Sdk.targets(1131,5): message :       ;
       C:\Program Files\dotnet\sdk\10.0.101\Sdks\Microsoft.NET.Sdk\targets\Microsoft.NET.Sdk.targets(1131,5): message :       _GenerateSatelliteAssemblyInputs;
       C:\Program Files\dotnet\sdk\10.0.101\Sdks\Microsoft.NET.Sdk\targets\Microsoft.NET.Sdk.targets(1131,5): message :       ComputeIntermediateSatelliteAssemblies;
       C:\Program Files\dotnet\sdk\10.0.101\Sdks\Microsoft.NET.Sdk\targets\Microsoft.NET.Sdk.targets(1131,5): message :       GenerateSatelliteAssemblies
       C:\Program Files\dotnet\sdk\10.0.101\Sdks\Microsoft.NET.Sdk\targets\Microsoft.NET.Sdk.targets(1131,5): message :     ;
       C:\Program Files\dotnet\sdk\10.0.101\Sdks\Microsoft.NET.Sdk\targets\Microsoft.NET.Sdk.targets(1131,5): message :       CoreGenerateSatelliteAssemblies
       C:\Program Files\dotnet\sdk\10.0.101\Sdks\Microsoft.NET.Sdk\targets\Microsoft.NET.Sdk.targets(1131,5): message :     " (valeur précédente : "
       C:\Program Files\dotnet\sdk\10.0.101\Sdks\Microsoft.NET.Sdk\targets\Microsoft.NET.Sdk.targets(1131,5): message :       ;
       C:\Program Files\dotnet\sdk\10.0.101\Sdks\Microsoft.NET.Sdk\targets\Microsoft.NET.Sdk.targets(1131,5): message :       _GenerateSatelliteAssemblyInputs;
       C:\Program Files\dotnet\sdk\10.0.101\Sdks\Microsoft.NET.Sdk\targets\Microsoft.NET.Sdk.targets(1131,5): message :       ComputeIntermediateSatelliteAssemblies;
       C:\Program Files\dotnet\sdk\10.0.101\Sdks\Microsoft.NET.Sdk\targets\Microsoft.NET.Sdk.targets(1131,5): message :       GenerateSatelliteAssemblies
       C:\Program Files\dotnet\sdk\10.0.101\Sdks\Microsoft.NET.Sdk\targets\Microsoft.NET.Sdk.targets(1131,5): message :     ") à C:\Program Files\dotnet\sdk\10.0.101\Sdks\Microsoft.NET.Sdk\targets\Microsoft.NET.Sdk.targets (1131,5)
       C:\Program Files\dotnet\sdk\10.0.101\Sdks\Microsoft.SourceLink.GitLab\build\Microsoft.SourceLink.GitLab.targets(12,5): message : Réassignation de propriété : $(SourceLinkUrlInitializerTargets)=";_InitializeGitHubSourceLinkUrl;_InitializeGitLabSourceLinkUrl" (valeur précédente : ";_InitializeGitHubSourceLinkUrl") à C:\Program Files\dotnet\sdk\10.0.101\Sdks\Microsoft.SourceLink.GitLab\build\Microsoft.SourceLink.GitLab.targets (12,5)
       C:\Program Files\dotnet\sdk\10.0.101\Sdks\Microsoft.SourceLink.GitLab\build\Microsoft.SourceLink.GitLab.targets(13,5): message : Réassignation de propriété : $(SourceControlManagerUrlTranslationTargets)=";TranslateGitHubUrlsInSourceControlInformation;TranslateGitLabUrlsInSourceControlInformation" (valeur précédente : ";TranslateGitHubUrlsInSourceControlInformation") à C:\Program Files\dotnet\sdk\10.0.101\Sdks\Microsoft.SourceLink.GitLab\build\Microsoft.SourceLink.GitLab.targets (13,5)
       C:\Program Files\dotnet\sdk\10.0.101\Sdks\Microsoft.SourceLink.AzureRepos.Git\build\Microsoft.SourceLink.AzureRepos.Git.targets(12,5): message : Réassignation de propriété : $(SourceLinkUrlInitializerTargets)=";_InitializeGitHubSourceLinkUrl;_InitializeGitLabSourceLinkUrl;_InitializeAzureReposGitSourceLinkUrl" (valeur précédente : ";_InitializeGitHubSourceLinkUrl;_InitializeGitLabSourceLinkUrl") à C:\Program Files\dotnet\sdk\10.0.101\Sdks\Microsoft.SourceLink.AzureRepos.Git\build\Microsoft.SourceLink.AzureRepos.Git.targets (12,5)
       C:\Program Files\dotnet\sdk\10.0.101\Sdks\Microsoft.SourceLink.AzureRepos.Git\build\Microsoft.SourceLink.AzureRepos.Git.targets(13,5): message : Réassignation de propriété : $(SourceControlManagerUrlTranslationTargets)=";TranslateGitHubUrlsInSourceControlInformation;TranslateGitLabUrlsInSourceControlInformation;TranslateAzureReposGitUrlsInSourceControlInformation" (valeur précédente : ";TranslateGitHubUrlsInSourceControlInformation;TranslateGitLabUrlsInSourceControlInformation") à C:\Program Files\dotnet\sdk\10.0.101\Sdks\Microsoft.SourceLink.AzureRepos.Git\build\Microsoft.SourceLink.AzureRepos.Git.targets (13,5)
       C:\Program Files\dotnet\sdk\10.0.101\Sdks\Microsoft.SourceLink.Bitbucket.Git\build\Microsoft.SourceLink.Bitbucket.Git.targets(12,5): message : Réassignation de propriété : $(SourceLinkUrlInitializerTargets)=";_InitializeGitHubSourceLinkUrl;_InitializeGitLabSourceLinkUrl;_InitializeAzureReposGitSourceLinkUrl;_InitializeBitbucketGitSourceLinkUrl" (valeur précédente : ";_InitializeGitHubSourceLinkUrl;_InitializeGitLabSourceLinkUrl;_InitializeAzureReposGitSourceLinkUrl") à C:\Program Files\dotnet\sdk\10.0.101\Sdks\Microsoft.SourceLink.Bitbucket.Git\build\Microsoft.SourceLink.Bitbucket.Git.targets (12,5)
       C:\Program Files\dotnet\sdk\10.0.101\Sdks\Microsoft.SourceLink.Bitbucket.Git\build\Microsoft.SourceLink.Bitbucket.Git.targets(13,5): message : Réassignation de propriété : $(SourceControlManagerUrlTranslationTargets)=";TranslateGitHubUrlsInSourceControlInformation;TranslateGitLabUrlsInSourceControlInformation;TranslateAzureReposGitUrlsInSourceControlInformation;TranslateBitbucketGitUrlsInSourceControlInformation" (valeur précédente : ";TranslateGitHubUrlsInSourceControlInformation;TranslateGitLabUrlsInSourceControlInformation;TranslateAzureReposGitUrlsInSourceControlInformation") à C:\Program Files\dotnet\sdk\10.0.101\Sdks\Microsoft.SourceLink.Bitbucket.Git\build\Microsoft.SourceLink.Bitbucket.Git.targets (13,5)
       C:\Program Files\dotnet\sdk\10.0.101\Sdks\Microsoft.NET.Sdk\targets\Microsoft.NET.DesignerSupport.targets(21,5): message : Réassignation de propriété : $(DesignerRuntimeImplementationProjectOutputGroupDependsOn)="
       C:\Program Files\dotnet\sdk\10.0.101\Sdks\Microsoft.NET.Sdk\targets\Microsoft.NET.DesignerSupport.targets(21,5): message :       
       C:\Program Files\dotnet\sdk\10.0.101\Sdks\Microsoft.NET.Sdk\targets\Microsoft.NET.DesignerSupport.targets(21,5): message :       ;
       C:\Program Files\dotnet\sdk\10.0.101\Sdks\Microsoft.NET.Sdk\targets\Microsoft.NET.DesignerSupport.targets(21,5): message :       
       C:\Program Files\dotnet\sdk\10.0.101\Sdks\Microsoft.NET.Sdk\targets\Microsoft.NET.DesignerSupport.targets(21,5): message :       ;
       C:\Program Files\dotnet\sdk\10.0.101\Sdks\Microsoft.NET.Sdk\targets\Microsoft.NET.DesignerSupport.targets(21,5): message :       BuildOnlySettings;
       C:\Program Files\dotnet\sdk\10.0.101\Sdks\Microsoft.NET.Sdk\targets\Microsoft.NET.DesignerSupport.targets(21,5): message :       PrepareForBuild;
       C:\Program Files\dotnet\sdk\10.0.101\Sdks\Microsoft.NET.Sdk\targets\Microsoft.NET.DesignerSupport.targets(21,5): message :       AssignTargetPaths;
       C:\Program Files\dotnet\sdk\10.0.101\Sdks\Microsoft.NET.Sdk\targets\Microsoft.NET.DesignerSupport.targets(21,5): message :       ResolveReferences
       C:\Program Files\dotnet\sdk\10.0.101\Sdks\Microsoft.NET.Sdk\targets\Microsoft.NET.DesignerSupport.targets(21,5): message :     
       C:\Program Files\dotnet\sdk\10.0.101\Sdks\Microsoft.NET.Sdk\targets\Microsoft.NET.DesignerSupport.targets(21,5): message :     ;
       C:\Program Files\dotnet\sdk\10.0.101\Sdks\Microsoft.NET.Sdk\targets\Microsoft.NET.DesignerSupport.targets(21,5): message :       _GenerateDesignerDepsFile;
       C:\Program Files\dotnet\sdk\10.0.101\Sdks\Microsoft.NET.Sdk\targets\Microsoft.NET.DesignerSupport.targets(21,5): message :       _GenerateDesignerRuntimeConfigFile;
       C:\Program Files\dotnet\sdk\10.0.101\Sdks\Microsoft.NET.Sdk\targets\Microsoft.NET.DesignerSupport.targets(21,5): message :       GetCopyToOutputDirectoryItems;
       C:\Program Files\dotnet\sdk\10.0.101\Sdks\Microsoft.NET.Sdk\targets\Microsoft.NET.DesignerSupport.targets(21,5): message :       _GatherDesignerShadowCopyFiles;
       C:\Program Files\dotnet\sdk\10.0.101\Sdks\Microsoft.NET.Sdk\targets\Microsoft.NET.DesignerSupport.targets(21,5): message :     " (valeur précédente : "
       C:\Program Files\dotnet\sdk\10.0.101\Sdks\Microsoft.NET.Sdk\targets\Microsoft.NET.DesignerSupport.targets(21,5): message :       ;
       C:\Program Files\dotnet\sdk\10.0.101\Sdks\Microsoft.NET.Sdk\targets\Microsoft.NET.DesignerSupport.targets(21,5): message :       
       C:\Program Files\dotnet\sdk\10.0.101\Sdks\Microsoft.NET.Sdk\targets\Microsoft.NET.DesignerSupport.targets(21,5): message :       ;
       C:\Program Files\dotnet\sdk\10.0.101\Sdks\Microsoft.NET.Sdk\targets\Microsoft.NET.DesignerSupport.targets(21,5): message :       BuildOnlySettings;
       C:\Program Files\dotnet\sdk\10.0.101\Sdks\Microsoft.NET.Sdk\targets\Microsoft.NET.DesignerSupport.targets(21,5): message :       PrepareForBuild;
       C:\Program Files\dotnet\sdk\10.0.101\Sdks\Microsoft.NET.Sdk\targets\Microsoft.NET.DesignerSupport.targets(21,5): message :       AssignTargetPaths;
       C:\Program Files\dotnet\sdk\10.0.101\Sdks\Microsoft.NET.Sdk\targets\Microsoft.NET.DesignerSupport.targets(21,5): message :       ResolveReferences
       C:\Program Files\dotnet\sdk\10.0.101\Sdks\Microsoft.NET.Sdk\targets\Microsoft.NET.DesignerSupport.targets(21,5): message :     
       C:\Program Files\dotnet\sdk\10.0.101\Sdks\Microsoft.NET.Sdk\targets\Microsoft.NET.DesignerSupport.targets(21,5): message :     ") à C:\Program Files\dotnet\sdk\10.0.101\Sdks\Microsoft.NET.Sdk\targets\Microsoft.NET.DesignerSupport.targets (21,5)
       C:\Program Files\dotnet\sdk\10.0.101\Sdks\Microsoft.NET.Sdk\targets\Microsoft.NET.Sdk.CSharp.targets(31,5): message : Réassignation de propriété : $(DefineConstants)="TRACE;DEBUG" (valeur précédente : "TRACE") à C:\Program Files\dotnet\sdk\10.0.101\Sdks\Microsoft.NET.Sdk\targets\Microsoft.NET.Sdk.CSharp.targets (31,5)
       C:\Program Files\dotnet\sdk\10.0.101\Sdks\Microsoft.NET.Sdk\targets\Microsoft.NET.Sdk.CSharp.targets(45,5): message : Réassignation de propriété : $(WarningsAsErrors)=";NU1605;SYSLIB0011" (valeur précédente : ";NU1605") à C:\Program Files\dotnet\sdk\10.0.101\Sdks\Microsoft.NET.Sdk\targets\Microsoft.NET.Sdk.CSharp.targets (45,5)
       C:\Program Files\dotnet\sdk\10.0.101\NuGet.Build.Tasks.Pack.targets(34,5): message : Réassignation de propriété : $(PackageDescription)="Package Description" (valeur précédente : "") à C:\Program Files\dotnet\sdk\10.0.101\NuGet.Build.Tasks.Pack.targets (34,5)
       C:\Program Files\dotnet\sdk\10.0.101\NuGet.Build.Tasks.Pack.targets(59,5): message : Réassignation de propriété : $(GenerateNuspecDependsOn)="Build;_LoadPackInputItems; _GetTargetFrameworksOutput; _WalkEachTargetPerFramework; _GetPackageFiles; " (valeur précédente : "_LoadPackInputItems; _GetTargetFrameworksOutput; _WalkEachTargetPerFramework; _GetPackageFiles; ") à C:\Program Files\dotnet\sdk\10.0.101\NuGet.Build.Tasks.Pack.targets (59,5)
       C:\Program Files\dotnet\sdk\10.0.101\Sdks\Microsoft.NET.Sdk\Sdk\Sdk.targets(59,5): message : Réassignation de propriété : $(_IsNotSetContainersTargetsDir)="true" (valeur précédente : "false") à C:\Program Files\dotnet\sdk\10.0.101\Sdks\Microsoft.NET.Sdk\Sdk\Sdk.targets (59,5)
       C:\Program Files\dotnet\sdk\10.0.101\Containers\build\Microsoft.NET.Build.Containers.targets(5,5): message : Réassignation de propriété : $(_IsSDKContainerAllowedVersion)="true" (valeur précédente : "false") à C:\Program Files\dotnet\sdk\10.0.101\Containers\build\Microsoft.NET.Build.Containers.targets (5,5)
       C:\Program Files\dotnet\sdk\10.0.101\Containers\build\Microsoft.NET.Build.Containers.targets(15,5): message : Réassignation de propriété : $(_ContainerIsTargetingNet8TFM)="true" (valeur précédente : "false") à C:\Program Files\dotnet\sdk\10.0.101\Containers\build\Microsoft.NET.Build.Containers.targets (15,5)
       Remplacement de la cible "ResolveFrameworkReferences" du projet "C:\Program Files\dotnet\sdk\10.0.101\Microsoft.Common.CurrentVersion.targets" par la cible "ResolveFrameworkReferences" du projet "C:\Program Files\dotnet\sdk\10.0.101\Sdks\Microsoft.NET.Sdk\targets\Microsoft.NET.Sdk.FrameworkReferenceResolution.targets".
       Remplacement de la cible "GenerateSupportedTargetFrameworkAlias" du projet "C:\Program Files\dotnet\sdk\10.0.101\Microsoft.Common.CurrentVersion.targets" par la cible "GenerateSupportedTargetFrameworkAlias" du projet "C:\Program Files\dotnet\sdk\10.0.101\Sdks\Microsoft.NET.Sdk\targets\Microsoft.NET.Sdk.targets".
       Remplacement de la cible "GetReferenceAssemblyPaths" du projet "C:\Program Files\dotnet\sdk\10.0.101\Microsoft.Common.CurrentVersion.targets" par la cible "GetReferenceAssemblyPaths" du projet "C:\Program Files\dotnet\sdk\10.0.101\Sdks\Microsoft.NET.Sdk\targets\Microsoft.NET.DisableStandardFrameworkResolution.targets".
       Remplacement de la cible "GetFrameworkPaths" du projet "C:\Program Files\dotnet\sdk\10.0.101\Microsoft.Common.CurrentVersion.targets" par la cible "GetFrameworkPaths" du projet "C:\Program Files\dotnet\sdk\10.0.101\Sdks\Microsoft.NET.Sdk\targets\Microsoft.NET.DisableStandardFrameworkResolution.targets".
       Remplacement de la cible "DesignerRuntimeImplementationProjectOutputGroup" du projet "C:\Program Files\dotnet\sdk\10.0.101\Microsoft.Common.CurrentVersion.targets" par la cible "DesignerRuntimeImplementationProjectOutputGroup" du projet "C:\Program Files\dotnet\sdk\10.0.101\Sdks\Microsoft.NET.Sdk\targets\Microsoft.NET.DesignerSupport.targets".
       Remplacement de la cible "Publish" du projet "C:\Program Files\dotnet\sdk\10.0.101\Microsoft.Common.CurrentVersion.targets" par la cible "Publish" du projet "C:\Program Files\dotnet\sdk\10.0.101\Sdks\Microsoft.NET.Sdk\targets\Microsoft.NET.Publish.targets".
       Remplacement de la cible "ResolveReadyToRunCompilers" du projet "C:\Program Files\dotnet\sdk\10.0.101\Sdks\Microsoft.NET.Sdk\targets\Microsoft.NET.CrossGen.targets" par la cible "ResolveReadyToRunCompilers" du projet "C:\Program Files\dotnet\sdk\10.0.101\Sdks\Microsoft.NET.Sdk\targets\Microsoft.NET.Publish.targets".
       Remplacement de la cible "GetCopyToPublishDirectoryItems" du projet "C:\Program Files\dotnet\sdk\10.0.101\Microsoft.Common.CurrentVersion.targets" par la cible "GetCopyToPublishDirectoryItems" du projet "C:\Program Files\dotnet\sdk\10.0.101\Sdks\Microsoft.NET.Sdk\targets\Microsoft.NET.Publish.targets".
       Remplacement de la cible "Run" du projet "C:\Program Files\dotnet\sdk\10.0.101\Microsoft.Common.CurrentVersion.targets" par la cible "Run" du projet "C:\Program Files\dotnet\sdk\10.0.101\Sdks\Microsoft.NET.Sdk\targets\Microsoft.NET.Sdk.targets".
   1:7>Projet "C:\Users\Administrateur\Documents\DossierPartage\PROGRAMATION\SystemeCaisse\SystemeCaisse.Infrastructure\SystemeCaisse.Infrastructure.csproj" sur le nœud 1 (cibles par défaut).
   1:7>Cible "_CollectTargetFrameworkForTelemetry" dans le fichier "C:\Program Files\dotnet\sdk\10.0.101\Sdks\Microsoft.NET.Sdk\targets\Microsoft.NET.TargetFrameworkInference.targets" du projet "C:\Users\Administrateur\Documents\DossierPartage\PROGRAMATION\SystemeCaisse\SystemeCaisse.Infrastructure\SystemeCaisse.Infrastructure.csproj" (la cible "_CheckForInvalidConfigurationAndPlatform" en dépend) :
   1:7>Utilisation de la tâche "AllowEmptyTelemetry" à partir de l'assembly "C:\Program Files\dotnet\sdk\10.0.101\Sdks\Microsoft.NET.Sdk\targets\..\tools\net10.0\Microsoft.NET.Build.Tasks.dll".
       Tâche "AllowEmptyTelemetry"
       Exécution de la tâche "AllowEmptyTelemetry" terminée.
   1:7>Génération de la cible "_CollectTargetFrameworkForTelemetry" terminée dans le projet "SystemeCaisse.Infrastructure.csproj".
   1:7>Cible "_CheckForUnsupportedNETCoreVersion" dans le fichier "C:\Program Files\dotnet\sdk\10.0.101\Sdks\Microsoft.NET.Sdk\targets\Microsoft.NET.TargetFrameworkInference.targets" du projet "C:\Users\Administrateur\Documents\DossierPartage\PROGRAMATION\SystemeCaisse\SystemeCaisse.Infrastructure\SystemeCaisse.Infrastructure.csproj" (la cible "_CheckForInvalidConfigurationAndPlatform" en dépend) :
   1:7>Génération de la cible "_CheckForUnsupportedNETCoreVersion" terminée dans le projet "SystemeCaisse.Infrastructure.csproj".
   1:7>Cible "_CheckForUnsupportedCppNETCoreVersion" dans le fichier "C:\Program Files\dotnet\sdk\10.0.101\Sdks\Microsoft.NET.Sdk\targets\Microsoft.NET.TargetFrameworkInference.targets" du projet "C:\Users\Administrateur\Documents\DossierPartage\PROGRAMATION\SystemeCaisse\SystemeCaisse.Infrastructure\SystemeCaisse.Infrastructure.csproj" (la cible "_CheckForInvalidConfigurationAndPlatform" en dépend) :
   1:7>Génération de la cible "_CheckForUnsupportedCppNETCoreVersion" terminée dans le projet "SystemeCaisse.Infrastructure.csproj".
   1:7>Cible "_CheckForUnsupportedArtifactsPath" dans le fichier "C:\Program Files\dotnet\sdk\10.0.101\Sdks\Microsoft.NET.Sdk\targets\Microsoft.NET.DefaultOutputPaths.targets" du projet "C:\Users\Administrateur\Documents\DossierPartage\PROGRAMATION\SystemeCaisse\SystemeCaisse.Infrastructure\SystemeCaisse.Infrastructure.csproj" (la cible "_CheckForInvalidConfigurationAndPlatform" en dépend) :
   1:7>Génération de la cible "_CheckForUnsupportedArtifactsPath" terminée dans le projet "SystemeCaisse.Infrastructure.csproj".
   1:7>Cible "_CheckForUnsupportedHostingUsage" dans le fichier "C:\Program Files\dotnet\sdk\10.0.101\Sdks\Microsoft.NET.Sdk\targets\Microsoft.NET.RuntimeIdentifierInference.targets" du projet "C:\Users\Administrateur\Documents\DossierPartage\PROGRAMATION\SystemeCaisse\SystemeCaisse.Infrastructure\SystemeCaisse.Infrastructure.csproj" (la cible "_CheckForInvalidConfigurationAndPlatform" en dépend) :
   1:7>Génération de la cible "_CheckForUnsupportedHostingUsage" terminée dans le projet "SystemeCaisse.Infrastructure.csproj".
   1:7>Cible "_CheckAndUnsetUnsupportedPrefer32Bit" dans le fichier "C:\Program Files\dotnet\sdk\10.0.101\Sdks\Microsoft.NET.Sdk\targets\Microsoft.NET.RuntimeIdentifierInference.targets" du projet "C:\Users\Administrateur\Documents\DossierPartage\PROGRAMATION\SystemeCaisse\SystemeCaisse.Infrastructure\SystemeCaisse.Infrastructure.csproj" (la cible "_CheckForInvalidConfigurationAndPlatform" en dépend) :
   1:7>Génération de la cible "_CheckAndUnsetUnsupportedPrefer32Bit" terminée dans le projet "SystemeCaisse.Infrastructure.csproj".
   1:7>Cible "_CheckForLanguageAndFeatureCombinationSupport" dans le fichier "C:\Program Files\dotnet\sdk\10.0.101\Sdks\Microsoft.NET.Sdk\targets\Microsoft.NET.RuntimeIdentifierInference.targets" du projet "C:\Users\Administrateur\Documents\DossierPartage\PROGRAMATION\SystemeCaisse\SystemeCaisse.Infrastructure\SystemeCaisse.Infrastructure.csproj" (la cible "_CheckForInvalidConfigurationAndPlatform" en dépend) :
   1:7>Génération de la cible "_CheckForLanguageAndFeatureCombinationSupport" terminée dans le projet "SystemeCaisse.Infrastructure.csproj".
   1:7>Cible "UpdateAspNetToFrameworkReference" dans le fichier "C:\Program Files\dotnet\sdk\10.0.101\Sdks\Microsoft.NET.Sdk\targets\Microsoft.NET.Sdk.DefaultItems.Shared.targets" du projet "C:\Users\Administrateur\Documents\DossierPartage\PROGRAMATION\SystemeCaisse\SystemeCaisse.Infrastructure\SystemeCaisse.Infrastructure.csproj" (la cible "ApplyImplicitVersions" en dépend) :
       Utilisation de la tâche "CheckIfPackageReferenceShouldBeFrameworkReference" à partir de l'assembly "C:\Program Files\dotnet\sdk\10.0.101\Sdks\Microsoft.NET.Sdk\targets\..\tools\net10.0\Microsoft.NET.Build.Tasks.dll".
       Tâche "CheckIfPackageReferenceShouldBeFrameworkReference"
       Exécution de la tâche "CheckIfPackageReferenceShouldBeFrameworkReference" terminée.
       Tâche "CheckIfPackageReferenceShouldBeFrameworkReference"
       Exécution de la tâche "CheckIfPackageReferenceShouldBeFrameworkReference" terminée.
   1:7>Génération de la cible "UpdateAspNetToFrameworkReference" terminée dans le projet "SystemeCaisse.Infrastructure.csproj".
   1:7>Cible "CheckForImplicitPackageReferenceOverrides" dans le fichier "C:\Program Files\dotnet\sdk\10.0.101\Sdks\Microsoft.NET.Sdk\targets\Microsoft.NET.Sdk.DefaultItems.Shared.targets" du projet "C:\Users\Administrateur\Documents\DossierPartage\PROGRAMATION\SystemeCaisse\SystemeCaisse.Infrastructure\SystemeCaisse.Infrastructure.csproj" (la cible "ApplyImplicitVersions" en dépend) :
       Utilisation de la tâche "CheckForImplicitPackageReferenceOverrides" à partir de l'assembly "C:\Program Files\dotnet\sdk\10.0.101\Sdks\Microsoft.NET.Sdk\targets\..\tools\net10.0\Microsoft.NET.Build.Tasks.dll".
       Tâche "CheckForImplicitPackageReferenceOverrides"
       Exécution de la tâche "CheckForImplicitPackageReferenceOverrides" terminée.
   1:7>Génération de la cible "CheckForImplicitPackageReferenceOverrides" terminée dans le projet "SystemeCaisse.Infrastructure.csproj".
   1:7>Cible "ApplyImplicitVersions" dans le fichier "C:\Program Files\dotnet\sdk\10.0.101\Sdks\Microsoft.NET.Sdk\targets\Microsoft.NET.Sdk.DefaultItems.Shared.targets" du projet "C:\Users\Administrateur\Documents\DossierPartage\PROGRAMATION\SystemeCaisse\SystemeCaisse.Infrastructure\SystemeCaisse.Infrastructure.csproj" (la cible "CollectPackageReferences" en dépend) :
       Utilisation de la tâche "ApplyImplicitVersions" à partir de l'assembly "C:\Program Files\dotnet\sdk\10.0.101\Sdks\Microsoft.NET.Sdk\targets\..\tools\net10.0\Microsoft.NET.Build.Tasks.dll".
       Tâche "ApplyImplicitVersions"
       Exécution de la tâche "ApplyImplicitVersions" terminée.
   1:7>Génération de la cible "ApplyImplicitVersions" terminée dans le projet "SystemeCaisse.Infrastructure.csproj".
       Cible "CheckForImplicitPackageReferenceOverrides" ignorée. Elle a été générée.
   1:7>Cible "_ComputeToolPackInputsToProcessFrameworkReferences" dans le fichier "C:\Program Files\dotnet\sdk\10.0.101\Sdks\Microsoft.NET.Sdk\targets\Microsoft.NET.Publish.targets" du projet "C:\Users\Administrateur\Documents\DossierPartage\PROGRAMATION\SystemeCaisse\SystemeCaisse.Infrastructure\SystemeCaisse.Infrastructure.csproj" (la cible "ProcessFrameworkReferences" en dépend) :
   1:7>Génération de la cible "_ComputeToolPackInputsToProcessFrameworkReferences" terminée dans le projet "SystemeCaisse.Infrastructure.csproj".
   1:7>Cible "ProcessFrameworkReferences" dans le fichier "C:\Program Files\dotnet\sdk\10.0.101\Sdks\Microsoft.NET.Sdk\targets\Microsoft.NET.Sdk.FrameworkReferenceResolution.targets" du projet "C:\Users\Administrateur\Documents\DossierPartage\PROGRAMATION\SystemeCaisse\SystemeCaisse.Infrastructure\SystemeCaisse.Infrastructure.csproj" (la cible "CollectPackageReferences" en dépend) :
       Utilisation de la tâche "CheckForDuplicateFrameworkReferences" à partir de l'assembly "C:\Program Files\dotnet\sdk\10.0.101\Sdks\Microsoft.NET.Sdk\targets\..\tools\net10.0\Microsoft.NET.Build.Tasks.dll".
       Tâche "CheckForDuplicateFrameworkReferences"
       Exécution de la tâche "CheckForDuplicateFrameworkReferences" terminée.
       Utilisation de la tâche "ProcessFrameworkReferences" à partir de l'assembly "C:\Program Files\dotnet\sdk\10.0.101\Sdks\Microsoft.NET.Sdk\targets\..\tools\net10.0\Microsoft.NET.Build.Tasks.dll".
       Tâche "ProcessFrameworkReferences"
         Found 1 known framework references for target framework .NETCoreApp
         Found 5 known runtime packs for target framework .NETCoreApp
         Selected Microsoft.NETCore.App with RIDs 'linux-arm;linux-arm64;linux-musl-arm64;linux-musl-x64;linux-x64;osx-x64;tizen.4.0.0-armel;tizen.5.0.0-armel;win-arm64;win-x64;win-x86;linux-musl-arm;osx-arm64;linux-s390x;linux-loongarch64;linux-bionic-arm;linux-bionic-arm64;linux-bionic-x64;linux-bionic-x86;linux-ppc64le;freebsd-x64;freebsd-arm64'
         Selected targeting pack 'Microsoft.NETCore.App@8.0.22'
         Added runtime framework 'Microsoft.NETCore.App@8.0.0'
         Selected Microsoft.WindowsDesktop.App with RIDs 'win-x64;win-x86;win-arm64'
         Selected targeting pack 'Microsoft.WindowsDesktop.App@8.0.22'
         Added runtime framework 'Microsoft.WindowsDesktop.App@8.0.0'
         Selected Microsoft.WindowsDesktop.App with RIDs 'win-x64;win-x86;win-arm64'
         Selected targeting pack 'Microsoft.WindowsDesktop.App.WPF@8.0.22'
         Added runtime framework 'Microsoft.WindowsDesktop.App@8.0.0'
         Selected Microsoft.WindowsDesktop.App with RIDs 'win-x64;win-x86;win-arm64'
         Selected targeting pack 'Microsoft.WindowsDesktop.App.WindowsForms@8.0.22'
         Added runtime framework 'Microsoft.WindowsDesktop.App@8.0.0'
         Selected Microsoft.AspNetCore.App with RIDs 'win-x64;win-x86;osx-x64;linux-musl-x64;linux-musl-arm64;linux-x64;linux-arm;linux-arm64;linux-musl-arm;win-arm64;osx-arm64;linux-s390x;linux-loongarch64;linux-ppc64le;freebsd-x64;freebsd-arm64'
         Selected targeting pack 'Microsoft.AspNetCore.App@8.0.22'
         Added runtime framework 'Microsoft.AspNetCore.App@8.0.0'
       Exécution de la tâche "ProcessFrameworkReferences" terminée.
       Utilisation de la tâche "ResolveAppHosts" à partir de l'assembly "C:\Program Files\dotnet\sdk\10.0.101\Sdks\Microsoft.NET.Sdk\targets\..\tools\net10.0\Microsoft.NET.Build.Tasks.dll".
       Tâche "ResolveAppHosts"
       Exécution de la tâche "ResolveAppHosts" terminée.
   1:7>Génération de la cible "ProcessFrameworkReferences" terminée dans le projet "SystemeCaisse.Infrastructure.csproj".
   1:7>Cible "_CheckForObsoleteDotNetCliToolReferences" dans le fichier "C:\Program Files\dotnet\sdk\10.0.101\Sdks\Microsoft.NET.Sdk\targets\Microsoft.NET.ObsoleteReferences.targets" du projet "C:\Users\Administrateur\Documents\DossierPartage\PROGRAMATION\SystemeCaisse\SystemeCaisse.Infrastructure\SystemeCaisse.Infrastructure.csproj" (la cible "CollectPackageReferences" en dépend) :
   1:7>Génération de la cible "_CheckForObsoleteDotNetCliToolReferences" terminée dans le projet "SystemeCaisse.Infrastructure.csproj".
   1:7>Cible "CollectPackageReferences" dans le fichier "C:\Program Files\dotnet\sdk\10.0.101\NuGet.targets" du projet "C:\Users\Administrateur\Documents\DossierPartage\PROGRAMATION\SystemeCaisse\SystemeCaisse.Infrastructure\SystemeCaisse.Infrastructure.csproj" (la cible "_GetRestoreProjectStyle" en dépend) :
       Utilisation de la tâche "CheckForDuplicateNuGetItemsTask" à partir de l'assembly "C:\Program Files\dotnet\sdk\10.0.101\NuGet.Build.Tasks.dll".
       Tâche "CheckForDuplicateNuGetItemsTask"
       Exécution de la tâche "CheckForDuplicateNuGetItemsTask" terminée.
   1:7>Génération de la cible "CollectPackageReferences" terminée dans le projet "SystemeCaisse.Infrastructure.csproj".
   1:7>Cible "_GetRestoreProjectStyle" dans le fichier "C:\Program Files\dotnet\sdk\10.0.101\NuGet.targets" du projet "C:\Users\Administrateur\Documents\DossierPartage\PROGRAMATION\SystemeCaisse\SystemeCaisse.Infrastructure\SystemeCaisse.Infrastructure.csproj" (la cible "EnableIntermediateOutputPathMismatchWarning" en dépend) :
       Utilisation de la tâche "GetRestoreProjectStyleTask" à partir de l'assembly "C:\Program Files\dotnet\sdk\10.0.101\NuGet.Build.Tasks.dll".
       Tâche "GetRestoreProjectStyleTask"
       Exécution de la tâche "GetRestoreProjectStyleTask" terminée.
   1:7>Génération de la cible "_GetRestoreProjectStyle" terminée dans le projet "SystemeCaisse.Infrastructure.csproj".
   1:7>Cible "EnableIntermediateOutputPathMismatchWarning" dans le fichier "C:\Program Files\dotnet\sdk\10.0.101\NuGet.targets" du projet "C:\Users\Administrateur\Documents\DossierPartage\PROGRAMATION\SystemeCaisse\SystemeCaisse.Infrastructure\SystemeCaisse.Infrastructure.csproj" (la cible "_CheckForInvalidConfigurationAndPlatform" en dépend) :
   1:7>Génération de la cible "EnableIntermediateOutputPathMismatchWarning" terminée dans le projet "SystemeCaisse.Infrastructure.csproj".
       Cible "ApplyImplicitVersions" ignorée. Elle a été générée.
       Cible "CheckForImplicitPackageReferenceOverrides" ignorée. Elle a été générée.
   1:7>Cible "CheckForDuplicateItems" dans le fichier "C:\Program Files\dotnet\sdk\10.0.101\Sdks\Microsoft.NET.Sdk\targets\Microsoft.NET.Sdk.DefaultItems.Shared.targets" du projet "C:\Users\Administrateur\Documents\DossierPartage\PROGRAMATION\SystemeCaisse\SystemeCaisse.Infrastructure\SystemeCaisse.Infrastructure.csproj" (la cible "_CheckForInvalidConfigurationAndPlatform" en dépend) :
       Utilisation de la tâche "CheckForDuplicateItems" à partir de l'assembly "C:\Program Files\dotnet\sdk\10.0.101\Sdks\Microsoft.NET.Sdk\targets\..\tools\net10.0\Microsoft.NET.Build.Tasks.dll".
       Tâche "CheckForDuplicateItems"
       Exécution de la tâche "CheckForDuplicateItems" terminée.
       Tâche "CheckForDuplicateItems"
       Exécution de la tâche "CheckForDuplicateItems" terminée.
       Tâche "CheckForDuplicateItems"
       Exécution de la tâche "CheckForDuplicateItems" terminée.
   1:7>Génération de la cible "CheckForDuplicateItems" terminée dans le projet "SystemeCaisse.Infrastructure.csproj".
       Cible "ProcessFrameworkReferences" ignorée. Elle a été générée.
   1:7>Cible "_CheckForInvalidConfigurationAndPlatform" dans le fichier "C:\Program Files\dotnet\sdk\10.0.101\Microsoft.Common.CurrentVersion.targets" du projet "C:\Users\Administrateur\Documents\DossierPartage\PROGRAMATION\SystemeCaisse\SystemeCaisse.Infrastructure\SystemeCaisse.Infrastructure.csproj" (la cible "BeforeBuild" en dépend) :
       Tâche "Message"
         Configuration=Debug
       Exécution de la tâche "Message" terminée.
       Tâche "Message"
         Platform=AnyCPU
       Exécution de la tâche "Message" terminée.
   1:7>Génération de la cible "_CheckForInvalidConfigurationAndPlatform" terminée dans le projet "SystemeCaisse.Infrastructure.csproj".
   1:7>Cible "ValidateCommandLineProperties" dans le fichier "C:\Program Files\dotnet\sdk\10.0.101\Sdks\Microsoft.NET.Sdk\targets\Microsoft.NET.Sdk.targets" du projet "C:\Users\Administrateur\Documents\DossierPartage\PROGRAMATION\SystemeCaisse\SystemeCaisse.Infrastructure\SystemeCaisse.Infrastructure.csproj" (la cible "BeforeBuild" en dépend) :
   1:7>Génération de la cible "ValidateCommandLineProperties" terminée dans le projet "SystemeCaisse.Infrastructure.csproj".
   1:7>Cible "BeforeBuild" dans le fichier "C:\Program Files\dotnet\sdk\10.0.101\Microsoft.Common.CurrentVersion.targets" du projet "C:\Users\Administrateur\Documents\DossierPartage\PROGRAMATION\SystemeCaisse\SystemeCaisse.Infrastructure\SystemeCaisse.Infrastructure.csproj" (la cible "Build" en dépend) :
   1:7>Génération de la cible "BeforeBuild" terminée dans le projet "SystemeCaisse.Infrastructure.csproj".
   1:7>Cible "BuildOnlySettings" dans le fichier "C:\Program Files\dotnet\sdk\10.0.101\Microsoft.Common.CurrentVersion.targets" du projet "C:\Users\Administrateur\Documents\DossierPartage\PROGRAMATION\SystemeCaisse\SystemeCaisse.Infrastructure\SystemeCaisse.Infrastructure.csproj" (la cible "CoreBuild" en dépend) :
       C:\Program Files\dotnet\sdk\10.0.101\Microsoft.Common.CurrentVersion.targets(1168,7): message : Réassignation de propriété : $(BuildingProject)="true" (valeur précédente : "false") à C:\Program Files\dotnet\sdk\10.0.101\Microsoft.Common.CurrentVersion.targets (1168,7) [C:\Users\Administrateur\Documents\DossierPartage\PROGRAMATION\SystemeCaisse\SystemeCaisse.Infrastructure\SystemeCaisse.Infrastructure.csproj]
   1:7>Génération de la cible "BuildOnlySettings" terminée dans le projet "SystemeCaisse.Infrastructure.csproj".
   1:7>Cible "GetFrameworkPaths" dans le fichier "C:\Program Files\dotnet\sdk\10.0.101\Sdks\Microsoft.NET.Sdk\targets\Microsoft.NET.DisableStandardFrameworkResolution.targets" du projet "C:\Users\Administrateur\Documents\DossierPartage\PROGRAMATION\SystemeCaisse\SystemeCaisse.Infrastructure\SystemeCaisse.Infrastructure.csproj" (la cible "PrepareForBuild" en dépend) :
   1:7>Génération de la cible "GetFrameworkPaths" terminée dans le projet "SystemeCaisse.Infrastructure.csproj".
   1:7>Cible "GetReferenceAssemblyPaths" dans le fichier "C:\Program Files\dotnet\sdk\10.0.101\Sdks\Microsoft.NET.Sdk\targets\Microsoft.NET.DisableStandardFrameworkResolution.targets" du projet "C:\Users\Administrateur\Documents\DossierPartage\PROGRAMATION\SystemeCaisse\SystemeCaisse.Infrastructure\SystemeCaisse.Infrastructure.csproj" (la cible "PrepareForBuild" en dépend) :
   1:7>Génération de la cible "GetReferenceAssemblyPaths" terminée dans le projet "SystemeCaisse.Infrastructure.csproj".
   1:7>Cible "PrepareForBuild" dans le fichier "C:\Program Files\dotnet\sdk\10.0.101\Microsoft.Common.CurrentVersion.targets" du projet "C:\Users\Administrateur\Documents\DossierPartage\PROGRAMATION\SystemeCaisse\SystemeCaisse.Infrastructure\SystemeCaisse.Infrastructure.csproj" (la cible "CoreBuild" en dépend) :
       Utilisation de la tâche "FindAppConfigFile" à partir de l'assembly "Microsoft.Build.Tasks.Core, Version=15.1.0.0, Culture=neutral, PublicKeyToken=b03f5f7f11d50a3a".
       Tâche "FindAppConfigFile"
       Exécution de la tâche "FindAppConfigFile" terminée.
       Utilisation de la tâche "MakeDir" à partir de l'assembly "Microsoft.Build.Tasks.Core, Version=15.1.0.0, Culture=neutral, PublicKeyToken=b03f5f7f11d50a3a".
       Tâche "MakeDir"
       Exécution de la tâche "MakeDir" terminée.
   1:7>Génération de la cible "PrepareForBuild" terminée dans le projet "SystemeCaisse.Infrastructure.csproj".
   1:7>Cible "GenerateTargetFrameworkDefineConstants" dans le fichier "C:\Program Files\dotnet\sdk\10.0.101\Sdks\Microsoft.NET.Sdk\targets\Microsoft.NET.Sdk.BeforeCommon.targets" du projet "C:\Users\Administrateur\Documents\DossierPartage\PROGRAMATION\SystemeCaisse\SystemeCaisse.Infrastructure\SystemeCaisse.Infrastructure.csproj" (la cible "AddImplicitDefineConstants" en dépend) :
   1:7>Génération de la cible "GenerateTargetFrameworkDefineConstants" terminée dans le projet "SystemeCaisse.Infrastructure.csproj".
   1:7>Cible "GenerateNETCompatibleDefineConstants" dans le fichier "C:\Program Files\dotnet\sdk\10.0.101\Sdks\Microsoft.NET.Sdk\targets\Microsoft.NET.Sdk.BeforeCommon.targets" du projet "C:\Users\Administrateur\Documents\DossierPartage\PROGRAMATION\SystemeCaisse\SystemeCaisse.Infrastructure\SystemeCaisse.Infrastructure.csproj" (la cible "AddImplicitDefineConstants" en dépend) :
   1:7>Génération de la cible "GenerateNETCompatibleDefineConstants" terminée dans le projet "SystemeCaisse.Infrastructure.csproj".
   1:7>Cible "AddImplicitDefineConstants" dans le fichier "C:\Program Files\dotnet\sdk\10.0.101\Sdks\Microsoft.NET.Sdk\targets\Microsoft.NET.Sdk.BeforeCommon.targets" du projet "C:\Users\Administrateur\Documents\DossierPartage\PROGRAMATION\SystemeCaisse\SystemeCaisse.Infrastructure\SystemeCaisse.Infrastructure.csproj" (la cible "CoreBuild" en dépend) :
       C:\Program Files\dotnet\sdk\10.0.101\Sdks\Microsoft.NET.Sdk\targets\Microsoft.NET.Sdk.BeforeCommon.targets(295,7): message : Réassignation de propriété : $(DefineConstants)="TRACE;DEBUG;NET;NET8_0;NETCOREAPP;NET5_0_OR_GREATER;NET6_0_OR_GREATER;NET7_0_OR_GREATER;NET8_0_OR_GREATER;NETCOREAPP1_0_OR_GREATER;NETCOREAPP1_1_OR_GREATER;NETCOREAPP2_0_OR_GREATER;NETCOREAPP2_1_OR_GREATER;NETCOREAPP2_2_OR_GREATER;NETCOREAPP3_0_OR_GREATER;NETCOREAPP3_1_OR_GREATER" (valeur précédente : "TRACE;DEBUG") à C:\Program Files\dotnet\sdk\10.0.101\Sdks\Microsoft.NET.Sdk\targets\Microsoft.NET.Sdk.BeforeCommon.targets (295,7) [C:\Users\Administrateur\Documents\DossierPartage\PROGRAMATION\SystemeCaisse\SystemeCaisse.Infrastructure\SystemeCaisse.Infrastructure.csproj]
   1:7>Génération de la cible "AddImplicitDefineConstants" terminée dans le projet "SystemeCaisse.Infrastructure.csproj".
   1:7>Cible "GenerateGlobalUsings" dans le fichier "C:\Program Files\dotnet\sdk\10.0.101\Sdks\Microsoft.NET.Sdk\targets\Microsoft.NET.GenerateGlobalUsings.targets" du projet "C:\Users\Administrateur\Documents\DossierPartage\PROGRAMATION\SystemeCaisse\SystemeCaisse.Infrastructure\SystemeCaisse.Infrastructure.csproj" (la cible "CoreBuild" en dépend) :
       Utilisation de la tâche "GenerateGlobalUsings" à partir de l'assembly "C:\Program Files\dotnet\sdk\10.0.101\Sdks\Microsoft.NET.Sdk\targets\..\tools\net10.0\Microsoft.NET.Build.Tasks.dll".
       Tâche "GenerateGlobalUsings"
       Exécution de la tâche "GenerateGlobalUsings" terminée.
       Utilisation de la tâche "WriteLinesToFile" à partir de l'assembly "Microsoft.Build.Tasks.Core, Version=15.1.0.0, Culture=neutral, PublicKeyToken=b03f5f7f11d50a3a".
       Tâche "WriteLinesToFile"
         L'écriture dans le fichier "obj\Debug\net8.0\SystemeCaisse.Infrastructure.GlobalUsings.g.cs" est ignorée, car le contenu ne change pas.
       Exécution de la tâche "WriteLinesToFile" terminée.
   1:7>Génération de la cible "GenerateGlobalUsings" terminée dans le projet "SystemeCaisse.Infrastructure.csproj".
   1:7>Cible "BeforeResolveReferences" dans le fichier "C:\Program Files\dotnet\sdk\10.0.101\Microsoft.Common.CurrentVersion.targets" du projet "C:\Users\Administrateur\Documents\DossierPartage\PROGRAMATION\SystemeCaisse\SystemeCaisse.Infrastructure\SystemeCaisse.Infrastructure.csproj" (la cible "ResolveReferences" en dépend) :
   1:7>Génération de la cible "BeforeResolveReferences" terminée dans le projet "SystemeCaisse.Infrastructure.csproj".
   1:7>Cible "IgnoreJavaScriptOutputAssembly" dans le fichier "C:\Program Files\dotnet\sdk\10.0.101\Microsoft.Common.CurrentVersion.targets" du projet "C:\Users\Administrateur\Documents\DossierPartage\PROGRAMATION\SystemeCaisse\SystemeCaisse.Infrastructure\SystemeCaisse.Infrastructure.csproj" (la cible "AssignProjectConfiguration" en dépend) :
   1:7>Génération de la cible "IgnoreJavaScriptOutputAssembly" terminée dans le projet "SystemeCaisse.Infrastructure.csproj".
       Cible "ProcessFrameworkReferences" ignorée. Elle a été générée.
   1:7>Cible "_DefaultMicrosoftNETPlatformLibrary" dans le fichier "C:\Program Files\dotnet\sdk\10.0.101\Sdks\Microsoft.NET.Sdk\targets\Microsoft.NET.Sdk.Shared.targets" du projet "C:\Users\Administrateur\Documents\DossierPartage\PROGRAMATION\SystemeCaisse\SystemeCaisse.Infrastructure\SystemeCaisse.Infrastructure.csproj" (la cible "ResolvePackageAssets" en dépend) :
   1:7>Génération de la cible "_DefaultMicrosoftNETPlatformLibrary" terminée dans le projet "SystemeCaisse.Infrastructure.csproj".
   1:7>Cible "_ComputePackageReferencePublish" dans le fichier "C:\Program Files\dotnet\sdk\10.0.101\Sdks\Microsoft.NET.Sdk\targets\Microsoft.NET.Sdk.Shared.targets" du projet "C:\Users\Administrateur\Documents\DossierPartage\PROGRAMATION\SystemeCaisse\SystemeCaisse.Infrastructure\SystemeCaisse.Infrastructure.csproj" (la cible "ResolvePackageAssets" en dépend) :
   1:7>Génération de la cible "_ComputePackageReferencePublish" terminée dans le projet "SystemeCaisse.Infrastructure.csproj".
   1:7>Cible "ResolvePackageAssets" dans le fichier "C:\Program Files\dotnet\sdk\10.0.101\Sdks\Microsoft.NET.Sdk\targets\Microsoft.PackageDependencyResolution.targets" du projet "C:\Users\Administrateur\Documents\DossierPartage\PROGRAMATION\SystemeCaisse\SystemeCaisse.Infrastructure\SystemeCaisse.Infrastructure.csproj" (la cible "ResolveLockFileReferences" en dépend) :
       Utilisation de la tâche "ResolvePackageAssets" à partir de l'assembly "C:\Program Files\dotnet\sdk\10.0.101\Sdks\Microsoft.NET.Sdk\targets\..\tools\net10.0\Microsoft.NET.Build.Tasks.dll".
       Tâche "ResolvePackageAssets"
       Exécution de la tâche "ResolvePackageAssets" terminée.
   1:7>Génération de la cible "ResolvePackageAssets" terminée dans le projet "SystemeCaisse.Infrastructure.csproj".
   1:7>Cible "ResolveLockFileReferences" dans le fichier "C:\Program Files\dotnet\sdk\10.0.101\Sdks\Microsoft.NET.Sdk\targets\Microsoft.PackageDependencyResolution.targets" du projet "C:\Users\Administrateur\Documents\DossierPartage\PROGRAMATION\SystemeCaisse\SystemeCaisse.Infrastructure\SystemeCaisse.Infrastructure.csproj" (la cible "ResolvePackageDependenciesForBuild" en dépend) :
       Utilisation de la tâche "JoinItems" à partir de l'assembly "C:\Program Files\dotnet\sdk\10.0.101\Sdks\Microsoft.NET.Sdk\targets\..\tools\net10.0\Microsoft.NET.Build.Tasks.dll".
       Tâche "JoinItems"
       Exécution de la tâche "JoinItems" terminée.
   1:7>Génération de la cible "ResolveLockFileReferences" terminée dans le projet "SystemeCaisse.Infrastructure.csproj".
       Cible "ResolvePackageAssets" ignorée. Elle a été générée.
   1:7>Cible "ResolveLockFileAnalyzers" dans le fichier "C:\Program Files\dotnet\sdk\10.0.101\Sdks\Microsoft.NET.Sdk\targets\Microsoft.PackageDependencyResolution.targets" du projet "C:\Users\Administrateur\Documents\DossierPartage\PROGRAMATION\SystemeCaisse\SystemeCaisse.Infrastructure\SystemeCaisse.Infrastructure.csproj" (la cible "ResolvePackageDependenciesForBuild" en dépend) :
   1:7>Génération de la cible "ResolveLockFileAnalyzers" terminée dans le projet "SystemeCaisse.Infrastructure.csproj".
       Cible "ResolvePackageAssets" ignorée. Elle a été générée.
   1:7>Cible "ResolveLockFileCopyLocalFiles" dans le fichier "C:\Program Files\dotnet\sdk\10.0.101\Sdks\Microsoft.NET.Sdk\targets\Microsoft.PackageDependencyResolution.targets" du projet "C:\Users\Administrateur\Documents\DossierPartage\PROGRAMATION\SystemeCaisse\SystemeCaisse.Infrastructure\SystemeCaisse.Infrastructure.csproj" (la cible "ResolvePackageDependenciesForBuild" en dépend) :
   1:7>Génération de la cible "ResolveLockFileCopyLocalFiles" terminée dans le projet "SystemeCaisse.Infrastructure.csproj".
       Cible "ResolvePackageAssets" ignorée. Elle a été générée.
   1:7>Cible "IncludeTransitiveProjectReferences" dans le fichier "C:\Program Files\dotnet\sdk\10.0.101\Sdks\Microsoft.NET.Sdk\targets\Microsoft.PackageDependencyResolution.targets" du projet "C:\Users\Administrateur\Documents\DossierPartage\PROGRAMATION\SystemeCaisse\SystemeCaisse.Infrastructure\SystemeCaisse.Infrastructure.csproj" (la cible "ResolvePackageDependenciesForBuild" en dépend) :
   1:7>Génération de la cible "IncludeTransitiveProjectReferences" terminée dans le projet "SystemeCaisse.Infrastructure.csproj".
   1:7>Cible "ResolvePackageDependenciesForBuild" dans le fichier "C:\Program Files\dotnet\sdk\10.0.101\Sdks\Microsoft.NET.Sdk\targets\Microsoft.PackageDependencyResolution.targets" du projet "C:\Users\Administrateur\Documents\DossierPartage\PROGRAMATION\SystemeCaisse\SystemeCaisse.Infrastructure\SystemeCaisse.Infrastructure.csproj" (la cible "AssignProjectConfiguration" en dépend) :
   1:7>Génération de la cible "ResolvePackageDependenciesForBuild" terminée dans le projet "SystemeCaisse.Infrastructure.csproj".
   1:7>Cible "AssignProjectConfiguration" dans le fichier "C:\Program Files\dotnet\sdk\10.0.101\Microsoft.Common.CurrentVersion.targets" du projet "C:\Users\Administrateur\Documents\DossierPartage\PROGRAMATION\SystemeCaisse\SystemeCaisse.Infrastructure\SystemeCaisse.Infrastructure.csproj" (la cible "ResolveReferences" en dépend) :
       Utilisation de la tâche "AssignProjectConfiguration" à partir de l'assembly "Microsoft.Build.Tasks.Core, Version=15.1.0.0, Culture=neutral, PublicKeyToken=b03f5f7f11d50a3a".
       Tâche "AssignProjectConfiguration"
         La référence de projet "..\SystemeCaisse.Core\SystemeCaisse.Core.csproj" n'a pas été résolue.
       Exécution de la tâche "AssignProjectConfiguration" terminée.
   1:7>Génération de la cible "AssignProjectConfiguration" terminée dans le projet "SystemeCaisse.Infrastructure.csproj".
       Cible "AssignProjectConfiguration" ignorée. Elle a été générée.
   1:7>Cible "_SplitProjectReferencesByFileExistence" dans le fichier "C:\Program Files\dotnet\sdk\10.0.101\Microsoft.Common.CurrentVersion.targets" du projet "C:\Users\Administrateur\Documents\DossierPartage\PROGRAMATION\SystemeCaisse\SystemeCaisse.Infrastructure\SystemeCaisse.Infrastructure.csproj" (la cible "PrepareProjectReferences" en dépend) :
   1:7>Génération de la cible "_SplitProjectReferencesByFileExistence" terminée dans le projet "SystemeCaisse.Infrastructure.csproj".
   1:7>Cible "_AddOutputPathToGlobalPropertiesToRemove" dans le fichier "C:\Program Files\dotnet\sdk\10.0.101\Microsoft.Common.CurrentVersion.targets" du projet "C:\Users\Administrateur\Documents\DossierPartage\PROGRAMATION\SystemeCaisse\SystemeCaisse.Infrastructure\SystemeCaisse.Infrastructure.csproj" (la cible "_GetProjectReferenceTargetFrameworkProperties" en dépend) :
   1:7>Génération de la cible "_AddOutputPathToGlobalPropertiesToRemove" terminée dans le projet "SystemeCaisse.Infrastructure.csproj".
   1:7>Cible "_GetProjectReferenceTargetFrameworkProperties" dans le fichier "C:\Program Files\dotnet\sdk\10.0.101\Microsoft.Common.CurrentVersion.targets" du projet "C:\Users\Administrateur\Documents\DossierPartage\PROGRAMATION\SystemeCaisse\SystemeCaisse.Infrastructure\SystemeCaisse.Infrastructure.csproj" (la cible "PrepareProjectReferences" en dépend) :
       Tâche "MSBuild"
         Suppression des propriétés :
           TargetFramework
           RuntimeIdentifier
           SelfContained
     0>C:\Program Files\dotnet\sdk\10.0.101\Sdks\Microsoft.NET.Sdk\Sdk\Sdk.props(49,11): message : Propriété 'MSBuildExtensionsPath' avec la valeur 'C:\Program Files\dotnet\sdk\10.0.101\' développée à partir de l’environnement.
       C:\Program Files\dotnet\sdk\10.0.101\Current\Microsoft.Common.props(60,5): message : Réassignation de propriété : $(MSBuildProjectExtensionsPath)="C:\Users\Administrateur\Documents\DossierPartage\PROGRAMATION\SystemeCaisse\SystemeCaisse.Core\obj\" (valeur précédente : "obj\") à C:\Program Files\dotnet\sdk\10.0.101\Current\Microsoft.Common.props (60,5)
       C:\Users\Administrateur\Documents\DossierPartage\PROGRAMATION\SystemeCaisse\SystemeCaisse.Core\obj\SystemeCaisse.Core.csproj.nuget.g.props(7,5): message : Propriété 'USERPROFILE' avec la valeur 'C:\Users\Administrateur' développée à partir de l’environnement.
       C:\Program Files\dotnet\sdk\10.0.101\Current\Microsoft.Common.props(84,119): message : Propriété 'MSBuildUserExtensionsPath' avec la valeur 'C:\Users\Administrateur\AppData\Local\Microsoft\MSBuild' développée à partir de l’environnement.
       C:\Program Files\dotnet\sdk\10.0.101\Sdks\Microsoft.NET.Sdk\targets\Microsoft.NET.Sdk.props(90,5): message : Réassignation de propriété : $(AssemblySearchPaths)="{CandidateAssemblyFiles};{HintPathFromItem}" (valeur précédente : "{CandidateAssemblyFiles}") à C:\Program Files\dotnet\sdk\10.0.101\Sdks\Microsoft.NET.Sdk\targets\Microsoft.NET.Sdk.props (90,5)
       C:\Program Files\dotnet\sdk\10.0.101\Sdks\Microsoft.NET.Sdk\targets\Microsoft.NET.Sdk.props(91,5): message : Réassignation de propriété : $(AssemblySearchPaths)="{CandidateAssemblyFiles};{HintPathFromItem};{TargetFrameworkDirectory}" (valeur précédente : "{CandidateAssemblyFiles};{HintPathFromItem}") à C:\Program Files\dotnet\sdk\10.0.101\Sdks\Microsoft.NET.Sdk\targets\Microsoft.NET.Sdk.props (91,5)
       C:\Program Files\dotnet\sdk\10.0.101\Sdks\Microsoft.NET.Sdk\targets\Microsoft.NET.Sdk.props(92,5): message : Réassignation de propriété : $(AssemblySearchPaths)="{CandidateAssemblyFiles};{HintPathFromItem};{TargetFrameworkDirectory};{RawFileName}" (valeur précédente : "{CandidateAssemblyFiles};{HintPathFromItem};{TargetFrameworkDirectory}") à C:\Program Files\dotnet\sdk\10.0.101\Sdks\Microsoft.NET.Sdk\targets\Microsoft.NET.Sdk.props (92,5)
       C:\Program Files\dotnet\sdk\10.0.101\Sdks\Microsoft.NET.Sdk\targets\Microsoft.NET.Sdk.ImportPublishProfile.targets(28,5): message : Réassignation de propriété : $(PublishProfileImported)="false" (valeur précédente : "true") à C:\Program Files\dotnet\sdk\10.0.101\Sdks\Microsoft.NET.Sdk\targets\Microsoft.NET.Sdk.ImportPublishProfile.targets (28,5)
       C:\Program Files\dotnet\sdk\10.0.101\Sdks\Microsoft.NET.Sdk\targets\Microsoft.NET.TargetFrameworkInference.targets(81,5): message : Réassignation de propriété : $(TargetPlatformVersion)="" (valeur précédente : "0.0") à C:\Program Files\dotnet\sdk\10.0.101\Sdks\Microsoft.NET.Sdk\targets\Microsoft.NET.TargetFrameworkInference.targets (81,5)
       C:\Program Files\dotnet\sdk\10.0.101\Sdks\Microsoft.NET.Sdk\targets\Microsoft.NET.DefaultOutputPaths.targets(127,5): message : Réassignation de propriété : $(DefaultItemExcludes)=";bin\Debug\/**;obj\Debug\/**" (valeur précédente : ";bin\Debug\/**") à C:\Program Files\dotnet\sdk\10.0.101\Sdks\Microsoft.NET.Sdk\targets\Microsoft.NET.DefaultOutputPaths.targets (127,5)
       C:\Program Files\dotnet\sdk\10.0.101\Sdks\Microsoft.NET.Sdk\targets\Microsoft.NET.DefaultOutputPaths.targets(142,5): message : Réassignation de propriété : $(OutputPath)="bin\Debug\net8.0\" (valeur précédente : "bin\Debug\") à C:\Program Files\dotnet\sdk\10.0.101\Sdks\Microsoft.NET.Sdk\targets\Microsoft.NET.DefaultOutputPaths.targets (142,5)
       C:\Program Files\dotnet\sdk\10.0.101\Sdks\Microsoft.NET.Sdk\targets\Microsoft.NET.DefaultOutputPaths.targets(147,5): message : Réassignation de propriété : $(IntermediateOutputPath)="obj\Debug\net8.0\" (valeur précédente : "obj\Debug\") à C:\Program Files\dotnet\sdk\10.0.101\Sdks\Microsoft.NET.Sdk\targets\Microsoft.NET.DefaultOutputPaths.targets (147,5)
       C:\Program Files\dotnet\sdk\10.0.101\Sdks\Microsoft.NET.Sdk\targets\Microsoft.NET.Sdk.BeforeCommon.targets(371,5): message : Réassignation de propriété : $(RoslynTargetsPath)="C:\Program Files\dotnet\sdk\10.0.101\Sdks\Microsoft.NET.Sdk\targets\..\..\..\Roslyn" (valeur précédente : "C:\Program Files\dotnet\sdk\10.0.101\Roslyn") à C:\Program Files\dotnet\sdk\10.0.101\Sdks\Microsoft.NET.Sdk\targets\Microsoft.NET.Sdk.BeforeCommon.targets (371,5)
       C:\Program Files\dotnet\sdk\10.0.101\Roslyn\Microsoft.Managed.Core.targets(6,5): message : Réassignation de propriété : $(_BuildTasksDirectory)="C:\Program Files\dotnet\sdk\10.0.101\Sdks\Microsoft.NET.Sdk\targets\..\..\..\Roslyn\" (valeur précédente : "C:\Program Files\dotnet\sdk\10.0.101\Roslyn\") à C:\Program Files\dotnet\sdk\10.0.101\Roslyn\Microsoft.Managed.Core.targets (6,5)
       C:\Program Files\dotnet\sdk\10.0.101\Roslyn\Microsoft.CSharp.Core.targets(200,5): message : Réassignation de propriété : $(CommandLineArgsForDesignTimeEvaluation)="-langversion:12.0 -define:TRACE" (valeur précédente : "-langversion:12.0") à C:\Program Files\dotnet\sdk\10.0.101\Roslyn\Microsoft.CSharp.Core.targets (200,5)
       C:\Program Files\dotnet\sdk\10.0.101\Microsoft.Common.CurrentVersion.targets(175,5): message : Réassignation de propriété : $(_DebugSymbolsProduced)="true" (valeur précédente : "false") à C:\Program Files\dotnet\sdk\10.0.101\Microsoft.Common.CurrentVersion.targets (175,5)
       C:\Program Files\dotnet\sdk\10.0.101\Microsoft.Common.CurrentVersion.targets(185,5): message : Réassignation de propriété : $(_DocumentationFileProduced)="false" (valeur précédente : "true") à C:\Program Files\dotnet\sdk\10.0.101\Microsoft.Common.CurrentVersion.targets (185,5)
       C:\Program Files\dotnet\sdk\10.0.101\Microsoft.Common.CurrentVersion.targets(392,5): message : Réassignation de propriété : $(MSBuildCopyMarkerName)="SystemeC.5B05D2A3" (valeur précédente : "SystemeCaisse.Core.csproj") à C:\Program Files\dotnet\sdk\10.0.101\Microsoft.Common.CurrentVersion.targets (392,5)
       C:\Program Files\dotnet\sdk\10.0.101\Microsoft.Common.CurrentVersion.targets(393,5): message : Réassignation de propriété : $(MSBuildCopyMarkerName)="SystemeC.5B05D2A3.Up2Date" (valeur précédente : "SystemeC.5B05D2A3") à C:\Program Files\dotnet\sdk\10.0.101\Microsoft.Common.CurrentVersion.targets (393,5)
       C:\Program Files\dotnet\sdk\10.0.101\Microsoft.Common.CurrentVersion.targets(541,5): message : Réassignation de propriété : $(ProcessorArchitecture)="msil" (valeur précédente : "") à C:\Program Files\dotnet\sdk\10.0.101\Microsoft.Common.CurrentVersion.targets (541,5)
       C:\Program Files\dotnet\sdk\10.0.101\Microsoft.Common.CurrentVersion.targets(580,5): message : Réassignation de propriété : $(DelaySign)="" (valeur précédente : "false") à C:\Program Files\dotnet\sdk\10.0.101\Microsoft.Common.CurrentVersion.targets (580,5)
       C:\Program Files\dotnet\sdk\10.0.101\Microsoft.Common.CurrentVersion.targets(2606,5): message : Propriété 'LOCALAPPDATA' avec la valeur 'C:\Users\Administrateur\AppData\Local' développée à partir de l’environnement.
       C:\Program Files\dotnet\sdk\10.0.101\Microsoft.Common.CurrentVersion.targets(3934,5): message : Réassignation de propriété : $(_SGenGenerateSerializationAssembliesConfig)="Auto" (valeur précédente : "") à C:\Program Files\dotnet\sdk\10.0.101\Microsoft.Common.CurrentVersion.targets (3934,5)
       C:\Program Files\dotnet\sdk\10.0.101\Microsoft.Common.CurrentVersion.targets(3935,5): message : Réassignation de propriété : $(_SGenGenerateSerializationAssembliesConfig)="Off" (valeur précédente : "Auto") à C:\Program Files\dotnet\sdk\10.0.101\Microsoft.Common.CurrentVersion.targets (3935,5)
       C:\Program Files\dotnet\sdk\10.0.101\Microsoft.Common.CurrentVersion.targets(5146,5): message : Réassignation de propriété : $(_TargetsThatPrepareProjectReferences)="
       C:\Program Files\dotnet\sdk\10.0.101\Microsoft.Common.CurrentVersion.targets(5146,5): message :       AssignProjectConfiguration;
       C:\Program Files\dotnet\sdk\10.0.101\Microsoft.Common.CurrentVersion.targets(5146,5): message :       _SplitProjectReferencesByFileExistence
       C:\Program Files\dotnet\sdk\10.0.101\Microsoft.Common.CurrentVersion.targets(5146,5): message :     " (valeur précédente : "_SplitProjectReferencesByFileExistence") à C:\Program Files\dotnet\sdk\10.0.101\Microsoft.Common.CurrentVersion.targets (5146,5)
       C:\Program Files\dotnet\sdk\10.0.101\Microsoft.Common.CurrentVersion.targets(6959,5): message : Propriété 'MSBuildExtensionsPath32' avec la valeur 'C:\Program Files\dotnet\sdk\10.0.101' développée à partir de l’environnement.
       La propriété "NuGetInteractive" est une propriété globale et elle ne peut pas être modifiée.
       C:\Program Files\dotnet\sdk\10.0.101\Sdks\Microsoft.NET.Sdk\targets\Microsoft.PackageDependencyResolution.targets(29,5): message : Réassignation de propriété : $(ProjectAssetsCacheFile)="C:\Users\Administrateur\Documents\DossierPartage\PROGRAMATION\SystemeCaisse\SystemeCaisse.Core\obj\Debug\net8.0\SystemeCaisse.Core.assets.cache" (valeur précédente : "obj\Debug\net8.0\SystemeCaisse.Core.assets.cache") à C:\Program Files\dotnet\sdk\10.0.101\Sdks\Microsoft.NET.Sdk\targets\Microsoft.PackageDependencyResolution.targets (29,5)
       C:\Program Files\dotnet\sdk\10.0.101\Sdks\Microsoft.NET.Sdk\targets\Microsoft.PackageDependencyResolution.targets(80,5): message : Réassignation de propriété : $(ResolveAssemblyReferencesDependsOn)="
       C:\Program Files\dotnet\sdk\10.0.101\Sdks\Microsoft.NET.Sdk\targets\Microsoft.PackageDependencyResolution.targets(80,5): message :       
       C:\Program Files\dotnet\sdk\10.0.101\Sdks\Microsoft.NET.Sdk\targets\Microsoft.PackageDependencyResolution.targets(80,5): message :       ResolveProjectReferences;
       C:\Program Files\dotnet\sdk\10.0.101\Sdks\Microsoft.NET.Sdk\targets\Microsoft.PackageDependencyResolution.targets(80,5): message :       FindInvalidProjectReferences;
       C:\Program Files\dotnet\sdk\10.0.101\Sdks\Microsoft.NET.Sdk\targets\Microsoft.PackageDependencyResolution.targets(80,5): message :       GetFrameworkPaths;
       C:\Program Files\dotnet\sdk\10.0.101\Sdks\Microsoft.NET.Sdk\targets\Microsoft.PackageDependencyResolution.targets(80,5): message :       GetReferenceAssemblyPaths;
       C:\Program Files\dotnet\sdk\10.0.101\Sdks\Microsoft.NET.Sdk\targets\Microsoft.PackageDependencyResolution.targets(80,5): message :       PrepareForBuild;
       C:\Program Files\dotnet\sdk\10.0.101\Sdks\Microsoft.NET.Sdk\targets\Microsoft.PackageDependencyResolution.targets(80,5): message :       ResolveSDKReferences;
       C:\Program Files\dotnet\sdk\10.0.101\Sdks\Microsoft.NET.Sdk\targets\Microsoft.PackageDependencyResolution.targets(80,5): message :       ExpandSDKReferences;
       C:\Program Files\dotnet\sdk\10.0.101\Sdks\Microsoft.NET.Sdk\targets\Microsoft.PackageDependencyResolution.targets(80,5): message :     ;
       C:\Program Files\dotnet\sdk\10.0.101\Sdks\Microsoft.NET.Sdk\targets\Microsoft.PackageDependencyResolution.targets(80,5): message :       ResolvePackageDependenciesForBuild;
       C:\Program Files\dotnet\sdk\10.0.101\Sdks\Microsoft.NET.Sdk\targets\Microsoft.PackageDependencyResolution.targets(80,5): message :       _HandlePackageFileConflicts;
       C:\Program Files\dotnet\sdk\10.0.101\Sdks\Microsoft.NET.Sdk\targets\Microsoft.PackageDependencyResolution.targets(80,5): message :     " (valeur précédente : "
       C:\Program Files\dotnet\sdk\10.0.101\Sdks\Microsoft.NET.Sdk\targets\Microsoft.PackageDependencyResolution.targets(80,5): message :       ResolveProjectReferences;
       C:\Program Files\dotnet\sdk\10.0.101\Sdks\Microsoft.NET.Sdk\targets\Microsoft.PackageDependencyResolution.targets(80,5): message :       FindInvalidProjectReferences;
       C:\Program Files\dotnet\sdk\10.0.101\Sdks\Microsoft.NET.Sdk\targets\Microsoft.PackageDependencyResolution.targets(80,5): message :       GetFrameworkPaths;
       C:\Program Files\dotnet\sdk\10.0.101\Sdks\Microsoft.NET.Sdk\targets\Microsoft.PackageDependencyResolution.targets(80,5): message :       GetReferenceAssemblyPaths;
       C:\Program Files\dotnet\sdk\10.0.101\Sdks\Microsoft.NET.Sdk\targets\Microsoft.PackageDependencyResolution.targets(80,5): message :       PrepareForBuild;
       C:\Program Files\dotnet\sdk\10.0.101\Sdks\Microsoft.NET.Sdk\targets\Microsoft.PackageDependencyResolution.targets(80,5): message :       ResolveSDKReferences;
       C:\Program Files\dotnet\sdk\10.0.101\Sdks\Microsoft.NET.Sdk\targets\Microsoft.PackageDependencyResolution.targets(80,5): message :       ExpandSDKReferences;
       C:\Program Files\dotnet\sdk\10.0.101\Sdks\Microsoft.NET.Sdk\targets\Microsoft.PackageDependencyResolution.targets(80,5): message :     ") à C:\Program Files\dotnet\sdk\10.0.101\Sdks\Microsoft.NET.Sdk\targets\Microsoft.PackageDependencyResolution.targets (80,5)
       C:\Program Files\dotnet\sdk\10.0.101\Sdks\Microsoft.NET.Sdk\targets\Microsoft.PackageDependencyResolution.targets(86,5): message : Réassignation de propriété : $(PrepareResourcesDependsOn)="
       C:\Program Files\dotnet\sdk\10.0.101\Sdks\Microsoft.NET.Sdk\targets\Microsoft.PackageDependencyResolution.targets(86,5): message :       ResolvePackageDependenciesForBuild;
       C:\Program Files\dotnet\sdk\10.0.101\Sdks\Microsoft.NET.Sdk\targets\Microsoft.PackageDependencyResolution.targets(86,5): message :       _HandlePackageFileConflicts;
       C:\Program Files\dotnet\sdk\10.0.101\Sdks\Microsoft.NET.Sdk\targets\Microsoft.PackageDependencyResolution.targets(86,5): message :       
       C:\Program Files\dotnet\sdk\10.0.101\Sdks\Microsoft.NET.Sdk\targets\Microsoft.PackageDependencyResolution.targets(86,5): message :       ;
       C:\Program Files\dotnet\sdk\10.0.101\Sdks\Microsoft.NET.Sdk\targets\Microsoft.PackageDependencyResolution.targets(86,5): message :       PrepareResourceNames;
       C:\Program Files\dotnet\sdk\10.0.101\Sdks\Microsoft.NET.Sdk\targets\Microsoft.PackageDependencyResolution.targets(86,5): message :       ResGen;
       C:\Program Files\dotnet\sdk\10.0.101\Sdks\Microsoft.NET.Sdk\targets\Microsoft.PackageDependencyResolution.targets(86,5): message :       CompileLicxFiles
       C:\Program Files\dotnet\sdk\10.0.101\Sdks\Microsoft.NET.Sdk\targets\Microsoft.PackageDependencyResolution.targets(86,5): message :     
       C:\Program Files\dotnet\sdk\10.0.101\Sdks\Microsoft.NET.Sdk\targets\Microsoft.PackageDependencyResolution.targets(86,5): message :     " (valeur précédente : "
       C:\Program Files\dotnet\sdk\10.0.101\Sdks\Microsoft.NET.Sdk\targets\Microsoft.PackageDependencyResolution.targets(86,5): message :       ;
       C:\Program Files\dotnet\sdk\10.0.101\Sdks\Microsoft.NET.Sdk\targets\Microsoft.PackageDependencyResolution.targets(86,5): message :       PrepareResourceNames;
       C:\Program Files\dotnet\sdk\10.0.101\Sdks\Microsoft.NET.Sdk\targets\Microsoft.PackageDependencyResolution.targets(86,5): message :       ResGen;
       C:\Program Files\dotnet\sdk\10.0.101\Sdks\Microsoft.NET.Sdk\targets\Microsoft.PackageDependencyResolution.targets(86,5): message :       CompileLicxFiles
       C:\Program Files\dotnet\sdk\10.0.101\Sdks\Microsoft.NET.Sdk\targets\Microsoft.PackageDependencyResolution.targets(86,5): message :     ") à C:\Program Files\dotnet\sdk\10.0.101\Sdks\Microsoft.NET.Sdk\targets\Microsoft.PackageDependencyResolution.targets (86,5)
       C:\Program Files\dotnet\sdk\10.0.101\Sdks\Microsoft.NET.Sdk\targets\Microsoft.NET.Sdk.DefaultItems.targets(35,5): message : Réassignation de propriété : $(DefaultItemExcludes)=";bin\Debug\/**;obj\Debug\/**;bin\/**" (valeur précédente : ";bin\Debug\/**;obj\Debug\/**") à C:\Program Files\dotnet\sdk\10.0.101\Sdks\Microsoft.NET.Sdk\targets\Microsoft.NET.Sdk.DefaultItems.targets (35,5)
       C:\Program Files\dotnet\sdk\10.0.101\Sdks\Microsoft.NET.Sdk\targets\Microsoft.NET.Sdk.DefaultItems.targets(37,5): message : Réassignation de propriété : $(DefaultItemExcludes)=";bin\Debug\/**;obj\Debug\/**;bin\/**;obj\/**" (valeur précédente : ";bin\Debug\/**;obj\Debug\/**;bin\/**") à C:\Program Files\dotnet\sdk\10.0.101\Sdks\Microsoft.NET.Sdk\targets\Microsoft.NET.Sdk.DefaultItems.targets (37,5)
       C:\Program Files\dotnet\sdk\10.0.101\Sdks\Microsoft.NET.Sdk\targets\Microsoft.NET.Sdk.DefaultItems.targets(40,5): message : Réassignation de propriété : $(DefaultItemExcludes)=";bin\Debug\/**;obj\Debug\/**;bin\/**;obj\/**;**/*.user" (valeur précédente : ";bin\Debug\/**;obj\Debug\/**;bin\/**;obj\/**") à C:\Program Files\dotnet\sdk\10.0.101\Sdks\Microsoft.NET.Sdk\targets\Microsoft.NET.Sdk.DefaultItems.targets (40,5)
       C:\Program Files\dotnet\sdk\10.0.101\Sdks\Microsoft.NET.Sdk\targets\Microsoft.NET.Sdk.DefaultItems.targets(41,5): message : Réassignation de propriété : $(DefaultItemExcludes)=";bin\Debug\/**;obj\Debug\/**;bin\/**;obj\/**;**/*.user;**/*.*proj" (valeur précédente : ";bin\Debug\/**;obj\Debug\/**;bin\/**;obj\/**;**/*.user") à C:\Program Files\dotnet\sdk\10.0.101\Sdks\Microsoft.NET.Sdk\targets\Microsoft.NET.Sdk.DefaultItems.targets (41,5)
       C:\Program Files\dotnet\sdk\10.0.101\Sdks\Microsoft.NET.Sdk\targets\Microsoft.NET.Sdk.DefaultItems.targets(42,5): message : Réassignation de propriété : $(DefaultItemExcludes)=";bin\Debug\/**;obj\Debug\/**;bin\/**;obj\/**;**/*.user;**/*.*proj;**/*.sln" (valeur précédente : ";bin\Debug\/**;obj\Debug\/**;bin\/**;obj\/**;**/*.user;**/*.*proj") à C:\Program Files\dotnet\sdk\10.0.101\Sdks\Microsoft.NET.Sdk\targets\Microsoft.NET.Sdk.DefaultItems.targets (42,5)
       C:\Program Files\dotnet\sdk\10.0.101\Sdks\Microsoft.NET.Sdk\targets\Microsoft.NET.Sdk.DefaultItems.targets(43,5): message : Réassignation de propriété : $(DefaultItemExcludes)=";bin\Debug\/**;obj\Debug\/**;bin\/**;obj\/**;**/*.user;**/*.*proj;**/*.sln;**/*.slnx" (valeur précédente : ";bin\Debug\/**;obj\Debug\/**;bin\/**;obj\/**;**/*.user;**/*.*proj;**/*.sln") à C:\Program Files\dotnet\sdk\10.0.101\Sdks\Microsoft.NET.Sdk\targets\Microsoft.NET.Sdk.DefaultItems.targets (43,5)
       C:\Program Files\dotnet\sdk\10.0.101\Sdks\Microsoft.NET.Sdk\targets\Microsoft.NET.Sdk.DefaultItems.targets(44,5): message : Réassignation de propriété : $(DefaultItemExcludes)=";bin\Debug\/**;obj\Debug\/**;bin\/**;obj\/**;**/*.user;**/*.*proj;**/*.sln;**/*.slnx;**/*.vssscc" (valeur précédente : ";bin\Debug\/**;obj\Debug\/**;bin\/**;obj\/**;**/*.user;**/*.*proj;**/*.sln;**/*.slnx") à C:\Program Files\dotnet\sdk\10.0.101\Sdks\Microsoft.NET.Sdk\targets\Microsoft.NET.Sdk.DefaultItems.targets (44,5)
       C:\Program Files\dotnet\sdk\10.0.101\Sdks\Microsoft.NET.Sdk\targets\Microsoft.NET.Sdk.DefaultItems.targets(45,5): message : Réassignation de propriété : $(DefaultItemExcludes)=";bin\Debug\/**;obj\Debug\/**;bin\/**;obj\/**;**/*.user;**/*.*proj;**/*.sln;**/*.slnx;**/*.vssscc;**/.DS_Store" (valeur précédente : ";bin\Debug\/**;obj\Debug\/**;bin\/**;obj\/**;**/*.user;**/*.*proj;**/*.sln;**/*.slnx;**/*.vssscc") à C:\Program Files\dotnet\sdk\10.0.101\Sdks\Microsoft.NET.Sdk\targets\Microsoft.NET.Sdk.DefaultItems.targets (45,5)
       C:\Program Files\dotnet\sdk\10.0.101\Sdks\Microsoft.NET.Sdk\targets\Microsoft.NET.Sdk.FrameworkReferenceResolution.targets(14,5): message : Réassignation de propriété : $(ResolveAssemblyReferencesDependsOn)="
       C:\Program Files\dotnet\sdk\10.0.101\Sdks\Microsoft.NET.Sdk\targets\Microsoft.NET.Sdk.FrameworkReferenceResolution.targets(14,5): message :       
       C:\Program Files\dotnet\sdk\10.0.101\Sdks\Microsoft.NET.Sdk\targets\Microsoft.NET.Sdk.FrameworkReferenceResolution.targets(14,5): message :       
       C:\Program Files\dotnet\sdk\10.0.101\Sdks\Microsoft.NET.Sdk\targets\Microsoft.NET.Sdk.FrameworkReferenceResolution.targets(14,5): message :       ResolveProjectReferences;
       C:\Program Files\dotnet\sdk\10.0.101\Sdks\Microsoft.NET.Sdk\targets\Microsoft.NET.Sdk.FrameworkReferenceResolution.targets(14,5): message :       FindInvalidProjectReferences;
       C:\Program Files\dotnet\sdk\10.0.101\Sdks\Microsoft.NET.Sdk\targets\Microsoft.NET.Sdk.FrameworkReferenceResolution.targets(14,5): message :       GetFrameworkPaths;
       C:\Program Files\dotnet\sdk\10.0.101\Sdks\Microsoft.NET.Sdk\targets\Microsoft.NET.Sdk.FrameworkReferenceResolution.targets(14,5): message :       GetReferenceAssemblyPaths;
       C:\Program Files\dotnet\sdk\10.0.101\Sdks\Microsoft.NET.Sdk\targets\Microsoft.NET.Sdk.FrameworkReferenceResolution.targets(14,5): message :       PrepareForBuild;
       C:\Program Files\dotnet\sdk\10.0.101\Sdks\Microsoft.NET.Sdk\targets\Microsoft.NET.Sdk.FrameworkReferenceResolution.targets(14,5): message :       ResolveSDKReferences;
       C:\Program Files\dotnet\sdk\10.0.101\Sdks\Microsoft.NET.Sdk\targets\Microsoft.NET.Sdk.FrameworkReferenceResolution.targets(14,5): message :       ExpandSDKReferences;
       C:\Program Files\dotnet\sdk\10.0.101\Sdks\Microsoft.NET.Sdk\targets\Microsoft.NET.Sdk.FrameworkReferenceResolution.targets(14,5): message :     ;
       C:\Program Files\dotnet\sdk\10.0.101\Sdks\Microsoft.NET.Sdk\targets\Microsoft.NET.Sdk.FrameworkReferenceResolution.targets(14,5): message :       ResolvePackageDependenciesForBuild;
       C:\Program Files\dotnet\sdk\10.0.101\Sdks\Microsoft.NET.Sdk\targets\Microsoft.NET.Sdk.FrameworkReferenceResolution.targets(14,5): message :       _HandlePackageFileConflicts;
       C:\Program Files\dotnet\sdk\10.0.101\Sdks\Microsoft.NET.Sdk\targets\Microsoft.NET.Sdk.FrameworkReferenceResolution.targets(14,5): message :     ;
       C:\Program Files\dotnet\sdk\10.0.101\Sdks\Microsoft.NET.Sdk\targets\Microsoft.NET.Sdk.FrameworkReferenceResolution.targets(14,5): message :       ResolveTargetingPackAssets;
       C:\Program Files\dotnet\sdk\10.0.101\Sdks\Microsoft.NET.Sdk\targets\Microsoft.NET.Sdk.FrameworkReferenceResolution.targets(14,5): message :     " (valeur précédente : "
       C:\Program Files\dotnet\sdk\10.0.101\Sdks\Microsoft.NET.Sdk\targets\Microsoft.NET.Sdk.FrameworkReferenceResolution.targets(14,5): message :       
       C:\Program Files\dotnet\sdk\10.0.101\Sdks\Microsoft.NET.Sdk\targets\Microsoft.NET.Sdk.FrameworkReferenceResolution.targets(14,5): message :       ResolveProjectReferences;
       C:\Program Files\dotnet\sdk\10.0.101\Sdks\Microsoft.NET.Sdk\targets\Microsoft.NET.Sdk.FrameworkReferenceResolution.targets(14,5): message :       FindInvalidProjectReferences;
       C:\Program Files\dotnet\sdk\10.0.101\Sdks\Microsoft.NET.Sdk\targets\Microsoft.NET.Sdk.FrameworkReferenceResolution.targets(14,5): message :       GetFrameworkPaths;
       C:\Program Files\dotnet\sdk\10.0.101\Sdks\Microsoft.NET.Sdk\targets\Microsoft.NET.Sdk.FrameworkReferenceResolution.targets(14,5): message :       GetReferenceAssemblyPaths;
       C:\Program Files\dotnet\sdk\10.0.101\Sdks\Microsoft.NET.Sdk\targets\Microsoft.NET.Sdk.FrameworkReferenceResolution.targets(14,5): message :       PrepareForBuild;
       C:\Program Files\dotnet\sdk\10.0.101\Sdks\Microsoft.NET.Sdk\targets\Microsoft.NET.Sdk.FrameworkReferenceResolution.targets(14,5): message :       ResolveSDKReferences;
       C:\Program Files\dotnet\sdk\10.0.101\Sdks\Microsoft.NET.Sdk\targets\Microsoft.NET.Sdk.FrameworkReferenceResolution.targets(14,5): message :       ExpandSDKReferences;
       C:\Program Files\dotnet\sdk\10.0.101\Sdks\Microsoft.NET.Sdk\targets\Microsoft.NET.Sdk.FrameworkReferenceResolution.targets(14,5): message :     ;
       C:\Program Files\dotnet\sdk\10.0.101\Sdks\Microsoft.NET.Sdk\targets\Microsoft.NET.Sdk.FrameworkReferenceResolution.targets(14,5): message :       ResolvePackageDependenciesForBuild;
       C:\Program Files\dotnet\sdk\10.0.101\Sdks\Microsoft.NET.Sdk\targets\Microsoft.NET.Sdk.FrameworkReferenceResolution.targets(14,5): message :       _HandlePackageFileConflicts;
       C:\Program Files\dotnet\sdk\10.0.101\Sdks\Microsoft.NET.Sdk\targets\Microsoft.NET.Sdk.FrameworkReferenceResolution.targets(14,5): message :     ") à C:\Program Files\dotnet\sdk\10.0.101\Sdks\Microsoft.NET.Sdk\targets\Microsoft.NET.Sdk.FrameworkReferenceResolution.targets (14,5)
       C:\Program Files\dotnet\sdk\10.0.101\Sdks\Microsoft.NET.Sdk\targets\Microsoft.NET.Sdk.targets(44,5): message : Réassignation de propriété : $(_GenerateRuntimeConfigurationPropertyInputsCache)="C:\Users\Administrateur\Documents\DossierPartage\PROGRAMATION\SystemeCaisse\SystemeCaisse.Core\obj\Debug\net8.0\SystemeCaisse.Core.genruntimeconfig.cache" (valeur précédente : "obj\Debug\net8.0\SystemeCaisse.Core.genruntimeconfig.cache") à C:\Program Files\dotnet\sdk\10.0.101\Sdks\Microsoft.NET.Sdk\targets\Microsoft.NET.Sdk.targets (44,5)
       C:\Program Files\dotnet\sdk\10.0.101\Sdks\Microsoft.NET.Sdk\targets\Microsoft.NET.Sdk.targets(46,5): message : Réassignation de propriété : $(_GeneratePublishDependencyFilePropertyInputsCache)="C:\Users\Administrateur\Documents\DossierPartage\PROGRAMATION\SystemeCaisse\SystemeCaisse.Core\obj\Debug\net8.0\SystemeCaisse.Core.genpublishdeps.cache" (valeur précédente : "obj\Debug\net8.0\SystemeCaisse.Core.genpublishdeps.cache") à C:\Program Files\dotnet\sdk\10.0.101\Sdks\Microsoft.NET.Sdk\targets\Microsoft.NET.Sdk.targets (46,5)
       C:\Program Files\dotnet\sdk\10.0.101\Sdks\Microsoft.NET.Sdk\targets\Microsoft.NET.Sdk.targets(48,5): message : Réassignation de propriété : $(_GenerateSingleFileBundlePropertyInputsCache)="C:\Users\Administrateur\Documents\DossierPartage\PROGRAMATION\SystemeCaisse\SystemeCaisse.Core\obj\Debug\net8.0\SystemeCaisse.Core.genbundle.cache" (valeur précédente : "obj\Debug\net8.0\SystemeCaisse.Core.genbundle.cache") à C:\Program Files\dotnet\sdk\10.0.101\Sdks\Microsoft.NET.Sdk\targets\Microsoft.NET.Sdk.targets (48,5)
       C:\Program Files\dotnet\sdk\10.0.101\Sdks\Microsoft.NET.Sdk\targets\Microsoft.NET.Sdk.targets(81,5): message : Réassignation de propriété : $(GenerateRuntimeConfigDevFile)="false" (valeur précédente : "true") à C:\Program Files\dotnet\sdk\10.0.101\Sdks\Microsoft.NET.Sdk\targets\Microsoft.NET.Sdk.targets (81,5)
       C:\Program Files\dotnet\sdk\10.0.101\Sdks\Microsoft.NET.Sdk\targets\Microsoft.NET.Sdk.targets(98,5): message : Réassignation de propriété : $(_DefaultUserProfileRuntimeStorePath)="C:\Users\Administrateur" (valeur précédente : "") à C:\Program Files\dotnet\sdk\10.0.101\Sdks\Microsoft.NET.Sdk\targets\Microsoft.NET.Sdk.targets (98,5)
       C:\Program Files\dotnet\sdk\10.0.101\Sdks\Microsoft.NET.Sdk\targets\Microsoft.NET.Sdk.targets(99,5): message : Réassignation de propriété : $(_DefaultUserProfileRuntimeStorePath)="C:\Users\Administrateur\.dotnet\store" (valeur précédente : "C:\Users\Administrateur") à C:\Program Files\dotnet\sdk\10.0.101\Sdks\Microsoft.NET.Sdk\targets\Microsoft.NET.Sdk.targets (99,5)
       C:\Program Files\dotnet\sdk\10.0.101\Sdks\Microsoft.NET.Sdk\targets\Microsoft.NET.Sdk.targets(144,5): message : Réassignation de propriété : $(AvailablePlatforms)="Any CPU,x86,x64,ARM32" (valeur précédente : "Any CPU,x86,x64") à C:\Program Files\dotnet\sdk\10.0.101\Sdks\Microsoft.NET.Sdk\targets\Microsoft.NET.Sdk.targets (144,5)
       C:\Program Files\dotnet\sdk\10.0.101\Sdks\Microsoft.NET.Sdk\targets\Microsoft.NET.Sdk.targets(148,5): message : Réassignation de propriété : $(AvailablePlatforms)="Any CPU,x86,x64,ARM32,ARM64" (valeur précédente : "Any CPU,x86,x64,ARM32") à C:\Program Files\dotnet\sdk\10.0.101\Sdks\Microsoft.NET.Sdk\targets\Microsoft.NET.Sdk.targets (148,5)
       C:\Program Files\dotnet\sdk\10.0.101\Sdks\Microsoft.NET.Sdk\targets\Microsoft.NET.Sdk.targets(204,5): message : Réassignation de propriété : $(CoreBuildDependsOn)="
       C:\Program Files\dotnet\sdk\10.0.101\Sdks\Microsoft.NET.Sdk\targets\Microsoft.NET.Sdk.targets(204,5): message :       _CheckForBuildWithNoBuild;
       C:\Program Files\dotnet\sdk\10.0.101\Sdks\Microsoft.NET.Sdk\targets\Microsoft.NET.Sdk.targets(204,5): message :       
       C:\Program Files\dotnet\sdk\10.0.101\Sdks\Microsoft.NET.Sdk\targets\Microsoft.NET.Sdk.targets(204,5): message :       BuildOnlySettings;
       C:\Program Files\dotnet\sdk\10.0.101\Sdks\Microsoft.NET.Sdk\targets\Microsoft.NET.Sdk.targets(204,5): message :       PrepareForBuild;
       C:\Program Files\dotnet\sdk\10.0.101\Sdks\Microsoft.NET.Sdk\targets\Microsoft.NET.Sdk.targets(204,5): message :       PreBuildEvent;
       C:\Program Files\dotnet\sdk\10.0.101\Sdks\Microsoft.NET.Sdk\targets\Microsoft.NET.Sdk.targets(204,5): message :       ResolveReferences;
       C:\Program Files\dotnet\sdk\10.0.101\Sdks\Microsoft.NET.Sdk\targets\Microsoft.NET.Sdk.targets(204,5): message :       PrepareResources;
       C:\Program Files\dotnet\sdk\10.0.101\Sdks\Microsoft.NET.Sdk\targets\Microsoft.NET.Sdk.targets(204,5): message :       ResolveKeySource;
       C:\Program Files\dotnet\sdk\10.0.101\Sdks\Microsoft.NET.Sdk\targets\Microsoft.NET.Sdk.targets(204,5): message :       Compile;
       C:\Program Files\dotnet\sdk\10.0.101\Sdks\Microsoft.NET.Sdk\targets\Microsoft.NET.Sdk.targets(204,5): message :       ExportWindowsMDFile;
       C:\Program Files\dotnet\sdk\10.0.101\Sdks\Microsoft.NET.Sdk\targets\Microsoft.NET.Sdk.targets(204,5): message :       UnmanagedUnregistration;
       C:\Program Files\dotnet\sdk\10.0.101\Sdks\Microsoft.NET.Sdk\targets\Microsoft.NET.Sdk.targets(204,5): message :       GenerateSerializationAssemblies;
       C:\Program Files\dotnet\sdk\10.0.101\Sdks\Microsoft.NET.Sdk\targets\Microsoft.NET.Sdk.targets(204,5): message :       CreateSatelliteAssemblies;
       C:\Program Files\dotnet\sdk\10.0.101\Sdks\Microsoft.NET.Sdk\targets\Microsoft.NET.Sdk.targets(204,5): message :       GenerateManifests;
       C:\Program Files\dotnet\sdk\10.0.101\Sdks\Microsoft.NET.Sdk\targets\Microsoft.NET.Sdk.targets(204,5): message :       GetTargetPath;
       C:\Program Files\dotnet\sdk\10.0.101\Sdks\Microsoft.NET.Sdk\targets\Microsoft.NET.Sdk.targets(204,5): message :       PrepareForRun;
       C:\Program Files\dotnet\sdk\10.0.101\Sdks\Microsoft.NET.Sdk\targets\Microsoft.NET.Sdk.targets(204,5): message :       UnmanagedRegistration;
       C:\Program Files\dotnet\sdk\10.0.101\Sdks\Microsoft.NET.Sdk\targets\Microsoft.NET.Sdk.targets(204,5): message :       IncrementalClean;
       C:\Program Files\dotnet\sdk\10.0.101\Sdks\Microsoft.NET.Sdk\targets\Microsoft.NET.Sdk.targets(204,5): message :       PostBuildEvent
       C:\Program Files\dotnet\sdk\10.0.101\Sdks\Microsoft.NET.Sdk\targets\Microsoft.NET.Sdk.targets(204,5): message :     ;
       C:\Program Files\dotnet\sdk\10.0.101\Sdks\Microsoft.NET.Sdk\targets\Microsoft.NET.Sdk.targets(204,5): message :       GenerateBuildDependencyFile;
       C:\Program Files\dotnet\sdk\10.0.101\Sdks\Microsoft.NET.Sdk\targets\Microsoft.NET.Sdk.targets(204,5): message :       GenerateBuildRuntimeConfigurationFiles
       C:\Program Files\dotnet\sdk\10.0.101\Sdks\Microsoft.NET.Sdk\targets\Microsoft.NET.Sdk.targets(204,5): message :     " (valeur précédente : "
       C:\Program Files\dotnet\sdk\10.0.101\Sdks\Microsoft.NET.Sdk\targets\Microsoft.NET.Sdk.targets(204,5): message :       BuildOnlySettings;
       C:\Program Files\dotnet\sdk\10.0.101\Sdks\Microsoft.NET.Sdk\targets\Microsoft.NET.Sdk.targets(204,5): message :       PrepareForBuild;
       C:\Program Files\dotnet\sdk\10.0.101\Sdks\Microsoft.NET.Sdk\targets\Microsoft.NET.Sdk.targets(204,5): message :       PreBuildEvent;
       C:\Program Files\dotnet\sdk\10.0.101\Sdks\Microsoft.NET.Sdk\targets\Microsoft.NET.Sdk.targets(204,5): message :       ResolveReferences;
       C:\Program Files\dotnet\sdk\10.0.101\Sdks\Microsoft.NET.Sdk\targets\Microsoft.NET.Sdk.targets(204,5): message :       PrepareResources;
       C:\Program Files\dotnet\sdk\10.0.101\Sdks\Microsoft.NET.Sdk\targets\Microsoft.NET.Sdk.targets(204,5): message :       ResolveKeySource;
       C:\Program Files\dotnet\sdk\10.0.101\Sdks\Microsoft.NET.Sdk\targets\Microsoft.NET.Sdk.targets(204,5): message :       Compile;
       C:\Program Files\dotnet\sdk\10.0.101\Sdks\Microsoft.NET.Sdk\targets\Microsoft.NET.Sdk.targets(204,5): message :       ExportWindowsMDFile;
       C:\Program Files\dotnet\sdk\10.0.101\Sdks\Microsoft.NET.Sdk\targets\Microsoft.NET.Sdk.targets(204,5): message :       UnmanagedUnregistration;
       C:\Program Files\dotnet\sdk\10.0.101\Sdks\Microsoft.NET.Sdk\targets\Microsoft.NET.Sdk.targets(204,5): message :       GenerateSerializationAssemblies;
       C:\Program Files\dotnet\sdk\10.0.101\Sdks\Microsoft.NET.Sdk\targets\Microsoft.NET.Sdk.targets(204,5): message :       CreateSatelliteAssemblies;
       C:\Program Files\dotnet\sdk\10.0.101\Sdks\Microsoft.NET.Sdk\targets\Microsoft.NET.Sdk.targets(204,5): message :       GenerateManifests;
       C:\Program Files\dotnet\sdk\10.0.101\Sdks\Microsoft.NET.Sdk\targets\Microsoft.NET.Sdk.targets(204,5): message :       GetTargetPath;
       C:\Program Files\dotnet\sdk\10.0.101\Sdks\Microsoft.NET.Sdk\targets\Microsoft.NET.Sdk.targets(204,5): message :       PrepareForRun;
       C:\Program Files\dotnet\sdk\10.0.101\Sdks\Microsoft.NET.Sdk\targets\Microsoft.NET.Sdk.targets(204,5): message :       UnmanagedRegistration;
       C:\Program Files\dotnet\sdk\10.0.101\Sdks\Microsoft.NET.Sdk\targets\Microsoft.NET.Sdk.targets(204,5): message :       IncrementalClean;
       C:\Program Files\dotnet\sdk\10.0.101\Sdks\Microsoft.NET.Sdk\targets\Microsoft.NET.Sdk.targets(204,5): message :       PostBuildEvent
       C:\Program Files\dotnet\sdk\10.0.101\Sdks\Microsoft.NET.Sdk\targets\Microsoft.NET.Sdk.targets(204,5): message :     ") à C:\Program Files\dotnet\sdk\10.0.101\Sdks\Microsoft.NET.Sdk\targets\Microsoft.NET.Sdk.targets (204,5)
       C:\Program Files\dotnet\sdk\10.0.101\Sdks\Microsoft.NET.Sdk\targets\Microsoft.NET.Sdk.targets(213,5): message : Réassignation de propriété : $(CoreCleanDependsOn)="
       C:\Program Files\dotnet\sdk\10.0.101\Sdks\Microsoft.NET.Sdk\targets\Microsoft.NET.Sdk.targets(213,5): message :       _SdkBeforeClean;
       C:\Program Files\dotnet\sdk\10.0.101\Sdks\Microsoft.NET.Sdk\targets\Microsoft.NET.Sdk.targets(213,5): message :       
       C:\Program Files\dotnet\sdk\10.0.101\Sdks\Microsoft.NET.Sdk\targets\Microsoft.NET.Sdk.targets(213,5): message :     " (valeur précédente : "") à C:\Program Files\dotnet\sdk\10.0.101\Sdks\Microsoft.NET.Sdk\targets\Microsoft.NET.Sdk.targets (213,5)
       C:\Program Files\dotnet\sdk\10.0.101\Sdks\Microsoft.NET.Sdk\targets\Microsoft.NET.Sdk.targets(220,5): message : Réassignation de propriété : $(RebuildDependsOn)="
       C:\Program Files\dotnet\sdk\10.0.101\Sdks\Microsoft.NET.Sdk\targets\Microsoft.NET.Sdk.targets(220,5): message :       _SdkBeforeRebuild;
       C:\Program Files\dotnet\sdk\10.0.101\Sdks\Microsoft.NET.Sdk\targets\Microsoft.NET.Sdk.targets(220,5): message :       
       C:\Program Files\dotnet\sdk\10.0.101\Sdks\Microsoft.NET.Sdk\targets\Microsoft.NET.Sdk.targets(220,5): message :       BeforeRebuild;
       C:\Program Files\dotnet\sdk\10.0.101\Sdks\Microsoft.NET.Sdk\targets\Microsoft.NET.Sdk.targets(220,5): message :       Clean;
       C:\Program Files\dotnet\sdk\10.0.101\Sdks\Microsoft.NET.Sdk\targets\Microsoft.NET.Sdk.targets(220,5): message :       Build;
       C:\Program Files\dotnet\sdk\10.0.101\Sdks\Microsoft.NET.Sdk\targets\Microsoft.NET.Sdk.targets(220,5): message :       AfterRebuild;
       C:\Program Files\dotnet\sdk\10.0.101\Sdks\Microsoft.NET.Sdk\targets\Microsoft.NET.Sdk.targets(220,5): message :     
       C:\Program Files\dotnet\sdk\10.0.101\Sdks\Microsoft.NET.Sdk\targets\Microsoft.NET.Sdk.targets(220,5): message :     " (valeur précédente : "
       C:\Program Files\dotnet\sdk\10.0.101\Sdks\Microsoft.NET.Sdk\targets\Microsoft.NET.Sdk.targets(220,5): message :       BeforeRebuild;
       C:\Program Files\dotnet\sdk\10.0.101\Sdks\Microsoft.NET.Sdk\targets\Microsoft.NET.Sdk.targets(220,5): message :       Clean;
       C:\Program Files\dotnet\sdk\10.0.101\Sdks\Microsoft.NET.Sdk\targets\Microsoft.NET.Sdk.targets(220,5): message :       Build;
       C:\Program Files\dotnet\sdk\10.0.101\Sdks\Microsoft.NET.Sdk\targets\Microsoft.NET.Sdk.targets(220,5): message :       AfterRebuild;
       C:\Program Files\dotnet\sdk\10.0.101\Sdks\Microsoft.NET.Sdk\targets\Microsoft.NET.Sdk.targets(220,5): message :     ") à C:\Program Files\dotnet\sdk\10.0.101\Sdks\Microsoft.NET.Sdk\targets\Microsoft.NET.Sdk.targets (220,5)
       C:\Program Files\dotnet\sdk\10.0.101\Sdks\Microsoft.NET.Sdk\targets\Microsoft.NET.Sdk.targets(799,5): message : Réassignation de propriété : $(CompileDependsOn)="
       C:\Program Files\dotnet\sdk\10.0.101\Sdks\Microsoft.NET.Sdk\targets\Microsoft.NET.Sdk.targets(799,5): message :       
       C:\Program Files\dotnet\sdk\10.0.101\Sdks\Microsoft.NET.Sdk\targets\Microsoft.NET.Sdk.targets(799,5): message :       ResolveReferences;
       C:\Program Files\dotnet\sdk\10.0.101\Sdks\Microsoft.NET.Sdk\targets\Microsoft.NET.Sdk.targets(799,5): message :       ResolveKeySource;
       C:\Program Files\dotnet\sdk\10.0.101\Sdks\Microsoft.NET.Sdk\targets\Microsoft.NET.Sdk.targets(799,5): message :       SetWin32ManifestProperties;
       C:\Program Files\dotnet\sdk\10.0.101\Sdks\Microsoft.NET.Sdk\targets\Microsoft.NET.Sdk.targets(799,5): message :       _SetPreferNativeArm64Win32ManifestProperties;
       C:\Program Files\dotnet\sdk\10.0.101\Sdks\Microsoft.NET.Sdk\targets\Microsoft.NET.Sdk.targets(799,5): message :       FindReferenceAssembliesForReferences;
       C:\Program Files\dotnet\sdk\10.0.101\Sdks\Microsoft.NET.Sdk\targets\Microsoft.NET.Sdk.targets(799,5): message :       _GenerateCompileInputs;
       C:\Program Files\dotnet\sdk\10.0.101\Sdks\Microsoft.NET.Sdk\targets\Microsoft.NET.Sdk.targets(799,5): message :       BeforeCompile;
       C:\Program Files\dotnet\sdk\10.0.101\Sdks\Microsoft.NET.Sdk\targets\Microsoft.NET.Sdk.targets(799,5): message :       _TimeStampBeforeCompile;
       C:\Program Files\dotnet\sdk\10.0.101\Sdks\Microsoft.NET.Sdk\targets\Microsoft.NET.Sdk.targets(799,5): message :       _GenerateCompileDependencyCache;
       C:\Program Files\dotnet\sdk\10.0.101\Sdks\Microsoft.NET.Sdk\targets\Microsoft.NET.Sdk.targets(799,5): message :       CoreCompile;
       C:\Program Files\dotnet\sdk\10.0.101\Sdks\Microsoft.NET.Sdk\targets\Microsoft.NET.Sdk.targets(799,5): message :       _TimeStampAfterCompile;
       C:\Program Files\dotnet\sdk\10.0.101\Sdks\Microsoft.NET.Sdk\targets\Microsoft.NET.Sdk.targets(799,5): message :       AfterCompile;
       C:\Program Files\dotnet\sdk\10.0.101\Sdks\Microsoft.NET.Sdk\targets\Microsoft.NET.Sdk.targets(799,5): message :     ;
       C:\Program Files\dotnet\sdk\10.0.101\Sdks\Microsoft.NET.Sdk\targets\Microsoft.NET.Sdk.targets(799,5): message :       _CreateAppHost;
       C:\Program Files\dotnet\sdk\10.0.101\Sdks\Microsoft.NET.Sdk\targets\Microsoft.NET.Sdk.targets(799,5): message :       _CreateComHost;
       C:\Program Files\dotnet\sdk\10.0.101\Sdks\Microsoft.NET.Sdk\targets\Microsoft.NET.Sdk.targets(799,5): message :       _GetIjwHostPaths;
       C:\Program Files\dotnet\sdk\10.0.101\Sdks\Microsoft.NET.Sdk\targets\Microsoft.NET.Sdk.targets(799,5): message :     " (valeur précédente : "
       C:\Program Files\dotnet\sdk\10.0.101\Sdks\Microsoft.NET.Sdk\targets\Microsoft.NET.Sdk.targets(799,5): message :       ResolveReferences;
       C:\Program Files\dotnet\sdk\10.0.101\Sdks\Microsoft.NET.Sdk\targets\Microsoft.NET.Sdk.targets(799,5): message :       ResolveKeySource;
       C:\Program Files\dotnet\sdk\10.0.101\Sdks\Microsoft.NET.Sdk\targets\Microsoft.NET.Sdk.targets(799,5): message :       SetWin32ManifestProperties;
       C:\Program Files\dotnet\sdk\10.0.101\Sdks\Microsoft.NET.Sdk\targets\Microsoft.NET.Sdk.targets(799,5): message :       _SetPreferNativeArm64Win32ManifestProperties;
       C:\Program Files\dotnet\sdk\10.0.101\Sdks\Microsoft.NET.Sdk\targets\Microsoft.NET.Sdk.targets(799,5): message :       FindReferenceAssembliesForReferences;
       C:\Program Files\dotnet\sdk\10.0.101\Sdks\Microsoft.NET.Sdk\targets\Microsoft.NET.Sdk.targets(799,5): message :       _GenerateCompileInputs;
       C:\Program Files\dotnet\sdk\10.0.101\Sdks\Microsoft.NET.Sdk\targets\Microsoft.NET.Sdk.targets(799,5): message :       BeforeCompile;
       C:\Program Files\dotnet\sdk\10.0.101\Sdks\Microsoft.NET.Sdk\targets\Microsoft.NET.Sdk.targets(799,5): message :       _TimeStampBeforeCompile;
       C:\Program Files\dotnet\sdk\10.0.101\Sdks\Microsoft.NET.Sdk\targets\Microsoft.NET.Sdk.targets(799,5): message :       _GenerateCompileDependencyCache;
       C:\Program Files\dotnet\sdk\10.0.101\Sdks\Microsoft.NET.Sdk\targets\Microsoft.NET.Sdk.targets(799,5): message :       CoreCompile;
       C:\Program Files\dotnet\sdk\10.0.101\Sdks\Microsoft.NET.Sdk\targets\Microsoft.NET.Sdk.targets(799,5): message :       _TimeStampAfterCompile;
       C:\Program Files\dotnet\sdk\10.0.101\Sdks\Microsoft.NET.Sdk\targets\Microsoft.NET.Sdk.targets(799,5): message :       AfterCompile;
       C:\Program Files\dotnet\sdk\10.0.101\Sdks\Microsoft.NET.Sdk\targets\Microsoft.NET.Sdk.targets(799,5): message :     ") à C:\Program Files\dotnet\sdk\10.0.101\Sdks\Microsoft.NET.Sdk\targets\Microsoft.NET.Sdk.targets (799,5)
       C:\Program Files\dotnet\sdk\10.0.101\Sdks\Microsoft.NET.Sdk\targets\Microsoft.NET.Sdk.targets(1131,5): message : Réassignation de propriété : $(CreateSatelliteAssembliesDependsOn)="
       C:\Program Files\dotnet\sdk\10.0.101\Sdks\Microsoft.NET.Sdk\targets\Microsoft.NET.Sdk.targets(1131,5): message :       
       C:\Program Files\dotnet\sdk\10.0.101\Sdks\Microsoft.NET.Sdk\targets\Microsoft.NET.Sdk.targets(1131,5): message :       ;
       C:\Program Files\dotnet\sdk\10.0.101\Sdks\Microsoft.NET.Sdk\targets\Microsoft.NET.Sdk.targets(1131,5): message :       _GenerateSatelliteAssemblyInputs;
       C:\Program Files\dotnet\sdk\10.0.101\Sdks\Microsoft.NET.Sdk\targets\Microsoft.NET.Sdk.targets(1131,5): message :       ComputeIntermediateSatelliteAssemblies;
       C:\Program Files\dotnet\sdk\10.0.101\Sdks\Microsoft.NET.Sdk\targets\Microsoft.NET.Sdk.targets(1131,5): message :       GenerateSatelliteAssemblies
       C:\Program Files\dotnet\sdk\10.0.101\Sdks\Microsoft.NET.Sdk\targets\Microsoft.NET.Sdk.targets(1131,5): message :     ;
       C:\Program Files\dotnet\sdk\10.0.101\Sdks\Microsoft.NET.Sdk\targets\Microsoft.NET.Sdk.targets(1131,5): message :       CoreGenerateSatelliteAssemblies
       C:\Program Files\dotnet\sdk\10.0.101\Sdks\Microsoft.NET.Sdk\targets\Microsoft.NET.Sdk.targets(1131,5): message :     " (valeur précédente : "
       C:\Program Files\dotnet\sdk\10.0.101\Sdks\Microsoft.NET.Sdk\targets\Microsoft.NET.Sdk.targets(1131,5): message :       ;
       C:\Program Files\dotnet\sdk\10.0.101\Sdks\Microsoft.NET.Sdk\targets\Microsoft.NET.Sdk.targets(1131,5): message :       _GenerateSatelliteAssemblyInputs;
       C:\Program Files\dotnet\sdk\10.0.101\Sdks\Microsoft.NET.Sdk\targets\Microsoft.NET.Sdk.targets(1131,5): message :       ComputeIntermediateSatelliteAssemblies;
       C:\Program Files\dotnet\sdk\10.0.101\Sdks\Microsoft.NET.Sdk\targets\Microsoft.NET.Sdk.targets(1131,5): message :       GenerateSatelliteAssemblies
       C:\Program Files\dotnet\sdk\10.0.101\Sdks\Microsoft.NET.Sdk\targets\Microsoft.NET.Sdk.targets(1131,5): message :     ") à C:\Program Files\dotnet\sdk\10.0.101\Sdks\Microsoft.NET.Sdk\targets\Microsoft.NET.Sdk.targets (1131,5)
       C:\Program Files\dotnet\sdk\10.0.101\Sdks\Microsoft.SourceLink.GitLab\build\Microsoft.SourceLink.GitLab.targets(12,5): message : Réassignation de propriété : $(SourceLinkUrlInitializerTargets)=";_InitializeGitHubSourceLinkUrl;_InitializeGitLabSourceLinkUrl" (valeur précédente : ";_InitializeGitHubSourceLinkUrl") à C:\Program Files\dotnet\sdk\10.0.101\Sdks\Microsoft.SourceLink.GitLab\build\Microsoft.SourceLink.GitLab.targets (12,5)
       C:\Program Files\dotnet\sdk\10.0.101\Sdks\Microsoft.SourceLink.GitLab\build\Microsoft.SourceLink.GitLab.targets(13,5): message : Réassignation de propriété : $(SourceControlManagerUrlTranslationTargets)=";TranslateGitHubUrlsInSourceControlInformation;TranslateGitLabUrlsInSourceControlInformation" (valeur précédente : ";TranslateGitHubUrlsInSourceControlInformation") à C:\Program Files\dotnet\sdk\10.0.101\Sdks\Microsoft.SourceLink.GitLab\build\Microsoft.SourceLink.GitLab.targets (13,5)
       C:\Program Files\dotnet\sdk\10.0.101\Sdks\Microsoft.SourceLink.AzureRepos.Git\build\Microsoft.SourceLink.AzureRepos.Git.targets(12,5): message : Réassignation de propriété : $(SourceLinkUrlInitializerTargets)=";_InitializeGitHubSourceLinkUrl;_InitializeGitLabSourceLinkUrl;_InitializeAzureReposGitSourceLinkUrl" (valeur précédente : ";_InitializeGitHubSourceLinkUrl;_InitializeGitLabSourceLinkUrl") à C:\Program Files\dotnet\sdk\10.0.101\Sdks\Microsoft.SourceLink.AzureRepos.Git\build\Microsoft.SourceLink.AzureRepos.Git.targets (12,5)
       C:\Program Files\dotnet\sdk\10.0.101\Sdks\Microsoft.SourceLink.AzureRepos.Git\build\Microsoft.SourceLink.AzureRepos.Git.targets(13,5): message : Réassignation de propriété : $(SourceControlManagerUrlTranslationTargets)=";TranslateGitHubUrlsInSourceControlInformation;TranslateGitLabUrlsInSourceControlInformation;TranslateAzureReposGitUrlsInSourceControlInformation" (valeur précédente : ";TranslateGitHubUrlsInSourceControlInformation;TranslateGitLabUrlsInSourceControlInformation") à C:\Program Files\dotnet\sdk\10.0.101\Sdks\Microsoft.SourceLink.AzureRepos.Git\build\Microsoft.SourceLink.AzureRepos.Git.targets (13,5)
       C:\Program Files\dotnet\sdk\10.0.101\Sdks\Microsoft.SourceLink.Bitbucket.Git\build\Microsoft.SourceLink.Bitbucket.Git.targets(12,5): message : Réassignation de propriété : $(SourceLinkUrlInitializerTargets)=";_InitializeGitHubSourceLinkUrl;_InitializeGitLabSourceLinkUrl;_InitializeAzureReposGitSourceLinkUrl;_InitializeBitbucketGitSourceLinkUrl" (valeur précédente : ";_InitializeGitHubSourceLinkUrl;_InitializeGitLabSourceLinkUrl;_InitializeAzureReposGitSourceLinkUrl") à C:\Program Files\dotnet\sdk\10.0.101\Sdks\Microsoft.SourceLink.Bitbucket.Git\build\Microsoft.SourceLink.Bitbucket.Git.targets (12,5)
       C:\Program Files\dotnet\sdk\10.0.101\Sdks\Microsoft.SourceLink.Bitbucket.Git\build\Microsoft.SourceLink.Bitbucket.Git.targets(13,5): message : Réassignation de propriété : $(SourceControlManagerUrlTranslationTargets)=";TranslateGitHubUrlsInSourceControlInformation;TranslateGitLabUrlsInSourceControlInformation;TranslateAzureReposGitUrlsInSourceControlInformation;TranslateBitbucketGitUrlsInSourceControlInformation" (valeur précédente : ";TranslateGitHubUrlsInSourceControlInformation;TranslateGitLabUrlsInSourceControlInformation;TranslateAzureReposGitUrlsInSourceControlInformation") à C:\Program Files\dotnet\sdk\10.0.101\Sdks\Microsoft.SourceLink.Bitbucket.Git\build\Microsoft.SourceLink.Bitbucket.Git.targets (13,5)
       C:\Program Files\dotnet\sdk\10.0.101\Sdks\Microsoft.NET.Sdk\targets\Microsoft.NET.DesignerSupport.targets(21,5): message : Réassignation de propriété : $(DesignerRuntimeImplementationProjectOutputGroupDependsOn)="
       C:\Program Files\dotnet\sdk\10.0.101\Sdks\Microsoft.NET.Sdk\targets\Microsoft.NET.DesignerSupport.targets(21,5): message :       
       C:\Program Files\dotnet\sdk\10.0.101\Sdks\Microsoft.NET.Sdk\targets\Microsoft.NET.DesignerSupport.targets(21,5): message :       ;
       C:\Program Files\dotnet\sdk\10.0.101\Sdks\Microsoft.NET.Sdk\targets\Microsoft.NET.DesignerSupport.targets(21,5): message :       
       C:\Program Files\dotnet\sdk\10.0.101\Sdks\Microsoft.NET.Sdk\targets\Microsoft.NET.DesignerSupport.targets(21,5): message :       ;
       C:\Program Files\dotnet\sdk\10.0.101\Sdks\Microsoft.NET.Sdk\targets\Microsoft.NET.DesignerSupport.targets(21,5): message :       BuildOnlySettings;
       C:\Program Files\dotnet\sdk\10.0.101\Sdks\Microsoft.NET.Sdk\targets\Microsoft.NET.DesignerSupport.targets(21,5): message :       PrepareForBuild;
       C:\Program Files\dotnet\sdk\10.0.101\Sdks\Microsoft.NET.Sdk\targets\Microsoft.NET.DesignerSupport.targets(21,5): message :       AssignTargetPaths;
       C:\Program Files\dotnet\sdk\10.0.101\Sdks\Microsoft.NET.Sdk\targets\Microsoft.NET.DesignerSupport.targets(21,5): message :       ResolveReferences
       C:\Program Files\dotnet\sdk\10.0.101\Sdks\Microsoft.NET.Sdk\targets\Microsoft.NET.DesignerSupport.targets(21,5): message :     
       C:\Program Files\dotnet\sdk\10.0.101\Sdks\Microsoft.NET.Sdk\targets\Microsoft.NET.DesignerSupport.targets(21,5): message :     ;
       C:\Program Files\dotnet\sdk\10.0.101\Sdks\Microsoft.NET.Sdk\targets\Microsoft.NET.DesignerSupport.targets(21,5): message :       _GenerateDesignerDepsFile;
       C:\Program Files\dotnet\sdk\10.0.101\Sdks\Microsoft.NET.Sdk\targets\Microsoft.NET.DesignerSupport.targets(21,5): message :       _GenerateDesignerRuntimeConfigFile;
       C:\Program Files\dotnet\sdk\10.0.101\Sdks\Microsoft.NET.Sdk\targets\Microsoft.NET.DesignerSupport.targets(21,5): message :       GetCopyToOutputDirectoryItems;
       C:\Program Files\dotnet\sdk\10.0.101\Sdks\Microsoft.NET.Sdk\targets\Microsoft.NET.DesignerSupport.targets(21,5): message :       _GatherDesignerShadowCopyFiles;
       C:\Program Files\dotnet\sdk\10.0.101\Sdks\Microsoft.NET.Sdk\targets\Microsoft.NET.DesignerSupport.targets(21,5): message :     " (valeur précédente : "
       C:\Program Files\dotnet\sdk\10.0.101\Sdks\Microsoft.NET.Sdk\targets\Microsoft.NET.DesignerSupport.targets(21,5): message :       ;
       C:\Program Files\dotnet\sdk\10.0.101\Sdks\Microsoft.NET.Sdk\targets\Microsoft.NET.DesignerSupport.targets(21,5): message :       
       C:\Program Files\dotnet\sdk\10.0.101\Sdks\Microsoft.NET.Sdk\targets\Microsoft.NET.DesignerSupport.targets(21,5): message :       ;
       C:\Program Files\dotnet\sdk\10.0.101\Sdks\Microsoft.NET.Sdk\targets\Microsoft.NET.DesignerSupport.targets(21,5): message :       BuildOnlySettings;
       C:\Program Files\dotnet\sdk\10.0.101\Sdks\Microsoft.NET.Sdk\targets\Microsoft.NET.DesignerSupport.targets(21,5): message :       PrepareForBuild;
       C:\Program Files\dotnet\sdk\10.0.101\Sdks\Microsoft.NET.Sdk\targets\Microsoft.NET.DesignerSupport.targets(21,5): message :       AssignTargetPaths;
       C:\Program Files\dotnet\sdk\10.0.101\Sdks\Microsoft.NET.Sdk\targets\Microsoft.NET.DesignerSupport.targets(21,5): message :       ResolveReferences
       C:\Program Files\dotnet\sdk\10.0.101\Sdks\Microsoft.NET.Sdk\targets\Microsoft.NET.DesignerSupport.targets(21,5): message :     
       C:\Program Files\dotnet\sdk\10.0.101\Sdks\Microsoft.NET.Sdk\targets\Microsoft.NET.DesignerSupport.targets(21,5): message :     ") à C:\Program Files\dotnet\sdk\10.0.101\Sdks\Microsoft.NET.Sdk\targets\Microsoft.NET.DesignerSupport.targets (21,5)
       C:\Program Files\dotnet\sdk\10.0.101\Sdks\Microsoft.NET.Sdk\targets\Microsoft.NET.Sdk.CSharp.targets(31,5): message : Réassignation de propriété : $(DefineConstants)="TRACE;DEBUG" (valeur précédente : "TRACE") à C:\Program Files\dotnet\sdk\10.0.101\Sdks\Microsoft.NET.Sdk\targets\Microsoft.NET.Sdk.CSharp.targets (31,5)
       C:\Program Files\dotnet\sdk\10.0.101\Sdks\Microsoft.NET.Sdk\targets\Microsoft.NET.Sdk.CSharp.targets(45,5): message : Réassignation de propriété : $(WarningsAsErrors)=";NU1605;SYSLIB0011" (valeur précédente : ";NU1605") à C:\Program Files\dotnet\sdk\10.0.101\Sdks\Microsoft.NET.Sdk\targets\Microsoft.NET.Sdk.CSharp.targets (45,5)
       C:\Program Files\dotnet\sdk\10.0.101\NuGet.Build.Tasks.Pack.targets(34,5): message : Réassignation de propriété : $(PackageDescription)="Package Description" (valeur précédente : "") à C:\Program Files\dotnet\sdk\10.0.101\NuGet.Build.Tasks.Pack.targets (34,5)
       C:\Program Files\dotnet\sdk\10.0.101\NuGet.Build.Tasks.Pack.targets(59,5): message : Réassignation de propriété : $(GenerateNuspecDependsOn)="Build;_LoadPackInputItems; _GetTargetFrameworksOutput; _WalkEachTargetPerFramework; _GetPackageFiles; " (valeur précédente : "_LoadPackInputItems; _GetTargetFrameworksOutput; _WalkEachTargetPerFramework; _GetPackageFiles; ") à C:\Program Files\dotnet\sdk\10.0.101\NuGet.Build.Tasks.Pack.targets (59,5)
       C:\Program Files\dotnet\sdk\10.0.101\Sdks\Microsoft.NET.Sdk\Sdk\Sdk.targets(59,5): message : Réassignation de propriété : $(_IsNotSetContainersTargetsDir)="true" (valeur précédente : "false") à C:\Program Files\dotnet\sdk\10.0.101\Sdks\Microsoft.NET.Sdk\Sdk\Sdk.targets (59,5)
       C:\Program Files\dotnet\sdk\10.0.101\Containers\build\Microsoft.NET.Build.Containers.targets(5,5): message : Réassignation de propriété : $(_IsSDKContainerAllowedVersion)="true" (valeur précédente : "false") à C:\Program Files\dotnet\sdk\10.0.101\Containers\build\Microsoft.NET.Build.Containers.targets (5,5)
       C:\Program Files\dotnet\sdk\10.0.101\Containers\build\Microsoft.NET.Build.Containers.targets(15,5): message : Réassignation de propriété : $(_ContainerIsTargetingNet8TFM)="true" (valeur précédente : "false") à C:\Program Files\dotnet\sdk\10.0.101\Containers\build\Microsoft.NET.Build.Containers.targets (15,5)
       Remplacement de la cible "ResolveFrameworkReferences" du projet "C:\Program Files\dotnet\sdk\10.0.101\Microsoft.Common.CurrentVersion.targets" par la cible "ResolveFrameworkReferences" du projet "C:\Program Files\dotnet\sdk\10.0.101\Sdks\Microsoft.NET.Sdk\targets\Microsoft.NET.Sdk.FrameworkReferenceResolution.targets".
       Remplacement de la cible "GenerateSupportedTargetFrameworkAlias" du projet "C:\Program Files\dotnet\sdk\10.0.101\Microsoft.Common.CurrentVersion.targets" par la cible "GenerateSupportedTargetFrameworkAlias" du projet "C:\Program Files\dotnet\sdk\10.0.101\Sdks\Microsoft.NET.Sdk\targets\Microsoft.NET.Sdk.targets".
       Remplacement de la cible "GetReferenceAssemblyPaths" du projet "C:\Program Files\dotnet\sdk\10.0.101\Microsoft.Common.CurrentVersion.targets" par la cible "GetReferenceAssemblyPaths" du projet "C:\Program Files\dotnet\sdk\10.0.101\Sdks\Microsoft.NET.Sdk\targets\Microsoft.NET.DisableStandardFrameworkResolution.targets".
       Remplacement de la cible "GetFrameworkPaths" du projet "C:\Program Files\dotnet\sdk\10.0.101\Microsoft.Common.CurrentVersion.targets" par la cible "GetFrameworkPaths" du projet "C:\Program Files\dotnet\sdk\10.0.101\Sdks\Microsoft.NET.Sdk\targets\Microsoft.NET.DisableStandardFrameworkResolution.targets".
       Remplacement de la cible "DesignerRuntimeImplementationProjectOutputGroup" du projet "C:\Program Files\dotnet\sdk\10.0.101\Microsoft.Common.CurrentVersion.targets" par la cible "DesignerRuntimeImplementationProjectOutputGroup" du projet "C:\Program Files\dotnet\sdk\10.0.101\Sdks\Microsoft.NET.Sdk\targets\Microsoft.NET.DesignerSupport.targets".
       Remplacement de la cible "Publish" du projet "C:\Program Files\dotnet\sdk\10.0.101\Microsoft.Common.CurrentVersion.targets" par la cible "Publish" du projet "C:\Program Files\dotnet\sdk\10.0.101\Sdks\Microsoft.NET.Sdk\targets\Microsoft.NET.Publish.targets".
       Remplacement de la cible "ResolveReadyToRunCompilers" du projet "C:\Program Files\dotnet\sdk\10.0.101\Sdks\Microsoft.NET.Sdk\targets\Microsoft.NET.CrossGen.targets" par la cible "ResolveReadyToRunCompilers" du projet "C:\Program Files\dotnet\sdk\10.0.101\Sdks\Microsoft.NET.Sdk\targets\Microsoft.NET.Publish.targets".
       Remplacement de la cible "GetCopyToPublishDirectoryItems" du projet "C:\Program Files\dotnet\sdk\10.0.101\Microsoft.Common.CurrentVersion.targets" par la cible "GetCopyToPublishDirectoryItems" du projet "C:\Program Files\dotnet\sdk\10.0.101\Sdks\Microsoft.NET.Sdk\targets\Microsoft.NET.Publish.targets".
       Remplacement de la cible "Run" du projet "C:\Program Files\dotnet\sdk\10.0.101\Microsoft.Common.CurrentVersion.targets" par la cible "Run" du projet "C:\Program Files\dotnet\sdk\10.0.101\Sdks\Microsoft.NET.Sdk\targets\Microsoft.NET.Sdk.targets".
   1:7>Le projet "C:\Users\Administrateur\Documents\DossierPartage\PROGRAMATION\SystemeCaisse\SystemeCaisse.Infrastructure\SystemeCaisse.Infrastructure.csproj" (1:7) génère "C:\Users\Administrateur\Documents\DossierPartage\PROGRAMATION\SystemeCaisse\SystemeCaisse.Core\SystemeCaisse.Core.csproj" (2:5) sur le nœud 1 (GetTargetFrameworks cible(s)).
   2:5>Cible "_CalculateIsVSTestTestProject" dans le fichier "C:\Program Files\dotnet\sdk\10.0.101\Sdks\Microsoft.NET.Sdk\targets\Microsoft.NET.Sdk.targets" du projet "C:\Users\Administrateur\Documents\DossierPartage\PROGRAMATION\SystemeCaisse\SystemeCaisse.Core\SystemeCaisse.Core.csproj" (la cible "GetTargetFrameworksWithPlatformForSingleTargetFramework" en dépend) :
   2:5>Génération de la cible "_CalculateIsVSTestTestProject" terminée dans le projet "SystemeCaisse.Core.csproj".
   2:5>Cible "GetTargetFrameworksWithPlatformForSingleTargetFramework" dans le fichier "C:\Program Files\dotnet\sdk\10.0.101\Microsoft.Common.CurrentVersion.targets" du projet "C:\Users\Administrateur\Documents\DossierPartage\PROGRAMATION\SystemeCaisse\SystemeCaisse.Core\SystemeCaisse.Core.csproj" (la cible "GetTargetFrameworks" en dépend) :
       Utilisation de la tâche "CombineTargetFrameworkInfoProperties" à partir de l'assembly "Microsoft.Build.Tasks.Core, Version=15.1.0.0, Culture=neutral, PublicKeyToken=b03f5f7f11d50a3a".
       Tâche "CombineTargetFrameworkInfoProperties"
       Exécution de la tâche "CombineTargetFrameworkInfoProperties" terminée.
   2:5>Génération de la cible "GetTargetFrameworksWithPlatformForSingleTargetFramework" terminée dans le projet "SystemeCaisse.Core.csproj".
   2:5>Cible "GetTargetFrameworks" dans le fichier "C:\Program Files\dotnet\sdk\10.0.101\Microsoft.Common.CurrentVersion.targets" du projet "C:\Users\Administrateur\Documents\DossierPartage\PROGRAMATION\SystemeCaisse\SystemeCaisse.Core\SystemeCaisse.Core.csproj" (point d'entrée) :
       Utilisation de la tâche "CombineXmlElements" à partir de l'assembly "Microsoft.Build.Tasks.Core, Version=15.1.0.0, Culture=neutral, PublicKeyToken=b03f5f7f11d50a3a".
       Tâche "CombineXmlElements"
       Exécution de la tâche "CombineXmlElements" terminée.
   2:5>Génération de la cible "GetTargetFrameworks" terminée dans le projet "SystemeCaisse.Core.csproj".
   2:5>Génération du projet "C:\Users\Administrateur\Documents\DossierPartage\PROGRAMATION\SystemeCaisse\SystemeCaisse.Core\SystemeCaisse.Core.csproj" terminée (GetTargetFrameworks cible(s)).
   1:7>Exécution de la tâche "MSBuild" terminée.
       Utilisation de la tâche "GetReferenceNearestTargetFrameworkTask" à partir de l'assembly "C:\Program Files\dotnet\sdk\10.0.101\NuGet.Build.Tasks.dll".
       Tâche "GetReferenceNearestTargetFrameworkTask"
       Exécution de la tâche "GetReferenceNearestTargetFrameworkTask" terminée.
       Utilisation de la tâche "SetRidAgnosticValueForProjects" à partir de l'assembly "Microsoft.Build.Tasks.Core, Version=15.1.0.0, Culture=neutral, PublicKeyToken=b03f5f7f11d50a3a".
       Tâche "SetRidAgnosticValueForProjects"
       Exécution de la tâche "SetRidAgnosticValueForProjects" terminée.
   1:7>Génération de la cible "_GetProjectReferenceTargetFrameworkProperties" terminée dans le projet "SystemeCaisse.Infrastructure.csproj".
   1:7>Cible "_CalculateIsVSTestTestProject" dans le fichier "C:\Program Files\dotnet\sdk\10.0.101\Sdks\Microsoft.NET.Sdk\targets\Microsoft.NET.Sdk.targets" du projet "C:\Users\Administrateur\Documents\DossierPartage\PROGRAMATION\SystemeCaisse\SystemeCaisse.Infrastructure\SystemeCaisse.Infrastructure.csproj" (la cible "ValidateExecutableReferences" en dépend) :
   1:7>Génération de la cible "_CalculateIsVSTestTestProject" terminée dans le projet "SystemeCaisse.Infrastructure.csproj".
   1:7>Cible "ValidateExecutableReferences" dans le fichier "C:\Program Files\dotnet\sdk\10.0.101\Sdks\Microsoft.NET.Sdk\targets\Microsoft.NET.Sdk.targets" du projet "C:\Users\Administrateur\Documents\DossierPartage\PROGRAMATION\SystemeCaisse\SystemeCaisse.Infrastructure\SystemeCaisse.Infrastructure.csproj" (la cible "PrepareProjectReferences" en dépend) :
       Utilisation de la tâche "ValidateExecutableReferences" à partir de l'assembly "C:\Program Files\dotnet\sdk\10.0.101\Sdks\Microsoft.NET.Sdk\targets\..\tools\net10.0\Microsoft.NET.Build.Tasks.dll".
       Tâche "ValidateExecutableReferences"
       Exécution de la tâche "ValidateExecutableReferences" terminée.
   1:7>Génération de la cible "ValidateExecutableReferences" terminée dans le projet "SystemeCaisse.Infrastructure.csproj".
   1:7>Cible "PrepareProjectReferences" dans le fichier "C:\Program Files\dotnet\sdk\10.0.101\Microsoft.Common.CurrentVersion.targets" du projet "C:\Users\Administrateur\Documents\DossierPartage\PROGRAMATION\SystemeCaisse\SystemeCaisse.Infrastructure\SystemeCaisse.Infrastructure.csproj" (la cible "ResolveProjectReferences" en dépend) :
   1:7>Génération de la cible "PrepareProjectReferences" terminée dans le projet "SystemeCaisse.Infrastructure.csproj".
   1:7>Cible "ResolveProjectReferences" dans le fichier "C:\Program Files\dotnet\sdk\10.0.101\Microsoft.Common.CurrentVersion.targets" du projet "C:\Users\Administrateur\Documents\DossierPartage\PROGRAMATION\SystemeCaisse\SystemeCaisse.Infrastructure\SystemeCaisse.Infrastructure.csproj" (la cible "ResolveReferences" en dépend) :
       Tâche "MSBuild"
         Suppression des propriétés du projet "..\SystemeCaisse.Core\SystemeCaisse.Core.csproj" :
           TargetFramework
           RuntimeIdentifier
           SelfContained
   1:7>Le projet "C:\Users\Administrateur\Documents\DossierPartage\PROGRAMATION\SystemeCaisse\SystemeCaisse.Infrastructure\SystemeCaisse.Infrastructure.csproj" (1:7) génère "C:\Users\Administrateur\Documents\DossierPartage\PROGRAMATION\SystemeCaisse\SystemeCaisse.Core\SystemeCaisse.Core.csproj" (2:6) sur le nœud 1 (cibles par défaut).
   2:6>Cible "_CollectTargetFrameworkForTelemetry" dans le fichier "C:\Program Files\dotnet\sdk\10.0.101\Sdks\Microsoft.NET.Sdk\targets\Microsoft.NET.TargetFrameworkInference.targets" du projet "C:\Users\Administrateur\Documents\DossierPartage\PROGRAMATION\SystemeCaisse\SystemeCaisse.Core\SystemeCaisse.Core.csproj" (la cible "_CheckForInvalidConfigurationAndPlatform" en dépend) :
   2:6>Utilisation de la tâche "AllowEmptyTelemetry" à partir de l'assembly "C:\Program Files\dotnet\sdk\10.0.101\Sdks\Microsoft.NET.Sdk\targets\..\tools\net10.0\Microsoft.NET.Build.Tasks.dll".
       Tâche "AllowEmptyTelemetry"
       Exécution de la tâche "AllowEmptyTelemetry" terminée.
   2:6>Génération de la cible "_CollectTargetFrameworkForTelemetry" terminée dans le projet "SystemeCaisse.Core.csproj".
   2:6>Cible "_CheckForUnsupportedNETCoreVersion" dans le fichier "C:\Program Files\dotnet\sdk\10.0.101\Sdks\Microsoft.NET.Sdk\targets\Microsoft.NET.TargetFrameworkInference.targets" du projet "C:\Users\Administrateur\Documents\DossierPartage\PROGRAMATION\SystemeCaisse\SystemeCaisse.Core\SystemeCaisse.Core.csproj" (la cible "_CheckForInvalidConfigurationAndPlatform" en dépend) :
   2:6>Génération de la cible "_CheckForUnsupportedNETCoreVersion" terminée dans le projet "SystemeCaisse.Core.csproj".
   2:6>Cible "_CheckForUnsupportedCppNETCoreVersion" dans le fichier "C:\Program Files\dotnet\sdk\10.0.101\Sdks\Microsoft.NET.Sdk\targets\Microsoft.NET.TargetFrameworkInference.targets" du projet "C:\Users\Administrateur\Documents\DossierPartage\PROGRAMATION\SystemeCaisse\SystemeCaisse.Core\SystemeCaisse.Core.csproj" (la cible "_CheckForInvalidConfigurationAndPlatform" en dépend) :
   2:6>Génération de la cible "_CheckForUnsupportedCppNETCoreVersion" terminée dans le projet "SystemeCaisse.Core.csproj".
   2:6>Cible "_CheckForUnsupportedArtifactsPath" dans le fichier "C:\Program Files\dotnet\sdk\10.0.101\Sdks\Microsoft.NET.Sdk\targets\Microsoft.NET.DefaultOutputPaths.targets" du projet "C:\Users\Administrateur\Documents\DossierPartage\PROGRAMATION\SystemeCaisse\SystemeCaisse.Core\SystemeCaisse.Core.csproj" (la cible "_CheckForInvalidConfigurationAndPlatform" en dépend) :
   2:6>Génération de la cible "_CheckForUnsupportedArtifactsPath" terminée dans le projet "SystemeCaisse.Core.csproj".
   2:6>Cible "_CheckForUnsupportedHostingUsage" dans le fichier "C:\Program Files\dotnet\sdk\10.0.101\Sdks\Microsoft.NET.Sdk\targets\Microsoft.NET.RuntimeIdentifierInference.targets" du projet "C:\Users\Administrateur\Documents\DossierPartage\PROGRAMATION\SystemeCaisse\SystemeCaisse.Core\SystemeCaisse.Core.csproj" (la cible "_CheckForInvalidConfigurationAndPlatform" en dépend) :
   2:6>Génération de la cible "_CheckForUnsupportedHostingUsage" terminée dans le projet "SystemeCaisse.Core.csproj".
   2:6>Cible "_CheckAndUnsetUnsupportedPrefer32Bit" dans le fichier "C:\Program Files\dotnet\sdk\10.0.101\Sdks\Microsoft.NET.Sdk\targets\Microsoft.NET.RuntimeIdentifierInference.targets" du projet "C:\Users\Administrateur\Documents\DossierPartage\PROGRAMATION\SystemeCaisse\SystemeCaisse.Core\SystemeCaisse.Core.csproj" (la cible "_CheckForInvalidConfigurationAndPlatform" en dépend) :
   2:6>Génération de la cible "_CheckAndUnsetUnsupportedPrefer32Bit" terminée dans le projet "SystemeCaisse.Core.csproj".
   2:6>Cible "_CheckForLanguageAndFeatureCombinationSupport" dans le fichier "C:\Program Files\dotnet\sdk\10.0.101\Sdks\Microsoft.NET.Sdk\targets\Microsoft.NET.RuntimeIdentifierInference.targets" du projet "C:\Users\Administrateur\Documents\DossierPartage\PROGRAMATION\SystemeCaisse\SystemeCaisse.Core\SystemeCaisse.Core.csproj" (la cible "_CheckForInvalidConfigurationAndPlatform" en dépend) :
   2:6>Génération de la cible "_CheckForLanguageAndFeatureCombinationSupport" terminée dans le projet "SystemeCaisse.Core.csproj".
   2:6>Cible "CheckForImplicitPackageReferenceOverrides" dans le fichier "C:\Program Files\dotnet\sdk\10.0.101\Sdks\Microsoft.NET.Sdk\targets\Microsoft.NET.Sdk.DefaultItems.Shared.targets" du projet "C:\Users\Administrateur\Documents\DossierPartage\PROGRAMATION\SystemeCaisse\SystemeCaisse.Core\SystemeCaisse.Core.csproj" (la cible "CollectPackageReferences" en dépend) :
       Utilisation de la tâche "CheckForImplicitPackageReferenceOverrides" à partir de l'assembly "C:\Program Files\dotnet\sdk\10.0.101\Sdks\Microsoft.NET.Sdk\targets\..\tools\net10.0\Microsoft.NET.Build.Tasks.dll".
       Tâche "CheckForImplicitPackageReferenceOverrides"
       Exécution de la tâche "CheckForImplicitPackageReferenceOverrides" terminée.
   2:6>Génération de la cible "CheckForImplicitPackageReferenceOverrides" terminée dans le projet "SystemeCaisse.Core.csproj".
   2:6>Cible "_ComputeToolPackInputsToProcessFrameworkReferences" dans le fichier "C:\Program Files\dotnet\sdk\10.0.101\Sdks\Microsoft.NET.Sdk\targets\Microsoft.NET.Publish.targets" du projet "C:\Users\Administrateur\Documents\DossierPartage\PROGRAMATION\SystemeCaisse\SystemeCaisse.Core\SystemeCaisse.Core.csproj" (la cible "ProcessFrameworkReferences" en dépend) :
   2:6>Génération de la cible "_ComputeToolPackInputsToProcessFrameworkReferences" terminée dans le projet "SystemeCaisse.Core.csproj".
   2:6>Cible "ProcessFrameworkReferences" dans le fichier "C:\Program Files\dotnet\sdk\10.0.101\Sdks\Microsoft.NET.Sdk\targets\Microsoft.NET.Sdk.FrameworkReferenceResolution.targets" du projet "C:\Users\Administrateur\Documents\DossierPartage\PROGRAMATION\SystemeCaisse\SystemeCaisse.Core\SystemeCaisse.Core.csproj" (la cible "CollectPackageReferences" en dépend) :
       Utilisation de la tâche "CheckForDuplicateFrameworkReferences" à partir de l'assembly "C:\Program Files\dotnet\sdk\10.0.101\Sdks\Microsoft.NET.Sdk\targets\..\tools\net10.0\Microsoft.NET.Build.Tasks.dll".
       Tâche "CheckForDuplicateFrameworkReferences"
       Exécution de la tâche "CheckForDuplicateFrameworkReferences" terminée.
       Utilisation de la tâche "ProcessFrameworkReferences" à partir de l'assembly "C:\Program Files\dotnet\sdk\10.0.101\Sdks\Microsoft.NET.Sdk\targets\..\tools\net10.0\Microsoft.NET.Build.Tasks.dll".
       Tâche "ProcessFrameworkReferences"
         Found 1 known framework references for target framework .NETCoreApp
         Found 5 known runtime packs for target framework .NETCoreApp
         Selected Microsoft.NETCore.App with RIDs 'linux-arm;linux-arm64;linux-musl-arm64;linux-musl-x64;linux-x64;osx-x64;tizen.4.0.0-armel;tizen.5.0.0-armel;win-arm64;win-x64;win-x86;linux-musl-arm;osx-arm64;linux-s390x;linux-loongarch64;linux-bionic-arm;linux-bionic-arm64;linux-bionic-x64;linux-bionic-x86;linux-ppc64le;freebsd-x64;freebsd-arm64'
         Selected targeting pack 'Microsoft.NETCore.App@8.0.22'
         Added runtime framework 'Microsoft.NETCore.App@8.0.0'
         Selected Microsoft.WindowsDesktop.App with RIDs 'win-x64;win-x86;win-arm64'
         Selected targeting pack 'Microsoft.WindowsDesktop.App@8.0.22'
         Added runtime framework 'Microsoft.WindowsDesktop.App@8.0.0'
         Selected Microsoft.WindowsDesktop.App with RIDs 'win-x64;win-x86;win-arm64'
         Selected targeting pack 'Microsoft.WindowsDesktop.App.WPF@8.0.22'
         Added runtime framework 'Microsoft.WindowsDesktop.App@8.0.0'
         Selected Microsoft.WindowsDesktop.App with RIDs 'win-x64;win-x86;win-arm64'
         Selected targeting pack 'Microsoft.WindowsDesktop.App.WindowsForms@8.0.22'
         Added runtime framework 'Microsoft.WindowsDesktop.App@8.0.0'
         Selected Microsoft.AspNetCore.App with RIDs 'win-x64;win-x86;osx-x64;linux-musl-x64;linux-musl-arm64;linux-x64;linux-arm;linux-arm64;linux-musl-arm;win-arm64;osx-arm64;linux-s390x;linux-loongarch64;linux-ppc64le;freebsd-x64;freebsd-arm64'
         Selected targeting pack 'Microsoft.AspNetCore.App@8.0.22'
         Added runtime framework 'Microsoft.AspNetCore.App@8.0.0'
       Exécution de la tâche "ProcessFrameworkReferences" terminée.
       Utilisation de la tâche "ResolveAppHosts" à partir de l'assembly "C:\Program Files\dotnet\sdk\10.0.101\Sdks\Microsoft.NET.Sdk\targets\..\tools\net10.0\Microsoft.NET.Build.Tasks.dll".
       Tâche "ResolveAppHosts"
       Exécution de la tâche "ResolveAppHosts" terminée.
   2:6>Génération de la cible "ProcessFrameworkReferences" terminée dans le projet "SystemeCaisse.Core.csproj".
   2:6>Cible "_CheckForObsoleteDotNetCliToolReferences" dans le fichier "C:\Program Files\dotnet\sdk\10.0.101\Sdks\Microsoft.NET.Sdk\targets\Microsoft.NET.ObsoleteReferences.targets" du projet "C:\Users\Administrateur\Documents\DossierPartage\PROGRAMATION\SystemeCaisse\SystemeCaisse.Core\SystemeCaisse.Core.csproj" (la cible "CollectPackageReferences" en dépend) :
   2:6>Génération de la cible "_CheckForObsoleteDotNetCliToolReferences" terminée dans le projet "SystemeCaisse.Core.csproj".
   2:6>Cible "CollectPackageReferences" dans le fichier "C:\Program Files\dotnet\sdk\10.0.101\NuGet.targets" du projet "C:\Users\Administrateur\Documents\DossierPartage\PROGRAMATION\SystemeCaisse\SystemeCaisse.Core\SystemeCaisse.Core.csproj" (la cible "_GetRestoreProjectStyle" en dépend) :
       Utilisation de la tâche "CheckForDuplicateNuGetItemsTask" à partir de l'assembly "C:\Program Files\dotnet\sdk\10.0.101\NuGet.Build.Tasks.dll".
       Tâche "CheckForDuplicateNuGetItemsTask"
       Exécution de la tâche "CheckForDuplicateNuGetItemsTask" terminée.
   2:6>Génération de la cible "CollectPackageReferences" terminée dans le projet "SystemeCaisse.Core.csproj".
   2:6>Cible "_GetRestoreProjectStyle" dans le fichier "C:\Program Files\dotnet\sdk\10.0.101\NuGet.targets" du projet "C:\Users\Administrateur\Documents\DossierPartage\PROGRAMATION\SystemeCaisse\SystemeCaisse.Core\SystemeCaisse.Core.csproj" (la cible "EnableIntermediateOutputPathMismatchWarning" en dépend) :
       Utilisation de la tâche "GetRestoreProjectStyleTask" à partir de l'assembly "C:\Program Files\dotnet\sdk\10.0.101\NuGet.Build.Tasks.dll".
       Tâche "GetRestoreProjectStyleTask"
       Exécution de la tâche "GetRestoreProjectStyleTask" terminée.
   2:6>Génération de la cible "_GetRestoreProjectStyle" terminée dans le projet "SystemeCaisse.Core.csproj".
   2:6>Cible "EnableIntermediateOutputPathMismatchWarning" dans le fichier "C:\Program Files\dotnet\sdk\10.0.101\NuGet.targets" du projet "C:\Users\Administrateur\Documents\DossierPartage\PROGRAMATION\SystemeCaisse\SystemeCaisse.Core\SystemeCaisse.Core.csproj" (la cible "_CheckForInvalidConfigurationAndPlatform" en dépend) :
   2:6>Génération de la cible "EnableIntermediateOutputPathMismatchWarning" terminée dans le projet "SystemeCaisse.Core.csproj".
       Cible "CheckForImplicitPackageReferenceOverrides" ignorée. Elle a été générée.
   2:6>Cible "CheckForDuplicateItems" dans le fichier "C:\Program Files\dotnet\sdk\10.0.101\Sdks\Microsoft.NET.Sdk\targets\Microsoft.NET.Sdk.DefaultItems.Shared.targets" du projet "C:\Users\Administrateur\Documents\DossierPartage\PROGRAMATION\SystemeCaisse\SystemeCaisse.Core\SystemeCaisse.Core.csproj" (la cible "_CheckForInvalidConfigurationAndPlatform" en dépend) :
       Utilisation de la tâche "CheckForDuplicateItems" à partir de l'assembly "C:\Program Files\dotnet\sdk\10.0.101\Sdks\Microsoft.NET.Sdk\targets\..\tools\net10.0\Microsoft.NET.Build.Tasks.dll".
       Tâche "CheckForDuplicateItems"
       Exécution de la tâche "CheckForDuplicateItems" terminée.
       Tâche "CheckForDuplicateItems"
       Exécution de la tâche "CheckForDuplicateItems" terminée.
       Tâche "CheckForDuplicateItems"
       Exécution de la tâche "CheckForDuplicateItems" terminée.
   2:6>Génération de la cible "CheckForDuplicateItems" terminée dans le projet "SystemeCaisse.Core.csproj".
       Cible "ProcessFrameworkReferences" ignorée. Elle a été générée.
   2:6>Cible "_CheckForInvalidConfigurationAndPlatform" dans le fichier "C:\Program Files\dotnet\sdk\10.0.101\Microsoft.Common.CurrentVersion.targets" du projet "C:\Users\Administrateur\Documents\DossierPartage\PROGRAMATION\SystemeCaisse\SystemeCaisse.Core\SystemeCaisse.Core.csproj" (la cible "BeforeBuild" en dépend) :
       Tâche "Message"
         Configuration=Debug
       Exécution de la tâche "Message" terminée.
       Tâche "Message"
         Platform=AnyCPU
       Exécution de la tâche "Message" terminée.
   2:6>Génération de la cible "_CheckForInvalidConfigurationAndPlatform" terminée dans le projet "SystemeCaisse.Core.csproj".
   2:6>Cible "ValidateCommandLineProperties" dans le fichier "C:\Program Files\dotnet\sdk\10.0.101\Sdks\Microsoft.NET.Sdk\targets\Microsoft.NET.Sdk.targets" du projet "C:\Users\Administrateur\Documents\DossierPartage\PROGRAMATION\SystemeCaisse\SystemeCaisse.Core\SystemeCaisse.Core.csproj" (la cible "BeforeBuild" en dépend) :
   2:6>Génération de la cible "ValidateCommandLineProperties" terminée dans le projet "SystemeCaisse.Core.csproj".
   2:6>Cible "BeforeBuild" dans le fichier "C:\Program Files\dotnet\sdk\10.0.101\Microsoft.Common.CurrentVersion.targets" du projet "C:\Users\Administrateur\Documents\DossierPartage\PROGRAMATION\SystemeCaisse\SystemeCaisse.Core\SystemeCaisse.Core.csproj" (la cible "Build" en dépend) :
   2:6>Génération de la cible "BeforeBuild" terminée dans le projet "SystemeCaisse.Core.csproj".
   2:6>Cible "BuildOnlySettings" dans le fichier "C:\Program Files\dotnet\sdk\10.0.101\Microsoft.Common.CurrentVersion.targets" du projet "C:\Users\Administrateur\Documents\DossierPartage\PROGRAMATION\SystemeCaisse\SystemeCaisse.Core\SystemeCaisse.Core.csproj" (la cible "CoreBuild" en dépend) :
       C:\Program Files\dotnet\sdk\10.0.101\Microsoft.Common.CurrentVersion.targets(1168,7): message : Réassignation de propriété : $(BuildingProject)="true" (valeur précédente : "false") à C:\Program Files\dotnet\sdk\10.0.101\Microsoft.Common.CurrentVersion.targets (1168,7) [C:\Users\Administrateur\Documents\DossierPartage\PROGRAMATION\SystemeCaisse\SystemeCaisse.Core\SystemeCaisse.Core.csproj]
   2:6>Génération de la cible "BuildOnlySettings" terminée dans le projet "SystemeCaisse.Core.csproj".
   2:6>Cible "GetFrameworkPaths" dans le fichier "C:\Program Files\dotnet\sdk\10.0.101\Sdks\Microsoft.NET.Sdk\targets\Microsoft.NET.DisableStandardFrameworkResolution.targets" du projet "C:\Users\Administrateur\Documents\DossierPartage\PROGRAMATION\SystemeCaisse\SystemeCaisse.Core\SystemeCaisse.Core.csproj" (la cible "PrepareForBuild" en dépend) :
   2:6>Génération de la cible "GetFrameworkPaths" terminée dans le projet "SystemeCaisse.Core.csproj".
   2:6>Cible "GetReferenceAssemblyPaths" dans le fichier "C:\Program Files\dotnet\sdk\10.0.101\Sdks\Microsoft.NET.Sdk\targets\Microsoft.NET.DisableStandardFrameworkResolution.targets" du projet "C:\Users\Administrateur\Documents\DossierPartage\PROGRAMATION\SystemeCaisse\SystemeCaisse.Core\SystemeCaisse.Core.csproj" (la cible "PrepareForBuild" en dépend) :
   2:6>Génération de la cible "GetReferenceAssemblyPaths" terminée dans le projet "SystemeCaisse.Core.csproj".
   2:6>Cible "PrepareForBuild" dans le fichier "C:\Program Files\dotnet\sdk\10.0.101\Microsoft.Common.CurrentVersion.targets" du projet "C:\Users\Administrateur\Documents\DossierPartage\PROGRAMATION\SystemeCaisse\SystemeCaisse.Core\SystemeCaisse.Core.csproj" (la cible "CoreBuild" en dépend) :
       Tâche "FindAppConfigFile"
       Exécution de la tâche "FindAppConfigFile" terminée.
       Tâche "MakeDir"
       Exécution de la tâche "MakeDir" terminée.
   2:6>Génération de la cible "PrepareForBuild" terminée dans le projet "SystemeCaisse.Core.csproj".
   2:6>Cible "GenerateTargetFrameworkDefineConstants" dans le fichier "C:\Program Files\dotnet\sdk\10.0.101\Sdks\Microsoft.NET.Sdk\targets\Microsoft.NET.Sdk.BeforeCommon.targets" du projet "C:\Users\Administrateur\Documents\DossierPartage\PROGRAMATION\SystemeCaisse\SystemeCaisse.Core\SystemeCaisse.Core.csproj" (la cible "AddImplicitDefineConstants" en dépend) :
   2:6>Génération de la cible "GenerateTargetFrameworkDefineConstants" terminée dans le projet "SystemeCaisse.Core.csproj".
   2:6>Cible "GenerateNETCompatibleDefineConstants" dans le fichier "C:\Program Files\dotnet\sdk\10.0.101\Sdks\Microsoft.NET.Sdk\targets\Microsoft.NET.Sdk.BeforeCommon.targets" du projet "C:\Users\Administrateur\Documents\DossierPartage\PROGRAMATION\SystemeCaisse\SystemeCaisse.Core\SystemeCaisse.Core.csproj" (la cible "AddImplicitDefineConstants" en dépend) :
   2:6>Génération de la cible "GenerateNETCompatibleDefineConstants" terminée dans le projet "SystemeCaisse.Core.csproj".
   2:6>Cible "AddImplicitDefineConstants" dans le fichier "C:\Program Files\dotnet\sdk\10.0.101\Sdks\Microsoft.NET.Sdk\targets\Microsoft.NET.Sdk.BeforeCommon.targets" du projet "C:\Users\Administrateur\Documents\DossierPartage\PROGRAMATION\SystemeCaisse\SystemeCaisse.Core\SystemeCaisse.Core.csproj" (la cible "CoreBuild" en dépend) :
       C:\Program Files\dotnet\sdk\10.0.101\Sdks\Microsoft.NET.Sdk\targets\Microsoft.NET.Sdk.BeforeCommon.targets(295,7): message : Réassignation de propriété : $(DefineConstants)="TRACE;DEBUG;NET;NET8_0;NETCOREAPP;NET5_0_OR_GREATER;NET6_0_OR_GREATER;NET7_0_OR_GREATER;NET8_0_OR_GREATER;NETCOREAPP1_0_OR_GREATER;NETCOREAPP1_1_OR_GREATER;NETCOREAPP2_0_OR_GREATER;NETCOREAPP2_1_OR_GREATER;NETCOREAPP2_2_OR_GREATER;NETCOREAPP3_0_OR_GREATER;NETCOREAPP3_1_OR_GREATER" (valeur précédente : "TRACE;DEBUG") à C:\Program Files\dotnet\sdk\10.0.101\Sdks\Microsoft.NET.Sdk\targets\Microsoft.NET.Sdk.BeforeCommon.targets (295,7) [C:\Users\Administrateur\Documents\DossierPartage\PROGRAMATION\SystemeCaisse\SystemeCaisse.Core\SystemeCaisse.Core.csproj]
   2:6>Génération de la cible "AddImplicitDefineConstants" terminée dans le projet "SystemeCaisse.Core.csproj".
   2:6>Cible "GenerateGlobalUsings" dans le fichier "C:\Program Files\dotnet\sdk\10.0.101\Sdks\Microsoft.NET.Sdk\targets\Microsoft.NET.GenerateGlobalUsings.targets" du projet "C:\Users\Administrateur\Documents\DossierPartage\PROGRAMATION\SystemeCaisse\SystemeCaisse.Core\SystemeCaisse.Core.csproj" (la cible "CoreBuild" en dépend) :
       Utilisation de la tâche "GenerateGlobalUsings" à partir de l'assembly "C:\Program Files\dotnet\sdk\10.0.101\Sdks\Microsoft.NET.Sdk\targets\..\tools\net10.0\Microsoft.NET.Build.Tasks.dll".
       Tâche "GenerateGlobalUsings"
       Exécution de la tâche "GenerateGlobalUsings" terminée.
       Tâche "WriteLinesToFile"
         L'écriture dans le fichier "obj\Debug\net8.0\SystemeCaisse.Core.GlobalUsings.g.cs" est ignorée, car le contenu ne change pas.
       Exécution de la tâche "WriteLinesToFile" terminée.
   2:6>Génération de la cible "GenerateGlobalUsings" terminée dans le projet "SystemeCaisse.Core.csproj".
   2:6>Cible "BeforeResolveReferences" dans le fichier "C:\Program Files\dotnet\sdk\10.0.101\Microsoft.Common.CurrentVersion.targets" du projet "C:\Users\Administrateur\Documents\DossierPartage\PROGRAMATION\SystemeCaisse\SystemeCaisse.Core\SystemeCaisse.Core.csproj" (la cible "ResolveReferences" en dépend) :
   2:6>Génération de la cible "BeforeResolveReferences" terminée dans le projet "SystemeCaisse.Core.csproj".
   2:6>Cible "IgnoreJavaScriptOutputAssembly" dans le fichier "C:\Program Files\dotnet\sdk\10.0.101\Microsoft.Common.CurrentVersion.targets" du projet "C:\Users\Administrateur\Documents\DossierPartage\PROGRAMATION\SystemeCaisse\SystemeCaisse.Core\SystemeCaisse.Core.csproj" (la cible "AssignProjectConfiguration" en dépend) :
   2:6>Génération de la cible "IgnoreJavaScriptOutputAssembly" terminée dans le projet "SystemeCaisse.Core.csproj".
       Cible "ProcessFrameworkReferences" ignorée. Elle a été générée.
   2:6>Cible "_DefaultMicrosoftNETPlatformLibrary" dans le fichier "C:\Program Files\dotnet\sdk\10.0.101\Sdks\Microsoft.NET.Sdk\targets\Microsoft.NET.Sdk.Shared.targets" du projet "C:\Users\Administrateur\Documents\DossierPartage\PROGRAMATION\SystemeCaisse\SystemeCaisse.Core\SystemeCaisse.Core.csproj" (la cible "ResolvePackageAssets" en dépend) :
   2:6>Génération de la cible "_DefaultMicrosoftNETPlatformLibrary" terminée dans le projet "SystemeCaisse.Core.csproj".
   2:6>Cible "_ComputePackageReferencePublish" dans le fichier "C:\Program Files\dotnet\sdk\10.0.101\Sdks\Microsoft.NET.Sdk\targets\Microsoft.NET.Sdk.Shared.targets" du projet "C:\Users\Administrateur\Documents\DossierPartage\PROGRAMATION\SystemeCaisse\SystemeCaisse.Core\SystemeCaisse.Core.csproj" (la cible "ResolvePackageAssets" en dépend) :
   2:6>Génération de la cible "_ComputePackageReferencePublish" terminée dans le projet "SystemeCaisse.Core.csproj".
   2:6>Cible "ResolvePackageAssets" dans le fichier "C:\Program Files\dotnet\sdk\10.0.101\Sdks\Microsoft.NET.Sdk\targets\Microsoft.PackageDependencyResolution.targets" du projet "C:\Users\Administrateur\Documents\DossierPartage\PROGRAMATION\SystemeCaisse\SystemeCaisse.Core\SystemeCaisse.Core.csproj" (la cible "ResolveLockFileReferences" en dépend) :
       Utilisation de la tâche "ResolvePackageAssets" à partir de l'assembly "C:\Program Files\dotnet\sdk\10.0.101\Sdks\Microsoft.NET.Sdk\targets\..\tools\net10.0\Microsoft.NET.Build.Tasks.dll".
       Tâche "ResolvePackageAssets"
       Exécution de la tâche "ResolvePackageAssets" terminée.
   2:6>Génération de la cible "ResolvePackageAssets" terminée dans le projet "SystemeCaisse.Core.csproj".
   2:6>Cible "ResolveLockFileReferences" dans le fichier "C:\Program Files\dotnet\sdk\10.0.101\Sdks\Microsoft.NET.Sdk\targets\Microsoft.PackageDependencyResolution.targets" du projet "C:\Users\Administrateur\Documents\DossierPartage\PROGRAMATION\SystemeCaisse\SystemeCaisse.Core\SystemeCaisse.Core.csproj" (la cible "ResolvePackageDependenciesForBuild" en dépend) :
       Utilisation de la tâche "JoinItems" à partir de l'assembly "C:\Program Files\dotnet\sdk\10.0.101\Sdks\Microsoft.NET.Sdk\targets\..\tools\net10.0\Microsoft.NET.Build.Tasks.dll".
       Tâche "JoinItems"
       Exécution de la tâche "JoinItems" terminée.
   2:6>Génération de la cible "ResolveLockFileReferences" terminée dans le projet "SystemeCaisse.Core.csproj".
       Cible "ResolvePackageAssets" ignorée. Elle a été générée.
   2:6>Cible "ResolveLockFileAnalyzers" dans le fichier "C:\Program Files\dotnet\sdk\10.0.101\Sdks\Microsoft.NET.Sdk\targets\Microsoft.PackageDependencyResolution.targets" du projet "C:\Users\Administrateur\Documents\DossierPartage\PROGRAMATION\SystemeCaisse\SystemeCaisse.Core\SystemeCaisse.Core.csproj" (la cible "ResolvePackageDependenciesForBuild" en dépend) :
   2:6>Génération de la cible "ResolveLockFileAnalyzers" terminée dans le projet "SystemeCaisse.Core.csproj".
       Cible "ResolvePackageAssets" ignorée. Elle a été générée.
   2:6>Cible "ResolveLockFileCopyLocalFiles" dans le fichier "C:\Program Files\dotnet\sdk\10.0.101\Sdks\Microsoft.NET.Sdk\targets\Microsoft.PackageDependencyResolution.targets" du projet "C:\Users\Administrateur\Documents\DossierPartage\PROGRAMATION\SystemeCaisse\SystemeCaisse.Core\SystemeCaisse.Core.csproj" (la cible "ResolvePackageDependenciesForBuild" en dépend) :
   2:6>Génération de la cible "ResolveLockFileCopyLocalFiles" terminée dans le projet "SystemeCaisse.Core.csproj".
       Cible "ResolvePackageAssets" ignorée. Elle a été générée.
   2:6>Cible "IncludeTransitiveProjectReferences" dans le fichier "C:\Program Files\dotnet\sdk\10.0.101\Sdks\Microsoft.NET.Sdk\targets\Microsoft.PackageDependencyResolution.targets" du projet "C:\Users\Administrateur\Documents\DossierPartage\PROGRAMATION\SystemeCaisse\SystemeCaisse.Core\SystemeCaisse.Core.csproj" (la cible "ResolvePackageDependenciesForBuild" en dépend) :
   2:6>Génération de la cible "IncludeTransitiveProjectReferences" terminée dans le projet "SystemeCaisse.Core.csproj".
   2:6>Cible "ResolvePackageDependenciesForBuild" dans le fichier "C:\Program Files\dotnet\sdk\10.0.101\Sdks\Microsoft.NET.Sdk\targets\Microsoft.PackageDependencyResolution.targets" du projet "C:\Users\Administrateur\Documents\DossierPartage\PROGRAMATION\SystemeCaisse\SystemeCaisse.Core\SystemeCaisse.Core.csproj" (la cible "AssignProjectConfiguration" en dépend) :
   2:6>Génération de la cible "ResolvePackageDependenciesForBuild" terminée dans le projet "SystemeCaisse.Core.csproj".
   2:6>Cible "_SplitProjectReferencesByFileExistence" dans le fichier "C:\Program Files\dotnet\sdk\10.0.101\Microsoft.Common.CurrentVersion.targets" du projet "C:\Users\Administrateur\Documents\DossierPartage\PROGRAMATION\SystemeCaisse\SystemeCaisse.Core\SystemeCaisse.Core.csproj" (la cible "PrepareProjectReferences" en dépend) :
   2:6>Génération de la cible "_SplitProjectReferencesByFileExistence" terminée dans le projet "SystemeCaisse.Core.csproj".
   2:6>Cible "_AddOutputPathToGlobalPropertiesToRemove" dans le fichier "C:\Program Files\dotnet\sdk\10.0.101\Microsoft.Common.CurrentVersion.targets" du projet "C:\Users\Administrateur\Documents\DossierPartage\PROGRAMATION\SystemeCaisse\SystemeCaisse.Core\SystemeCaisse.Core.csproj" (la cible "_GetProjectReferenceTargetFrameworkProperties" en dépend) :
   2:6>Génération de la cible "_AddOutputPathToGlobalPropertiesToRemove" terminée dans le projet "SystemeCaisse.Core.csproj".
   2:6>Cible "_GetProjectReferenceTargetFrameworkProperties" dans le fichier "C:\Program Files\dotnet\sdk\10.0.101\Microsoft.Common.CurrentVersion.targets" du projet "C:\Users\Administrateur\Documents\DossierPartage\PROGRAMATION\SystemeCaisse\SystemeCaisse.Core\SystemeCaisse.Core.csproj" (la cible "PrepareProjectReferences" en dépend) :
       Tâche "MSBuild"
       Exécution de la tâche "MSBuild" terminée.
       Tâche "SetRidAgnosticValueForProjects"
       Exécution de la tâche "SetRidAgnosticValueForProjects" terminée.
   2:6>Génération de la cible "_GetProjectReferenceTargetFrameworkProperties" terminée dans le projet "SystemeCaisse.Core.csproj".
       Cible "_CalculateIsVSTestTestProject" ignorée. Elle a été générée.
   2:6>Cible "ValidateExecutableReferences" dans le fichier "C:\Program Files\dotnet\sdk\10.0.101\Sdks\Microsoft.NET.Sdk\targets\Microsoft.NET.Sdk.targets" du projet "C:\Users\Administrateur\Documents\DossierPartage\PROGRAMATION\SystemeCaisse\SystemeCaisse.Core\SystemeCaisse.Core.csproj" (la cible "PrepareProjectReferences" en dépend) :
       Utilisation de la tâche "ValidateExecutableReferences" à partir de l'assembly "C:\Program Files\dotnet\sdk\10.0.101\Sdks\Microsoft.NET.Sdk\targets\..\tools\net10.0\Microsoft.NET.Build.Tasks.dll".
       Tâche "ValidateExecutableReferences"
       Exécution de la tâche "ValidateExecutableReferences" terminée.
   2:6>Génération de la cible "ValidateExecutableReferences" terminée dans le projet "SystemeCaisse.Core.csproj".
   2:6>Cible "PrepareProjectReferences" dans le fichier "C:\Program Files\dotnet\sdk\10.0.101\Microsoft.Common.CurrentVersion.targets" du projet "C:\Users\Administrateur\Documents\DossierPartage\PROGRAMATION\SystemeCaisse\SystemeCaisse.Core\SystemeCaisse.Core.csproj" (la cible "ResolveProjectReferences" en dépend) :
   2:6>Génération de la cible "PrepareProjectReferences" terminée dans le projet "SystemeCaisse.Core.csproj".
   2:6>Cible "ResolveProjectReferences" dans le fichier "C:\Program Files\dotnet\sdk\10.0.101\Microsoft.Common.CurrentVersion.targets" du projet "C:\Users\Administrateur\Documents\DossierPartage\PROGRAMATION\SystemeCaisse\SystemeCaisse.Core\SystemeCaisse.Core.csproj" (la cible "ResolveReferences" en dépend) :
   2:6>Génération de la cible "ResolveProjectReferences" terminée dans le projet "SystemeCaisse.Core.csproj".
       Cible "ResolveProjectReferences" ignorée. Elle a été générée.
       Cible "GetFrameworkPaths" ignorée. Elle a été générée.
       Cible "GetReferenceAssemblyPaths" ignorée. Elle a été générée.
       Cible "PrepareForBuild" ignorée. Elle a été générée.
   2:6>Cible "ResolveSDKReferences" dans le fichier "C:\Program Files\dotnet\sdk\10.0.101\Microsoft.Common.CurrentVersion.targets" du projet "C:\Users\Administrateur\Documents\DossierPartage\PROGRAMATION\SystemeCaisse\SystemeCaisse.Core\SystemeCaisse.Core.csproj" (la cible "ResolveAssemblyReferences" en dépend) :
   2:6>Génération de la cible "ResolveSDKReferences" terminée dans le projet "SystemeCaisse.Core.csproj".
       Cible "ResolveSDKReferences" ignorée. Elle a été générée.
   2:6>Cible "ExpandSDKReferences" dans le fichier "C:\Program Files\dotnet\sdk\10.0.101\Microsoft.Common.CurrentVersion.targets" du projet "C:\Users\Administrateur\Documents\DossierPartage\PROGRAMATION\SystemeCaisse\SystemeCaisse.Core\SystemeCaisse.Core.csproj" (la cible "ResolveAssemblyReferences" en dépend) :
   2:6>Génération de la cible "ExpandSDKReferences" terminée dans le projet "SystemeCaisse.Core.csproj".
       Cible "ResolvePackageDependenciesForBuild" ignorée. Elle a été générée.
       Cible "GetFrameworkPaths" ignorée. Elle a été générée.
       Cible "GetReferenceAssemblyPaths" ignorée. Elle a été générée.
       Cible "ProcessFrameworkReferences" ignorée. Elle a été générée.
       Cible "ResolvePackageAssets" ignorée. Elle a été générée.
   2:6>Cible "ResolveFrameworkReferences" dans le fichier "C:\Program Files\dotnet\sdk\10.0.101\Sdks\Microsoft.NET.Sdk\targets\Microsoft.NET.Sdk.FrameworkReferenceResolution.targets" du projet "C:\Users\Administrateur\Documents\DossierPartage\PROGRAMATION\SystemeCaisse\SystemeCaisse.Core\SystemeCaisse.Core.csproj" (la cible "ResolveTargetingPackAssets" en dépend) :
       Utilisation de la tâche "GetPackageDirectory" à partir de l'assembly "C:\Program Files\dotnet\sdk\10.0.101\Sdks\Microsoft.NET.Sdk\targets\..\tools\net10.0\Microsoft.NET.Build.Tasks.dll".
       Tâche "GetPackageDirectory"
       Exécution de la tâche "GetPackageDirectory" terminée.
       Tâche "GetPackageDirectory"
       Exécution de la tâche "GetPackageDirectory" terminée.
       Tâche "GetPackageDirectory"
       Exécution de la tâche "GetPackageDirectory" terminée.
       Tâche "GetPackageDirectory"
       Exécution de la tâche "GetPackageDirectory" terminée.
       Tâche "GetPackageDirectory"
       Exécution de la tâche "GetPackageDirectory" terminée.
       Tâche "GetPackageDirectory"
       Exécution de la tâche "GetPackageDirectory" terminée.
       Tâche "GetPackageDirectory"
       Exécution de la tâche "GetPackageDirectory" terminée.
       Tâche "GetPackageDirectory"
       Exécution de la tâche "GetPackageDirectory" terminée.
       Tâche "GetPackageDirectory"
       Exécution de la tâche "GetPackageDirectory" terminée.
       Tâche "GetPackageDirectory"
       Exécution de la tâche "GetPackageDirectory" terminée.
       Utilisation de la tâche "ResolveFrameworkReferences" à partir de l'assembly "C:\Program Files\dotnet\sdk\10.0.101\Sdks\Microsoft.NET.Sdk\targets\..\tools\net10.0\Microsoft.NET.Build.Tasks.dll".
       Tâche "ResolveFrameworkReferences"
       Exécution de la tâche "ResolveFrameworkReferences" terminée.
   2:6>Génération de la cible "ResolveFrameworkReferences" terminée dans le projet "SystemeCaisse.Core.csproj".
   2:6>Cible "ResolveTargetingPackAssets" dans le fichier "C:\Program Files\dotnet\sdk\10.0.101\Sdks\Microsoft.NET.Sdk\targets\Microsoft.NET.Sdk.FrameworkReferenceResolution.targets" du projet "C:\Users\Administrateur\Documents\DossierPartage\PROGRAMATION\SystemeCaisse\SystemeCaisse.Core\SystemeCaisse.Core.csproj" (la cible "_HandlePackageFileConflicts" en dépend) :
       Utilisation de la tâche "ResolveTargetingPackAssets" à partir de l'assembly "C:\Program Files\dotnet\sdk\10.0.101\Sdks\Microsoft.NET.Sdk\targets\..\tools\net10.0\Microsoft.NET.Build.Tasks.dll".
       Tâche "ResolveTargetingPackAssets"
       Exécution de la tâche "ResolveTargetingPackAssets" terminée.
   2:6>Génération de la cible "ResolveTargetingPackAssets" terminée dans le projet "SystemeCaisse.Core.csproj".
   2:6>Cible "ResolveOffByDefaultAnalyzers" dans le fichier "C:\Program Files\dotnet\sdk\10.0.101\Sdks\Microsoft.NET.Sdk\targets\Microsoft.NET.Sdk.FrameworkReferenceResolution.targets" du projet "C:\Users\Administrateur\Documents\DossierPartage\PROGRAMATION\SystemeCaisse\SystemeCaisse.Core\SystemeCaisse.Core.csproj" (la cible "_HandlePackageFileConflicts" en dépend) :
   2:6>Génération de la cible "ResolveOffByDefaultAnalyzers" terminée dans le projet "SystemeCaisse.Core.csproj".
   2:6>Cible "_HandlePackageFileConflicts" dans le fichier "C:\Program Files\dotnet\sdk\10.0.101\Sdks\Microsoft.NET.Sdk\targets\Microsoft.NET.ConflictResolution.targets" du projet "C:\Users\Administrateur\Documents\DossierPartage\PROGRAMATION\SystemeCaisse\SystemeCaisse.Core\SystemeCaisse.Core.csproj" (la cible "ResolveAssemblyReferences" en dépend) :
       Utilisation de la tâche "ResolvePackageFileConflicts" à partir de l'assembly "C:\Program Files\dotnet\sdk\10.0.101\Sdks\Microsoft.NET.Sdk\targets\..\tools\net10.0\Microsoft.NET.Build.Tasks.dll".
       Tâche "ResolvePackageFileConflicts"
         Conflit détecté entre 'Platform:mscorlib.dll' et 'Platform:mscorlib.dll'. Impossible de déterminer le gagnant, car les versions de fichier et d'assembly sont identiques.
         Conflit détecté entre 'Platform:Microsoft.VisualBasic.dll' et 'Platform:Microsoft.VisualBasic.dll'. Impossible de déterminer le gagnant, car les versions de fichier et d'assembly sont identiques.
         Conflit détecté entre 'Platform:System.dll' et 'Platform:System.dll'. Impossible de déterminer le gagnant, car les versions de fichier et d'assembly sont identiques.
         Conflit détecté entre 'Platform:System.ComponentModel.DataAnnotations.dll' et 'Platform:System.ComponentModel.DataAnnotations.dll'. Impossible de déterminer le gagnant, car les versions de fichier et d'assembly sont identiques.
         Conflit détecté entre 'Platform:System.Configuration.dll' et 'Platform:System.Configuration.dll'. Impossible de déterminer le gagnant, car les versions de fichier et d'assembly sont identiques.
         Conflit détecté entre 'Platform:System.Core.dll' et 'Platform:System.Core.dll'. Impossible de déterminer le gagnant, car les versions de fichier et d'assembly sont identiques.
         Conflit détecté entre 'Platform:System.Data.dll' et 'Platform:System.Data.dll'. Impossible de déterminer le gagnant, car les versions de fichier et d'assembly sont identiques.
         Conflit détecté entre 'Platform:System.Drawing.dll' et 'Platform:System.Drawing.dll'. Impossible de déterminer le gagnant, car les versions de fichier et d'assembly sont identiques.
         Conflit détecté entre 'Platform:System.IO.Compression.FileSystem.dll' et 'Platform:System.IO.Compression.FileSystem.dll'. Impossible de déterminer le gagnant, car les versions de fichier et d'assembly sont identiques.
         Conflit détecté entre 'Platform:System.Net.dll' et 'Platform:System.Net.dll'. Impossible de déterminer le gagnant, car les versions de fichier et d'assembly sont identiques.
         Conflit détecté entre 'Platform:System.Numerics.dll' et 'Platform:System.Numerics.dll'. Impossible de déterminer le gagnant, car les versions de fichier et d'assembly sont identiques.
         Conflit détecté entre 'Platform:System.Runtime.Serialization.dll' et 'Platform:System.Runtime.Serialization.dll'. Impossible de déterminer le gagnant, car les versions de fichier et d'assembly sont identiques.
         Conflit détecté entre 'Platform:System.Security.dll' et 'Platform:System.Security.dll'. Impossible de déterminer le gagnant, car les versions de fichier et d'assembly sont identiques.
         Conflit détecté entre 'Platform:System.ServiceProcess.dll' et 'Platform:System.ServiceProcess.dll'. Impossible de déterminer le gagnant, car les versions de fichier et d'assembly sont identiques.
         Conflit détecté entre 'Platform:System.ServiceModel.Web.dll' et 'Platform:System.ServiceModel.Web.dll'. Impossible de déterminer le gagnant, car les versions de fichier et d'assembly sont identiques.
         Conflit détecté entre 'Platform:System.Transactions.dll' et 'Platform:System.Transactions.dll'. Impossible de déterminer le gagnant, car les versions de fichier et d'assembly sont identiques.
         Conflit détecté entre 'Platform:System.Web.dll' et 'Platform:System.Web.dll'. Impossible de déterminer le gagnant, car les versions de fichier et d'assembly sont identiques.
         Conflit détecté entre 'Platform:System.Windows.dll' et 'Platform:System.Windows.dll'. Impossible de déterminer le gagnant, car les versions de fichier et d'assembly sont identiques.
         Conflit détecté entre 'Platform:System.Xml.dll' et 'Platform:System.Xml.dll'. Impossible de déterminer le gagnant, car les versions de fichier et d'assembly sont identiques.
         Conflit détecté entre 'Platform:System.Xml.Serialization.dll' et 'Platform:System.Xml.Serialization.dll'. Impossible de déterminer le gagnant, car les versions de fichier et d'assembly sont identiques.
         Conflit détecté entre 'Platform:System.Xml.Linq.dll' et 'Platform:System.Xml.Linq.dll'. Impossible de déterminer le gagnant, car les versions de fichier et d'assembly sont identiques.
         Conflit détecté entre 'Platform:WindowsBase.dll' et 'Platform:WindowsBase.dll'. Impossible de déterminer le gagnant, car les versions de fichier et d'assembly sont identiques.
         Conflit détecté entre 'Platform:netstandard.dll' et 'Platform:netstandard.dll'. Impossible de déterminer le gagnant, car les versions de fichier et d'assembly sont identiques.
         Conflit détecté entre 'Platform:System.Private.CoreLib.dll' et 'Platform:System.Private.CoreLib.dll'. Impossible de déterminer le gagnant, car les versions de fichier et d'assembly sont identiques.
         Conflit détecté entre 'Platform:System.Private.DataContractSerialization.dll' et 'Platform:System.Private.DataContractSerialization.dll'. Impossible de déterminer le gagnant, car les versions de fichier et d'assembly sont identiques.
         Conflit détecté entre 'Platform:System.Private.Uri.dll' et 'Platform:System.Private.Uri.dll'. Impossible de déterminer le gagnant, car les versions de fichier et d'assembly sont identiques.
         Conflit détecté entre 'Platform:System.Private.Xml.dll' et 'Platform:System.Private.Xml.dll'. Impossible de déterminer le gagnant, car les versions de fichier et d'assembly sont identiques.
         Conflit détecté entre 'Platform:System.Private.Xml.Linq.dll' et 'Platform:System.Private.Xml.Linq.dll'. Impossible de déterminer le gagnant, car les versions de fichier et d'assembly sont identiques.
         Conflit détecté entre 'Platform:mscordaccore_amd64_amd64_8.0.2225.52707.dll' et 'Platform:mscordaccore_amd64_amd64_8.0.2225.52707.dll'. Impossible de déterminer le gagnant, car les versions de fichier et d'assembly sont identiques.
       Exécution de la tâche "ResolvePackageFileConflicts" terminée.
   2:6>Génération de la cible "_HandlePackageFileConflicts" terminée dans le projet "SystemeCaisse.Core.csproj".
       Cible "ResolveTargetingPackAssets" ignorée. Elle a été générée.
   2:6>Cible "ResolveAssemblyReferences" dans le fichier "C:\Program Files\dotnet\sdk\10.0.101\Microsoft.Common.CurrentVersion.targets" du projet "C:\Users\Administrateur\Documents\DossierPartage\PROGRAMATION\SystemeCaisse\SystemeCaisse.Core\SystemeCaisse.Core.csproj" (la cible "ResolveReferences" en dépend) :
       Utilisation de la tâche "ResolveAssemblyReference" à partir de l'assembly "Microsoft.Build.Tasks.Core, Version=15.1.0.0, Culture=neutral, PublicKeyToken=b03f5f7f11d50a3a".
       Tâche "ResolveAssemblyReference"
         TargetFrameworkMoniker :
             .NETCoreApp,Version=v8.0
         TargetFrameworkMonikerDisplayName :
             .NET 8.0
         TargetedRuntimeVersion :
             
         Assemblies :
             C:\Program Files\dotnet\packs\Microsoft.NETCore.App.Ref\8.0.22\ref/net8.0/Microsoft.CSharp.dll
                 Private = 'false'
             C:\Program Files\dotnet\packs\Microsoft.NETCore.App.Ref\8.0.22\ref/net8.0/Microsoft.VisualBasic.Core.dll
                 Private = 'false'
             C:\Program Files\dotnet\packs\Microsoft.NETCore.App.Ref\8.0.22\ref/net8.0/Microsoft.VisualBasic.dll
                 Private = 'false'
             C:\Program Files\dotnet\packs\Microsoft.NETCore.App.Ref\8.0.22\ref/net8.0/Microsoft.Win32.Primitives.dll
                 Private = 'false'
             C:\Program Files\dotnet\packs\Microsoft.NETCore.App.Ref\8.0.22\ref/net8.0/Microsoft.Win32.Registry.dll
                 Private = 'false'
             C:\Program Files\dotnet\packs\Microsoft.NETCore.App.Ref\8.0.22\ref/net8.0/System.AppContext.dll
                 Private = 'false'
             C:\Program Files\dotnet\packs\Microsoft.NETCore.App.Ref\8.0.22\ref/net8.0/System.Buffers.dll
                 Private = 'false'
             C:\Program Files\dotnet\packs\Microsoft.NETCore.App.Ref\8.0.22\ref/net8.0/System.Collections.Concurrent.dll
                 Private = 'false'
             C:\Program Files\dotnet\packs\Microsoft.NETCore.App.Ref\8.0.22\ref/net8.0/System.Collections.Immutable.dll
                 Private = 'false'
             C:\Program Files\dotnet\packs\Microsoft.NETCore.App.Ref\8.0.22\ref/net8.0/System.Collections.NonGeneric.dll
                 Private = 'false'
             C:\Program Files\dotnet\packs\Microsoft.NETCore.App.Ref\8.0.22\ref/net8.0/System.Collections.Specialized.dll
                 Private = 'false'
             C:\Program Files\dotnet\packs\Microsoft.NETCore.App.Ref\8.0.22\ref/net8.0/System.Collections.dll
                 Private = 'false'
             C:\Program Files\dotnet\packs\Microsoft.NETCore.App.Ref\8.0.22\ref/net8.0/System.ComponentModel.Annotations.dll
                 Private = 'false'
             C:\Program Files\dotnet\packs\Microsoft.NETCore.App.Ref\8.0.22\ref/net8.0/System.ComponentModel.DataAnnotations.dll
                 Private = 'false'
             C:\Program Files\dotnet\packs\Microsoft.NETCore.App.Ref\8.0.22\ref/net8.0/System.ComponentModel.EventBasedAsync.dll
                 Private = 'false'
             C:\Program Files\dotnet\packs\Microsoft.NETCore.App.Ref\8.0.22\ref/net8.0/System.ComponentModel.Primitives.dll
                 Private = 'false'
             C:\Program Files\dotnet\packs\Microsoft.NETCore.App.Ref\8.0.22\ref/net8.0/System.ComponentModel.TypeConverter.dll
                 Private = 'false'
             C:\Program Files\dotnet\packs\Microsoft.NETCore.App.Ref\8.0.22\ref/net8.0/System.ComponentModel.dll
                 Private = 'false'
             C:\Program Files\dotnet\packs\Microsoft.NETCore.App.Ref\8.0.22\ref/net8.0/System.Configuration.dll
                 Private = 'false'
             C:\Program Files\dotnet\packs\Microsoft.NETCore.App.Ref\8.0.22\ref/net8.0/System.Console.dll
                 Private = 'false'
             C:\Program Files\dotnet\packs\Microsoft.NETCore.App.Ref\8.0.22\ref/net8.0/System.Core.dll
                 Private = 'false'
             C:\Program Files\dotnet\packs\Microsoft.NETCore.App.Ref\8.0.22\ref/net8.0/System.Data.Common.dll
                 Private = 'false'
             C:\Program Files\dotnet\packs\Microsoft.NETCore.App.Ref\8.0.22\ref/net8.0/System.Data.DataSetExtensions.dll
                 Private = 'false'
             C:\Program Files\dotnet\packs\Microsoft.NETCore.App.Ref\8.0.22\ref/net8.0/System.Data.dll
                 Private = 'false'
             C:\Program Files\dotnet\packs\Microsoft.NETCore.App.Ref\8.0.22\ref/net8.0/System.Diagnostics.Contracts.dll
                 Private = 'false'
             C:\Program Files\dotnet\packs\Microsoft.NETCore.App.Ref\8.0.22\ref/net8.0/System.Diagnostics.Debug.dll
                 Private = 'false'
             C:\Program Files\dotnet\packs\Microsoft.NETCore.App.Ref\8.0.22\ref/net8.0/System.Diagnostics.DiagnosticSource.dll
                 Private = 'false'
             C:\Program Files\dotnet\packs\Microsoft.NETCore.App.Ref\8.0.22\ref/net8.0/System.Diagnostics.FileVersionInfo.dll
                 Private = 'false'
             C:\Program Files\dotnet\packs\Microsoft.NETCore.App.Ref\8.0.22\ref/net8.0/System.Diagnostics.Process.dll
                 Private = 'false'
             C:\Program Files\dotnet\packs\Microsoft.NETCore.App.Ref\8.0.22\ref/net8.0/System.Diagnostics.StackTrace.dll
                 Private = 'false'
             C:\Program Files\dotnet\packs\Microsoft.NETCore.App.Ref\8.0.22\ref/net8.0/System.Diagnostics.TextWriterTraceListener.dll
                 Private = 'false'
             C:\Program Files\dotnet\packs\Microsoft.NETCore.App.Ref\8.0.22\ref/net8.0/System.Diagnostics.Tools.dll
                 Private = 'false'
             C:\Program Files\dotnet\packs\Microsoft.NETCore.App.Ref\8.0.22\ref/net8.0/System.Diagnostics.TraceSource.dll
                 Private = 'false'
             C:\Program Files\dotnet\packs\Microsoft.NETCore.App.Ref\8.0.22\ref/net8.0/System.Diagnostics.Tracing.dll
                 Private = 'false'
             C:\Program Files\dotnet\packs\Microsoft.NETCore.App.Ref\8.0.22\ref/net8.0/System.Drawing.Primitives.dll
                 Private = 'false'
             C:\Program Files\dotnet\packs\Microsoft.NETCore.App.Ref\8.0.22\ref/net8.0/System.Drawing.dll
                 Private = 'false'
             C:\Program Files\dotnet\packs\Microsoft.NETCore.App.Ref\8.0.22\ref/net8.0/System.Dynamic.Runtime.dll
                 Private = 'false'
             C:\Program Files\dotnet\packs\Microsoft.NETCore.App.Ref\8.0.22\ref/net8.0/System.Formats.Asn1.dll
                 Private = 'false'
             C:\Program Files\dotnet\packs\Microsoft.NETCore.App.Ref\8.0.22\ref/net8.0/System.Formats.Tar.dll
                 Private = 'false'
             C:\Program Files\dotnet\packs\Microsoft.NETCore.App.Ref\8.0.22\ref/net8.0/System.Globalization.Calendars.dll
                 Private = 'false'
             C:\Program Files\dotnet\packs\Microsoft.NETCore.App.Ref\8.0.22\ref/net8.0/System.Globalization.Extensions.dll
                 Private = 'false'
             C:\Program Files\dotnet\packs\Microsoft.NETCore.App.Ref\8.0.22\ref/net8.0/System.Globalization.dll
                 Private = 'false'
             C:\Program Files\dotnet\packs\Microsoft.NETCore.App.Ref\8.0.22\ref/net8.0/System.IO.Compression.Brotli.dll
                 Private = 'false'
             C:\Program Files\dotnet\packs\Microsoft.NETCore.App.Ref\8.0.22\ref/net8.0/System.IO.Compression.FileSystem.dll
                 Private = 'false'
             C:\Program Files\dotnet\packs\Microsoft.NETCore.App.Ref\8.0.22\ref/net8.0/System.IO.Compression.ZipFile.dll
                 Private = 'false'
             C:\Program Files\dotnet\packs\Microsoft.NETCore.App.Ref\8.0.22\ref/net8.0/System.IO.Compression.dll
                 Private = 'false'
             C:\Program Files\dotnet\packs\Microsoft.NETCore.App.Ref\8.0.22\ref/net8.0/System.IO.FileSystem.AccessControl.dll
                 Private = 'false'
             C:\Program Files\dotnet\packs\Microsoft.NETCore.App.Ref\8.0.22\ref/net8.0/System.IO.FileSystem.DriveInfo.dll
                 Private = 'false'
             C:\Program Files\dotnet\packs\Microsoft.NETCore.App.Ref\8.0.22\ref/net8.0/System.IO.FileSystem.Primitives.dll
                 Private = 'false'
             C:\Program Files\dotnet\packs\Microsoft.NETCore.App.Ref\8.0.22\ref/net8.0/System.IO.FileSystem.Watcher.dll
                 Private = 'false'
             C:\Program Files\dotnet\packs\Microsoft.NETCore.App.Ref\8.0.22\ref/net8.0/System.IO.FileSystem.dll
                 Private = 'false'
             C:\Program Files\dotnet\packs\Microsoft.NETCore.App.Ref\8.0.22\ref/net8.0/System.IO.IsolatedStorage.dll
                 Private = 'false'
             C:\Program Files\dotnet\packs\Microsoft.NETCore.App.Ref\8.0.22\ref/net8.0/System.IO.MemoryMappedFiles.dll
                 Private = 'false'
             C:\Program Files\dotnet\packs\Microsoft.NETCore.App.Ref\8.0.22\ref/net8.0/System.IO.Pipes.AccessControl.dll
                 Private = 'false'
             C:\Program Files\dotnet\packs\Microsoft.NETCore.App.Ref\8.0.22\ref/net8.0/System.IO.Pipes.dll
                 Private = 'false'
             C:\Program Files\dotnet\packs\Microsoft.NETCore.App.Ref\8.0.22\ref/net8.0/System.IO.UnmanagedMemoryStream.dll
                 Private = 'false'
             C:\Program Files\dotnet\packs\Microsoft.NETCore.App.Ref\8.0.22\ref/net8.0/System.IO.dll
                 Private = 'false'
             C:\Program Files\dotnet\packs\Microsoft.NETCore.App.Ref\8.0.22\ref/net8.0/System.Linq.Expressions.dll
                 Private = 'false'
             C:\Program Files\dotnet\packs\Microsoft.NETCore.App.Ref\8.0.22\ref/net8.0/System.Linq.Parallel.dll
                 Private = 'false'
             C:\Program Files\dotnet\packs\Microsoft.NETCore.App.Ref\8.0.22\ref/net8.0/System.Linq.Queryable.dll
                 Private = 'false'
             C:\Program Files\dotnet\packs\Microsoft.NETCore.App.Ref\8.0.22\ref/net8.0/System.Linq.dll
                 Private = 'false'
             C:\Program Files\dotnet\packs\Microsoft.NETCore.App.Ref\8.0.22\ref/net8.0/System.Memory.dll
                 Private = 'false'
             C:\Program Files\dotnet\packs\Microsoft.NETCore.App.Ref\8.0.22\ref/net8.0/System.Net.Http.Json.dll
                 Private = 'false'
             C:\Program Files\dotnet\packs\Microsoft.NETCore.App.Ref\8.0.22\ref/net8.0/System.Net.Http.dll
                 Private = 'false'
             C:\Program Files\dotnet\packs\Microsoft.NETCore.App.Ref\8.0.22\ref/net8.0/System.Net.HttpListener.dll
                 Private = 'false'
             C:\Program Files\dotnet\packs\Microsoft.NETCore.App.Ref\8.0.22\ref/net8.0/System.Net.Mail.dll
                 Private = 'false'
             C:\Program Files\dotnet\packs\Microsoft.NETCore.App.Ref\8.0.22\ref/net8.0/System.Net.NameResolution.dll
                 Private = 'false'
             C:\Program Files\dotnet\packs\Microsoft.NETCore.App.Ref\8.0.22\ref/net8.0/System.Net.NetworkInformation.dll
                 Private = 'false'
             C:\Program Files\dotnet\packs\Microsoft.NETCore.App.Ref\8.0.22\ref/net8.0/System.Net.Ping.dll
                 Private = 'false'
             C:\Program Files\dotnet\packs\Microsoft.NETCore.App.Ref\8.0.22\ref/net8.0/System.Net.Primitives.dll
                 Private = 'false'
             C:\Program Files\dotnet\packs\Microsoft.NETCore.App.Ref\8.0.22\ref/net8.0/System.Net.Quic.dll
                 Private = 'false'
             C:\Program Files\dotnet\packs\Microsoft.NETCore.App.Ref\8.0.22\ref/net8.0/System.Net.Requests.dll
                 Private = 'false'
             C:\Program Files\dotnet\packs\Microsoft.NETCore.App.Ref\8.0.22\ref/net8.0/System.Net.Security.dll
                 Private = 'false'
             C:\Program Files\dotnet\packs\Microsoft.NETCore.App.Ref\8.0.22\ref/net8.0/System.Net.ServicePoint.dll
                 Private = 'false'
             C:\Program Files\dotnet\packs\Microsoft.NETCore.App.Ref\8.0.22\ref/net8.0/System.Net.Sockets.dll
                 Private = 'false'
             C:\Program Files\dotnet\packs\Microsoft.NETCore.App.Ref\8.0.22\ref/net8.0/System.Net.WebClient.dll
                 Private = 'false'
             C:\Program Files\dotnet\packs\Microsoft.NETCore.App.Ref\8.0.22\ref/net8.0/System.Net.WebHeaderCollection.dll
                 Private = 'false'
             C:\Program Files\dotnet\packs\Microsoft.NETCore.App.Ref\8.0.22\ref/net8.0/System.Net.WebProxy.dll
                 Private = 'false'
             C:\Program Files\dotnet\packs\Microsoft.NETCore.App.Ref\8.0.22\ref/net8.0/System.Net.WebSockets.Client.dll
                 Private = 'false'
             C:\Program Files\dotnet\packs\Microsoft.NETCore.App.Ref\8.0.22\ref/net8.0/System.Net.WebSockets.dll
                 Private = 'false'
             C:\Program Files\dotnet\packs\Microsoft.NETCore.App.Ref\8.0.22\ref/net8.0/System.Net.dll
                 Private = 'false'
             C:\Program Files\dotnet\packs\Microsoft.NETCore.App.Ref\8.0.22\ref/net8.0/System.Numerics.Vectors.dll
                 Private = 'false'
             C:\Program Files\dotnet\packs\Microsoft.NETCore.App.Ref\8.0.22\ref/net8.0/System.Numerics.dll
                 Private = 'false'
             C:\Program Files\dotnet\packs\Microsoft.NETCore.App.Ref\8.0.22\ref/net8.0/System.ObjectModel.dll
                 Private = 'false'
             C:\Program Files\dotnet\packs\Microsoft.NETCore.App.Ref\8.0.22\ref/net8.0/System.Reflection.DispatchProxy.dll
                 Private = 'false'
             C:\Program Files\dotnet\packs\Microsoft.NETCore.App.Ref\8.0.22\ref/net8.0/System.Reflection.Emit.ILGeneration.dll
                 Private = 'false'
             C:\Program Files\dotnet\packs\Microsoft.NETCore.App.Ref\8.0.22\ref/net8.0/System.Reflection.Emit.Lightweight.dll
                 Private = 'false'
             C:\Program Files\dotnet\packs\Microsoft.NETCore.App.Ref\8.0.22\ref/net8.0/System.Reflection.Emit.dll
                 Private = 'false'
             C:\Program Files\dotnet\packs\Microsoft.NETCore.App.Ref\8.0.22\ref/net8.0/System.Reflection.Extensions.dll
                 Private = 'false'
             C:\Program Files\dotnet\packs\Microsoft.NETCore.App.Ref\8.0.22\ref/net8.0/System.Reflection.Metadata.dll
                 Private = 'false'
             C:\Program Files\dotnet\packs\Microsoft.NETCore.App.Ref\8.0.22\ref/net8.0/System.Reflection.Primitives.dll
                 Private = 'false'
             C:\Program Files\dotnet\packs\Microsoft.NETCore.App.Ref\8.0.22\ref/net8.0/System.Reflection.TypeExtensions.dll
                 Private = 'false'
             C:\Program Files\dotnet\packs\Microsoft.NETCore.App.Ref\8.0.22\ref/net8.0/System.Reflection.dll
                 Private = 'false'
             C:\Program Files\dotnet\packs\Microsoft.NETCore.App.Ref\8.0.22\ref/net8.0/System.Resources.Reader.dll
                 Private = 'false'
             C:\Program Files\dotnet\packs\Microsoft.NETCore.App.Ref\8.0.22\ref/net8.0/System.Resources.ResourceManager.dll
                 Private = 'false'
             C:\Program Files\dotnet\packs\Microsoft.NETCore.App.Ref\8.0.22\ref/net8.0/System.Resources.Writer.dll
                 Private = 'false'
             C:\Program Files\dotnet\packs\Microsoft.NETCore.App.Ref\8.0.22\ref/net8.0/System.Runtime.CompilerServices.Unsafe.dll
                 Private = 'false'
             C:\Program Files\dotnet\packs\Microsoft.NETCore.App.Ref\8.0.22\ref/net8.0/System.Runtime.CompilerServices.VisualC.dll
                 Private = 'false'
             C:\Program Files\dotnet\packs\Microsoft.NETCore.App.Ref\8.0.22\ref/net8.0/System.Runtime.Extensions.dll
                 Private = 'false'
             C:\Program Files\dotnet\packs\Microsoft.NETCore.App.Ref\8.0.22\ref/net8.0/System.Runtime.Handles.dll
                 Private = 'false'
             C:\Program Files\dotnet\packs\Microsoft.NETCore.App.Ref\8.0.22\ref/net8.0/System.Runtime.InteropServices.JavaScript.dll
                 Private = 'false'
             C:\Program Files\dotnet\packs\Microsoft.NETCore.App.Ref\8.0.22\ref/net8.0/System.Runtime.InteropServices.RuntimeInformation.dll
                 Private = 'false'
             C:\Program Files\dotnet\packs\Microsoft.NETCore.App.Ref\8.0.22\ref/net8.0/System.Runtime.InteropServices.dll
                 Private = 'false'
             C:\Program Files\dotnet\packs\Microsoft.NETCore.App.Ref\8.0.22\ref/net8.0/System.Runtime.Intrinsics.dll
                 Private = 'false'
             C:\Program Files\dotnet\packs\Microsoft.NETCore.App.Ref\8.0.22\ref/net8.0/System.Runtime.Loader.dll
                 Private = 'false'
             C:\Program Files\dotnet\packs\Microsoft.NETCore.App.Ref\8.0.22\ref/net8.0/System.Runtime.Numerics.dll
                 Private = 'false'
             C:\Program Files\dotnet\packs\Microsoft.NETCore.App.Ref\8.0.22\ref/net8.0/System.Runtime.Serialization.Formatters.dll
                 Private = 'false'
             C:\Program Files\dotnet\packs\Microsoft.NETCore.App.Ref\8.0.22\ref/net8.0/System.Runtime.Serialization.Json.dll
                 Private = 'false'
             C:\Program Files\dotnet\packs\Microsoft.NETCore.App.Ref\8.0.22\ref/net8.0/System.Runtime.Serialization.Primitives.dll
                 Private = 'false'
             C:\Program Files\dotnet\packs\Microsoft.NETCore.App.Ref\8.0.22\ref/net8.0/System.Runtime.Serialization.Xml.dll
                 Private = 'false'
             C:\Program Files\dotnet\packs\Microsoft.NETCore.App.Ref\8.0.22\ref/net8.0/System.Runtime.Serialization.dll
                 Private = 'false'
             C:\Program Files\dotnet\packs\Microsoft.NETCore.App.Ref\8.0.22\ref/net8.0/System.Runtime.dll
                 Private = 'false'
             C:\Program Files\dotnet\packs\Microsoft.NETCore.App.Ref\8.0.22\ref/net8.0/System.Security.AccessControl.dll
                 Private = 'false'
             C:\Program Files\dotnet\packs\Microsoft.NETCore.App.Ref\8.0.22\ref/net8.0/System.Security.Claims.dll
                 Private = 'false'
             C:\Program Files\dotnet\packs\Microsoft.NETCore.App.Ref\8.0.22\ref/net8.0/System.Security.Cryptography.Algorithms.dll
                 Private = 'false'
             C:\Program Files\dotnet\packs\Microsoft.NETCore.App.Ref\8.0.22\ref/net8.0/System.Security.Cryptography.Cng.dll
                 Private = 'false'
             C:\Program Files\dotnet\packs\Microsoft.NETCore.App.Ref\8.0.22\ref/net8.0/System.Security.Cryptography.Csp.dll
                 Private = 'false'
             C:\Program Files\dotnet\packs\Microsoft.NETCore.App.Ref\8.0.22\ref/net8.0/System.Security.Cryptography.Encoding.dll
                 Private = 'false'
             C:\Program Files\dotnet\packs\Microsoft.NETCore.App.Ref\8.0.22\ref/net8.0/System.Security.Cryptography.OpenSsl.dll
                 Private = 'false'
             C:\Program Files\dotnet\packs\Microsoft.NETCore.App.Ref\8.0.22\ref/net8.0/System.Security.Cryptography.Primitives.dll
                 Private = 'false'
             C:\Program Files\dotnet\packs\Microsoft.NETCore.App.Ref\8.0.22\ref/net8.0/System.Security.Cryptography.X509Certificates.dll
                 Private = 'false'
             C:\Program Files\dotnet\packs\Microsoft.NETCore.App.Ref\8.0.22\ref/net8.0/System.Security.Cryptography.dll
                 Private = 'false'
             C:\Program Files\dotnet\packs\Microsoft.NETCore.App.Ref\8.0.22\ref/net8.0/System.Security.Principal.Windows.dll
                 Private = 'false'
             C:\Program Files\dotnet\packs\Microsoft.NETCore.App.Ref\8.0.22\ref/net8.0/System.Security.Principal.dll
                 Private = 'false'
             C:\Program Files\dotnet\packs\Microsoft.NETCore.App.Ref\8.0.22\ref/net8.0/System.Security.SecureString.dll
                 Private = 'false'
             C:\Program Files\dotnet\packs\Microsoft.NETCore.App.Ref\8.0.22\ref/net8.0/System.Security.dll
                 Private = 'false'
             C:\Program Files\dotnet\packs\Microsoft.NETCore.App.Ref\8.0.22\ref/net8.0/System.ServiceModel.Web.dll
                 Private = 'false'
             C:\Program Files\dotnet\packs\Microsoft.NETCore.App.Ref\8.0.22\ref/net8.0/System.ServiceProcess.dll
                 Private = 'false'
             C:\Program Files\dotnet\packs\Microsoft.NETCore.App.Ref\8.0.22\ref/net8.0/System.Text.Encoding.CodePages.dll
                 Private = 'false'
             C:\Program Files\dotnet\packs\Microsoft.NETCore.App.Ref\8.0.22\ref/net8.0/System.Text.Encoding.Extensions.dll
                 Private = 'false'
             C:\Program Files\dotnet\packs\Microsoft.NETCore.App.Ref\8.0.22\ref/net8.0/System.Text.Encoding.dll
                 Private = 'false'
             C:\Program Files\dotnet\packs\Microsoft.NETCore.App.Ref\8.0.22\ref/net8.0/System.Text.Encodings.Web.dll
                 Private = 'false'
             C:\Program Files\dotnet\packs\Microsoft.NETCore.App.Ref\8.0.22\ref/net8.0/System.Text.Json.dll
                 Private = 'false'
             C:\Program Files\dotnet\packs\Microsoft.NETCore.App.Ref\8.0.22\ref/net8.0/System.Text.RegularExpressions.dll
                 Private = 'false'
             C:\Program Files\dotnet\packs\Microsoft.NETCore.App.Ref\8.0.22\ref/net8.0/System.Threading.Channels.dll
                 Private = 'false'
             C:\Program Files\dotnet\packs\Microsoft.NETCore.App.Ref\8.0.22\ref/net8.0/System.Threading.Overlapped.dll
                 Private = 'false'
             C:\Program Files\dotnet\packs\Microsoft.NETCore.App.Ref\8.0.22\ref/net8.0/System.Threading.Tasks.Dataflow.dll
                 Private = 'false'
             C:\Program Files\dotnet\packs\Microsoft.NETCore.App.Ref\8.0.22\ref/net8.0/System.Threading.Tasks.Extensions.dll
                 Private = 'false'
             C:\Program Files\dotnet\packs\Microsoft.NETCore.App.Ref\8.0.22\ref/net8.0/System.Threading.Tasks.Parallel.dll
                 Private = 'false'
             C:\Program Files\dotnet\packs\Microsoft.NETCore.App.Ref\8.0.22\ref/net8.0/System.Threading.Tasks.dll
                 Private = 'false'
             C:\Program Files\dotnet\packs\Microsoft.NETCore.App.Ref\8.0.22\ref/net8.0/System.Threading.Thread.dll
                 Private = 'false'
             C:\Program Files\dotnet\packs\Microsoft.NETCore.App.Ref\8.0.22\ref/net8.0/System.Threading.ThreadPool.dll
                 Private = 'false'
             C:\Program Files\dotnet\packs\Microsoft.NETCore.App.Ref\8.0.22\ref/net8.0/System.Threading.Timer.dll
                 Private = 'false'
             C:\Program Files\dotnet\packs\Microsoft.NETCore.App.Ref\8.0.22\ref/net8.0/System.Threading.dll
                 Private = 'false'
             C:\Program Files\dotnet\packs\Microsoft.NETCore.App.Ref\8.0.22\ref/net8.0/System.Transactions.Local.dll
                 Private = 'false'
             C:\Program Files\dotnet\packs\Microsoft.NETCore.App.Ref\8.0.22\ref/net8.0/System.Transactions.dll
                 Private = 'false'
             C:\Program Files\dotnet\packs\Microsoft.NETCore.App.Ref\8.0.22\ref/net8.0/System.ValueTuple.dll
                 Private = 'false'
             C:\Program Files\dotnet\packs\Microsoft.NETCore.App.Ref\8.0.22\ref/net8.0/System.Web.HttpUtility.dll
                 Private = 'false'
             C:\Program Files\dotnet\packs\Microsoft.NETCore.App.Ref\8.0.22\ref/net8.0/System.Web.dll
                 Private = 'false'
             C:\Program Files\dotnet\packs\Microsoft.NETCore.App.Ref\8.0.22\ref/net8.0/System.Windows.dll
                 Private = 'false'
             C:\Program Files\dotnet\packs\Microsoft.NETCore.App.Ref\8.0.22\ref/net8.0/System.Xml.Linq.dll
                 Private = 'false'
             C:\Program Files\dotnet\packs\Microsoft.NETCore.App.Ref\8.0.22\ref/net8.0/System.Xml.ReaderWriter.dll
                 Private = 'false'
             C:\Program Files\dotnet\packs\Microsoft.NETCore.App.Ref\8.0.22\ref/net8.0/System.Xml.Serialization.dll
                 Private = 'false'
             C:\Program Files\dotnet\packs\Microsoft.NETCore.App.Ref\8.0.22\ref/net8.0/System.Xml.XDocument.dll
                 Private = 'false'
             C:\Program Files\dotnet\packs\Microsoft.NETCore.App.Ref\8.0.22\ref/net8.0/System.Xml.XPath.XDocument.dll
                 Private = 'false'
             C:\Program Files\dotnet\packs\Microsoft.NETCore.App.Ref\8.0.22\ref/net8.0/System.Xml.XPath.dll
                 Private = 'false'
             C:\Program Files\dotnet\packs\Microsoft.NETCore.App.Ref\8.0.22\ref/net8.0/System.Xml.XmlDocument.dll
                 Private = 'false'
             C:\Program Files\dotnet\packs\Microsoft.NETCore.App.Ref\8.0.22\ref/net8.0/System.Xml.XmlSerializer.dll
                 Private = 'false'
             C:\Program Files\dotnet\packs\Microsoft.NETCore.App.Ref\8.0.22\ref/net8.0/System.Xml.dll
                 Private = 'false'
             C:\Program Files\dotnet\packs\Microsoft.NETCore.App.Ref\8.0.22\ref/net8.0/System.dll
                 Private = 'false'
             C:\Program Files\dotnet\packs\Microsoft.NETCore.App.Ref\8.0.22\ref/net8.0/WindowsBase.dll
                 Private = 'false'
             C:\Program Files\dotnet\packs\Microsoft.NETCore.App.Ref\8.0.22\ref/net8.0/mscorlib.dll
                 Private = 'false'
             C:\Program Files\dotnet\packs\Microsoft.NETCore.App.Ref\8.0.22\ref/net8.0/netstandard.dll
                 Private = 'false'
         AssemblyFiles :
         CandidateAssemblyFiles :
         TargetFrameworkDirectories :
             
         NonCultureResourceDirectories :
             
         InstalledAssemblyTables :
         IgnoreInstalledAssemblyTable :
             False
         SearchPaths :
             {CandidateAssemblyFiles}
             {HintPathFromItem}
             {TargetFrameworkDirectory}
             {RawFileName}
         AllowedAssemblyExtensions :
             .winmd
             .dll
             .exe
         AllowedRelatedFileExtensions :
             .pdb
             .xml
             .pri
             .dll.config
             .exe.config
         AppConfigFile :
             
         AutoUnify :
             True
         EnableCustomCulture :
             False
         EnableCustomCulture :
             False
         CopyLocalDependenciesWhenParentReferenceInGac :
             True
         FindDependencies :
             True
         TargetProcessorArchitecture :
             msil
         StateFile :
             obj\Debug\net8.0\SystemeCaisse.Core.csproj.AssemblyReference.cache
         InstalledAssemblySubsetTables :
         IgnoreInstalledAssemblySubsetTable :
             False
         TargetFrameworkSubsets :
         FullTargetFrameworkSubsetNames :
             Full
         ProfileName :
             
         FullFrameworkFolders :
         LatestTargetFrameworkDirectories :
         ProfileTablesLocation :
         Référence primaire "Microsoft.CSharp, Version=8.0.0.0, Culture=neutral, PublicKeyToken=b03f5f7f11d50a3a".
             Le chemin de fichier résolu est "C:\Program Files\dotnet\packs\Microsoft.NETCore.App.Ref\8.0.22\ref\net8.0\Microsoft.CSharp.dll".
             Référence trouvée dans l'emplacement du chemin d'accès de recherche "{RawFileName}".
             Cette référence n'est pas "CopyLocal", car le paramètre "Private" d'au moins un élément source avait la valeur "false" et aucun élément source ne présentait de paramètre "Private" dont la valeur était "true".
         Référence primaire "Microsoft.VisualBasic.Core, Version=13.0.0.0, Culture=neutral, PublicKeyToken=b03f5f7f11d50a3a".
             Le chemin de fichier résolu est "C:\Program Files\dotnet\packs\Microsoft.NETCore.App.Ref\8.0.22\ref\net8.0\Microsoft.VisualBasic.Core.dll".
             Référence trouvée dans l'emplacement du chemin d'accès de recherche "{RawFileName}".
             Cette référence n'est pas "CopyLocal", car le paramètre "Private" d'au moins un élément source avait la valeur "false" et aucun élément source ne présentait de paramètre "Private" dont la valeur était "true".
         Référence primaire "Microsoft.VisualBasic, Version=10.0.0.0, Culture=neutral, PublicKeyToken=b03f5f7f11d50a3a".
             Le chemin de fichier résolu est "C:\Program Files\dotnet\packs\Microsoft.NETCore.App.Ref\8.0.22\ref\net8.0\Microsoft.VisualBasic.dll".
             Référence trouvée dans l'emplacement du chemin d'accès de recherche "{RawFileName}".
             Cette référence n'est pas "CopyLocal", car le paramètre "Private" d'au moins un élément source avait la valeur "false" et aucun élément source ne présentait de paramètre "Private" dont la valeur était "true".
         Référence primaire "Microsoft.Win32.Primitives, Version=8.0.0.0, Culture=neutral, PublicKeyToken=b03f5f7f11d50a3a".
             Le chemin de fichier résolu est "C:\Program Files\dotnet\packs\Microsoft.NETCore.App.Ref\8.0.22\ref\net8.0\Microsoft.Win32.Primitives.dll".
             Référence trouvée dans l'emplacement du chemin d'accès de recherche "{RawFileName}".
             Cette référence n'est pas "CopyLocal", car le paramètre "Private" d'au moins un élément source avait la valeur "false" et aucun élément source ne présentait de paramètre "Private" dont la valeur était "true".
         Référence primaire "Microsoft.Win32.Registry, Version=8.0.0.0, Culture=neutral, PublicKeyToken=b03f5f7f11d50a3a".
             Le chemin de fichier résolu est "C:\Program Files\dotnet\packs\Microsoft.NETCore.App.Ref\8.0.22\ref\net8.0\Microsoft.Win32.Registry.dll".
             Référence trouvée dans l'emplacement du chemin d'accès de recherche "{RawFileName}".
             Cette référence n'est pas "CopyLocal", car le paramètre "Private" d'au moins un élément source avait la valeur "false" et aucun élément source ne présentait de paramètre "Private" dont la valeur était "true".
         Référence primaire "System.AppContext, Version=8.0.0.0, Culture=neutral, PublicKeyToken=b03f5f7f11d50a3a".
             Le chemin de fichier résolu est "C:\Program Files\dotnet\packs\Microsoft.NETCore.App.Ref\8.0.22\ref\net8.0\System.AppContext.dll".
             Référence trouvée dans l'emplacement du chemin d'accès de recherche "{RawFileName}".
             Cette référence n'est pas "CopyLocal", car le paramètre "Private" d'au moins un élément source avait la valeur "false" et aucun élément source ne présentait de paramètre "Private" dont la valeur était "true".
         Référence primaire "System.Buffers, Version=8.0.0.0, Culture=neutral, PublicKeyToken=cc7b13ffcd2ddd51".
             Le chemin de fichier résolu est "C:\Program Files\dotnet\packs\Microsoft.NETCore.App.Ref\8.0.22\ref\net8.0\System.Buffers.dll".
             Référence trouvée dans l'emplacement du chemin d'accès de recherche "{RawFileName}".
             Cette référence n'est pas "CopyLocal", car le paramètre "Private" d'au moins un élément source avait la valeur "false" et aucun élément source ne présentait de paramètre "Private" dont la valeur était "true".
         Référence primaire "System.Collections.Concurrent, Version=8.0.0.0, Culture=neutral, PublicKeyToken=b03f5f7f11d50a3a".
             Le chemin de fichier résolu est "C:\Program Files\dotnet\packs\Microsoft.NETCore.App.Ref\8.0.22\ref\net8.0\System.Collections.Concurrent.dll".
             Référence trouvée dans l'emplacement du chemin d'accès de recherche "{RawFileName}".
             Cette référence n'est pas "CopyLocal", car le paramètre "Private" d'au moins un élément source avait la valeur "false" et aucun élément source ne présentait de paramètre "Private" dont la valeur était "true".
         Référence primaire "System.Collections.Immutable, Version=8.0.0.0, Culture=neutral, PublicKeyToken=b03f5f7f11d50a3a".
             Le chemin de fichier résolu est "C:\Program Files\dotnet\packs\Microsoft.NETCore.App.Ref\8.0.22\ref\net8.0\System.Collections.Immutable.dll".
             Référence trouvée dans l'emplacement du chemin d'accès de recherche "{RawFileName}".
             Cette référence n'est pas "CopyLocal", car le paramètre "Private" d'au moins un élément source avait la valeur "false" et aucun élément source ne présentait de paramètre "Private" dont la valeur était "true".
         Référence primaire "System.Collections.NonGeneric, Version=8.0.0.0, Culture=neutral, PublicKeyToken=b03f5f7f11d50a3a".
             Le chemin de fichier résolu est "C:\Program Files\dotnet\packs\Microsoft.NETCore.App.Ref\8.0.22\ref\net8.0\System.Collections.NonGeneric.dll".
             Référence trouvée dans l'emplacement du chemin d'accès de recherche "{RawFileName}".
             Cette référence n'est pas "CopyLocal", car le paramètre "Private" d'au moins un élément source avait la valeur "false" et aucun élément source ne présentait de paramètre "Private" dont la valeur était "true".
         Référence primaire "System.Collections.Specialized, Version=8.0.0.0, Culture=neutral, PublicKeyToken=b03f5f7f11d50a3a".
             Le chemin de fichier résolu est "C:\Program Files\dotnet\packs\Microsoft.NETCore.App.Ref\8.0.22\ref\net8.0\System.Collections.Specialized.dll".
             Référence trouvée dans l'emplacement du chemin d'accès de recherche "{RawFileName}".
             Cette référence n'est pas "CopyLocal", car le paramètre "Private" d'au moins un élément source avait la valeur "false" et aucun élément source ne présentait de paramètre "Private" dont la valeur était "true".
         Référence primaire "System.Collections, Version=8.0.0.0, Culture=neutral, PublicKeyToken=b03f5f7f11d50a3a".
             Le chemin de fichier résolu est "C:\Program Files\dotnet\packs\Microsoft.NETCore.App.Ref\8.0.22\ref\net8.0\System.Collections.dll".
             Référence trouvée dans l'emplacement du chemin d'accès de recherche "{RawFileName}".
             Cette référence n'est pas "CopyLocal", car le paramètre "Private" d'au moins un élément source avait la valeur "false" et aucun élément source ne présentait de paramètre "Private" dont la valeur était "true".
         Référence primaire "System.ComponentModel.Annotations, Version=8.0.0.0, Culture=neutral, PublicKeyToken=b03f5f7f11d50a3a".
             Le chemin de fichier résolu est "C:\Program Files\dotnet\packs\Microsoft.NETCore.App.Ref\8.0.22\ref\net8.0\System.ComponentModel.Annotations.dll".
             Référence trouvée dans l'emplacement du chemin d'accès de recherche "{RawFileName}".
             Cette référence n'est pas "CopyLocal", car le paramètre "Private" d'au moins un élément source avait la valeur "false" et aucun élément source ne présentait de paramètre "Private" dont la valeur était "true".
         Référence primaire "System.ComponentModel.DataAnnotations, Version=4.0.0.0, Culture=neutral, PublicKeyToken=31bf3856ad364e35".
             Le chemin de fichier résolu est "C:\Program Files\dotnet\packs\Microsoft.NETCore.App.Ref\8.0.22\ref\net8.0\System.ComponentModel.DataAnnotations.dll".
             Référence trouvée dans l'emplacement du chemin d'accès de recherche "{RawFileName}".
             Cette référence n'est pas "CopyLocal", car le paramètre "Private" d'au moins un élément source avait la valeur "false" et aucun élément source ne présentait de paramètre "Private" dont la valeur était "true".
         Référence primaire "System.ComponentModel.EventBasedAsync, Version=8.0.0.0, Culture=neutral, PublicKeyToken=b03f5f7f11d50a3a".
             Le chemin de fichier résolu est "C:\Program Files\dotnet\packs\Microsoft.NETCore.App.Ref\8.0.22\ref\net8.0\System.ComponentModel.EventBasedAsync.dll".
             Référence trouvée dans l'emplacement du chemin d'accès de recherche "{RawFileName}".
             Cette référence n'est pas "CopyLocal", car le paramètre "Private" d'au moins un élément source avait la valeur "false" et aucun élément source ne présentait de paramètre "Private" dont la valeur était "true".
         Référence primaire "System.ComponentModel.Primitives, Version=8.0.0.0, Culture=neutral, PublicKeyToken=b03f5f7f11d50a3a".
             Le chemin de fichier résolu est "C:\Program Files\dotnet\packs\Microsoft.NETCore.App.Ref\8.0.22\ref\net8.0\System.ComponentModel.Primitives.dll".
             Référence trouvée dans l'emplacement du chemin d'accès de recherche "{RawFileName}".
             Cette référence n'est pas "CopyLocal", car le paramètre "Private" d'au moins un élément source avait la valeur "false" et aucun élément source ne présentait de paramètre "Private" dont la valeur était "true".
         Référence primaire "System.ComponentModel.TypeConverter, Version=8.0.0.0, Culture=neutral, PublicKeyToken=b03f5f7f11d50a3a".
             Le chemin de fichier résolu est "C:\Program Files\dotnet\packs\Microsoft.NETCore.App.Ref\8.0.22\ref\net8.0\System.ComponentModel.TypeConverter.dll".
             Référence trouvée dans l'emplacement du chemin d'accès de recherche "{RawFileName}".
             Cette référence n'est pas "CopyLocal", car le paramètre "Private" d'au moins un élément source avait la valeur "false" et aucun élément source ne présentait de paramètre "Private" dont la valeur était "true".
         Référence primaire "System.ComponentModel, Version=8.0.0.0, Culture=neutral, PublicKeyToken=b03f5f7f11d50a3a".
             Le chemin de fichier résolu est "C:\Program Files\dotnet\packs\Microsoft.NETCore.App.Ref\8.0.22\ref\net8.0\System.ComponentModel.dll".
             Référence trouvée dans l'emplacement du chemin d'accès de recherche "{RawFileName}".
             Cette référence n'est pas "CopyLocal", car le paramètre "Private" d'au moins un élément source avait la valeur "false" et aucun élément source ne présentait de paramètre "Private" dont la valeur était "true".
         Référence primaire "System.Configuration, Version=4.0.0.0, Culture=neutral, PublicKeyToken=b03f5f7f11d50a3a".
             Le chemin de fichier résolu est "C:\Program Files\dotnet\packs\Microsoft.NETCore.App.Ref\8.0.22\ref\net8.0\System.Configuration.dll".
             Référence trouvée dans l'emplacement du chemin d'accès de recherche "{RawFileName}".
             Cette référence n'est pas "CopyLocal", car le paramètre "Private" d'au moins un élément source avait la valeur "false" et aucun élément source ne présentait de paramètre "Private" dont la valeur était "true".
         Référence primaire "System.Console, Version=8.0.0.0, Culture=neutral, PublicKeyToken=b03f5f7f11d50a3a".
             Le chemin de fichier résolu est "C:\Program Files\dotnet\packs\Microsoft.NETCore.App.Ref\8.0.22\ref\net8.0\System.Console.dll".
             Référence trouvée dans l'emplacement du chemin d'accès de recherche "{RawFileName}".
             Cette référence n'est pas "CopyLocal", car le paramètre "Private" d'au moins un élément source avait la valeur "false" et aucun élément source ne présentait de paramètre "Private" dont la valeur était "true".
         Référence primaire "System.Core, Version=4.0.0.0, Culture=neutral, PublicKeyToken=b77a5c561934e089".
             Le chemin de fichier résolu est "C:\Program Files\dotnet\packs\Microsoft.NETCore.App.Ref\8.0.22\ref\net8.0\System.Core.dll".
             Référence trouvée dans l'emplacement du chemin d'accès de recherche "{RawFileName}".
             Cette référence n'est pas "CopyLocal", car le paramètre "Private" d'au moins un élément source avait la valeur "false" et aucun élément source ne présentait de paramètre "Private" dont la valeur était "true".
         Référence primaire "System.Data.Common, Version=8.0.0.0, Culture=neutral, PublicKeyToken=b03f5f7f11d50a3a".
             Le chemin de fichier résolu est "C:\Program Files\dotnet\packs\Microsoft.NETCore.App.Ref\8.0.22\ref\net8.0\System.Data.Common.dll".
             Référence trouvée dans l'emplacement du chemin d'accès de recherche "{RawFileName}".
             Cette référence n'est pas "CopyLocal", car le paramètre "Private" d'au moins un élément source avait la valeur "false" et aucun élément source ne présentait de paramètre "Private" dont la valeur était "true".
         Référence primaire "System.Data.DataSetExtensions, Version=8.0.0.0, Culture=neutral, PublicKeyToken=b77a5c561934e089".
             Le chemin de fichier résolu est "C:\Program Files\dotnet\packs\Microsoft.NETCore.App.Ref\8.0.22\ref\net8.0\System.Data.DataSetExtensions.dll".
             Référence trouvée dans l'emplacement du chemin d'accès de recherche "{RawFileName}".
             Cette référence n'est pas "CopyLocal", car le paramètre "Private" d'au moins un élément source avait la valeur "false" et aucun élément source ne présentait de paramètre "Private" dont la valeur était "true".
         Référence primaire "System.Data, Version=4.0.0.0, Culture=neutral, PublicKeyToken=b77a5c561934e089".
             Le chemin de fichier résolu est "C:\Program Files\dotnet\packs\Microsoft.NETCore.App.Ref\8.0.22\ref\net8.0\System.Data.dll".
             Référence trouvée dans l'emplacement du chemin d'accès de recherche "{RawFileName}".
             Cette référence n'est pas "CopyLocal", car le paramètre "Private" d'au moins un élément source avait la valeur "false" et aucun élément source ne présentait de paramètre "Private" dont la valeur était "true".
         Référence primaire "System.Diagnostics.Contracts, Version=8.0.0.0, Culture=neutral, PublicKeyToken=b03f5f7f11d50a3a".
             Le chemin de fichier résolu est "C:\Program Files\dotnet\packs\Microsoft.NETCore.App.Ref\8.0.22\ref\net8.0\System.Diagnostics.Contracts.dll".
             Référence trouvée dans l'emplacement du chemin d'accès de recherche "{RawFileName}".
             Cette référence n'est pas "CopyLocal", car le paramètre "Private" d'au moins un élément source avait la valeur "false" et aucun élément source ne présentait de paramètre "Private" dont la valeur était "true".
         Référence primaire "System.Diagnostics.Debug, Version=8.0.0.0, Culture=neutral, PublicKeyToken=b03f5f7f11d50a3a".
             Le chemin de fichier résolu est "C:\Program Files\dotnet\packs\Microsoft.NETCore.App.Ref\8.0.22\ref\net8.0\System.Diagnostics.Debug.dll".
             Référence trouvée dans l'emplacement du chemin d'accès de recherche "{RawFileName}".
             Cette référence n'est pas "CopyLocal", car le paramètre "Private" d'au moins un élément source avait la valeur "false" et aucun élément source ne présentait de paramètre "Private" dont la valeur était "true".
         Référence primaire "System.Diagnostics.DiagnosticSource, Version=8.0.0.0, Culture=neutral, PublicKeyToken=cc7b13ffcd2ddd51".
             Le chemin de fichier résolu est "C:\Program Files\dotnet\packs\Microsoft.NETCore.App.Ref\8.0.22\ref\net8.0\System.Diagnostics.DiagnosticSource.dll".
             Référence trouvée dans l'emplacement du chemin d'accès de recherche "{RawFileName}".
             Cette référence n'est pas "CopyLocal", car le paramètre "Private" d'au moins un élément source avait la valeur "false" et aucun élément source ne présentait de paramètre "Private" dont la valeur était "true".
         Référence primaire "System.Diagnostics.FileVersionInfo, Version=8.0.0.0, Culture=neutral, PublicKeyToken=b03f5f7f11d50a3a".
             Le chemin de fichier résolu est "C:\Program Files\dotnet\packs\Microsoft.NETCore.App.Ref\8.0.22\ref\net8.0\System.Diagnostics.FileVersionInfo.dll".
             Référence trouvée dans l'emplacement du chemin d'accès de recherche "{RawFileName}".
             Cette référence n'est pas "CopyLocal", car le paramètre "Private" d'au moins un élément source avait la valeur "false" et aucun élément source ne présentait de paramètre "Private" dont la valeur était "true".
         Référence primaire "System.Diagnostics.Process, Version=8.0.0.0, Culture=neutral, PublicKeyToken=b03f5f7f11d50a3a".
             Le chemin de fichier résolu est "C:\Program Files\dotnet\packs\Microsoft.NETCore.App.Ref\8.0.22\ref\net8.0\System.Diagnostics.Process.dll".
             Référence trouvée dans l'emplacement du chemin d'accès de recherche "{RawFileName}".
             Cette référence n'est pas "CopyLocal", car le paramètre "Private" d'au moins un élément source avait la valeur "false" et aucun élément source ne présentait de paramètre "Private" dont la valeur était "true".
         Référence primaire "System.Diagnostics.StackTrace, Version=8.0.0.0, Culture=neutral, PublicKeyToken=b03f5f7f11d50a3a".
             Le chemin de fichier résolu est "C:\Program Files\dotnet\packs\Microsoft.NETCore.App.Ref\8.0.22\ref\net8.0\System.Diagnostics.StackTrace.dll".
             Référence trouvée dans l'emplacement du chemin d'accès de recherche "{RawFileName}".
             Cette référence n'est pas "CopyLocal", car le paramètre "Private" d'au moins un élément source avait la valeur "false" et aucun élément source ne présentait de paramètre "Private" dont la valeur était "true".
         Référence primaire "System.Diagnostics.TextWriterTraceListener, Version=8.0.0.0, Culture=neutral, PublicKeyToken=b03f5f7f11d50a3a".
             Le chemin de fichier résolu est "C:\Program Files\dotnet\packs\Microsoft.NETCore.App.Ref\8.0.22\ref\net8.0\System.Diagnostics.TextWriterTraceListener.dll".
             Référence trouvée dans l'emplacement du chemin d'accès de recherche "{RawFileName}".
             Cette référence n'est pas "CopyLocal", car le paramètre "Private" d'au moins un élément source avait la valeur "false" et aucun élément source ne présentait de paramètre "Private" dont la valeur était "true".
         Référence primaire "System.Diagnostics.Tools, Version=8.0.0.0, Culture=neutral, PublicKeyToken=b03f5f7f11d50a3a".
             Le chemin de fichier résolu est "C:\Program Files\dotnet\packs\Microsoft.NETCore.App.Ref\8.0.22\ref\net8.0\System.Diagnostics.Tools.dll".
             Référence trouvée dans l'emplacement du chemin d'accès de recherche "{RawFileName}".
             Cette référence n'est pas "CopyLocal", car le paramètre "Private" d'au moins un élément source avait la valeur "false" et aucun élément source ne présentait de paramètre "Private" dont la valeur était "true".
         Référence primaire "System.Diagnostics.TraceSource, Version=8.0.0.0, Culture=neutral, PublicKeyToken=b03f5f7f11d50a3a".
             Le chemin de fichier résolu est "C:\Program Files\dotnet\packs\Microsoft.NETCore.App.Ref\8.0.22\ref\net8.0\System.Diagnostics.TraceSource.dll".
             Référence trouvée dans l'emplacement du chemin d'accès de recherche "{RawFileName}".
             Cette référence n'est pas "CopyLocal", car le paramètre "Private" d'au moins un élément source avait la valeur "false" et aucun élément source ne présentait de paramètre "Private" dont la valeur était "true".
         Référence primaire "System.Diagnostics.Tracing, Version=8.0.0.0, Culture=neutral, PublicKeyToken=b03f5f7f11d50a3a".
             Le chemin de fichier résolu est "C:\Program Files\dotnet\packs\Microsoft.NETCore.App.Ref\8.0.22\ref\net8.0\System.Diagnostics.Tracing.dll".
             Référence trouvée dans l'emplacement du chemin d'accès de recherche "{RawFileName}".
             Cette référence n'est pas "CopyLocal", car le paramètre "Private" d'au moins un élément source avait la valeur "false" et aucun élément source ne présentait de paramètre "Private" dont la valeur était "true".
         Référence primaire "System.Drawing.Primitives, Version=8.0.0.0, Culture=neutral, PublicKeyToken=b03f5f7f11d50a3a".
             Le chemin de fichier résolu est "C:\Program Files\dotnet\packs\Microsoft.NETCore.App.Ref\8.0.22\ref\net8.0\System.Drawing.Primitives.dll".
             Référence trouvée dans l'emplacement du chemin d'accès de recherche "{RawFileName}".
             Cette référence n'est pas "CopyLocal", car le paramètre "Private" d'au moins un élément source avait la valeur "false" et aucun élément source ne présentait de paramètre "Private" dont la valeur était "true".
         Référence primaire "System.Drawing, Version=4.0.0.0, Culture=neutral, PublicKeyToken=b03f5f7f11d50a3a".
             Le chemin de fichier résolu est "C:\Program Files\dotnet\packs\Microsoft.NETCore.App.Ref\8.0.22\ref\net8.0\System.Drawing.dll".
             Référence trouvée dans l'emplacement du chemin d'accès de recherche "{RawFileName}".
             Cette référence n'est pas "CopyLocal", car le paramètre "Private" d'au moins un élément source avait la valeur "false" et aucun élément source ne présentait de paramètre "Private" dont la valeur était "true".
         Référence primaire "System.Dynamic.Runtime, Version=8.0.0.0, Culture=neutral, PublicKeyToken=b03f5f7f11d50a3a".
             Le chemin de fichier résolu est "C:\Program Files\dotnet\packs\Microsoft.NETCore.App.Ref\8.0.22\ref\net8.0\System.Dynamic.Runtime.dll".
             Référence trouvée dans l'emplacement du chemin d'accès de recherche "{RawFileName}".
             Cette référence n'est pas "CopyLocal", car le paramètre "Private" d'au moins un élément source avait la valeur "false" et aucun élément source ne présentait de paramètre "Private" dont la valeur était "true".
         Référence primaire "System.Formats.Asn1, Version=8.0.0.0, Culture=neutral, PublicKeyToken=cc7b13ffcd2ddd51".
             Le chemin de fichier résolu est "C:\Program Files\dotnet\packs\Microsoft.NETCore.App.Ref\8.0.22\ref\net8.0\System.Formats.Asn1.dll".
             Référence trouvée dans l'emplacement du chemin d'accès de recherche "{RawFileName}".
             Cette référence n'est pas "CopyLocal", car le paramètre "Private" d'au moins un élément source avait la valeur "false" et aucun élément source ne présentait de paramètre "Private" dont la valeur était "true".
         Référence primaire "System.Formats.Tar, Version=8.0.0.0, Culture=neutral, PublicKeyToken=cc7b13ffcd2ddd51".
             Le chemin de fichier résolu est "C:\Program Files\dotnet\packs\Microsoft.NETCore.App.Ref\8.0.22\ref\net8.0\System.Formats.Tar.dll".
             Référence trouvée dans l'emplacement du chemin d'accès de recherche "{RawFileName}".
             Cette référence n'est pas "CopyLocal", car le paramètre "Private" d'au moins un élément source avait la valeur "false" et aucun élément source ne présentait de paramètre "Private" dont la valeur était "true".
         Référence primaire "System.Globalization.Calendars, Version=8.0.0.0, Culture=neutral, PublicKeyToken=b03f5f7f11d50a3a".
             Le chemin de fichier résolu est "C:\Program Files\dotnet\packs\Microsoft.NETCore.App.Ref\8.0.22\ref\net8.0\System.Globalization.Calendars.dll".
             Référence trouvée dans l'emplacement du chemin d'accès de recherche "{RawFileName}".
             Cette référence n'est pas "CopyLocal", car le paramètre "Private" d'au moins un élément source avait la valeur "false" et aucun élément source ne présentait de paramètre "Private" dont la valeur était "true".
         Référence primaire "System.Globalization.Extensions, Version=8.0.0.0, Culture=neutral, PublicKeyToken=b03f5f7f11d50a3a".
             Le chemin de fichier résolu est "C:\Program Files\dotnet\packs\Microsoft.NETCore.App.Ref\8.0.22\ref\net8.0\System.Globalization.Extensions.dll".
             Référence trouvée dans l'emplacement du chemin d'accès de recherche "{RawFileName}".
             Cette référence n'est pas "CopyLocal", car le paramètre "Private" d'au moins un élément source avait la valeur "false" et aucun élément source ne présentait de paramètre "Private" dont la valeur était "true".
         Référence primaire "System.Globalization, Version=8.0.0.0, Culture=neutral, PublicKeyToken=b03f5f7f11d50a3a".
             Le chemin de fichier résolu est "C:\Program Files\dotnet\packs\Microsoft.NETCore.App.Ref\8.0.22\ref\net8.0\System.Globalization.dll".
             Référence trouvée dans l'emplacement du chemin d'accès de recherche "{RawFileName}".
             Cette référence n'est pas "CopyLocal", car le paramètre "Private" d'au moins un élément source avait la valeur "false" et aucun élément source ne présentait de paramètre "Private" dont la valeur était "true".
         Référence primaire "System.IO.Compression.Brotli, Version=8.0.0.0, Culture=neutral, PublicKeyToken=b77a5c561934e089".
             Le chemin de fichier résolu est "C:\Program Files\dotnet\packs\Microsoft.NETCore.App.Ref\8.0.22\ref\net8.0\System.IO.Compression.Brotli.dll".
             Référence trouvée dans l'emplacement du chemin d'accès de recherche "{RawFileName}".
             Cette référence n'est pas "CopyLocal", car le paramètre "Private" d'au moins un élément source avait la valeur "false" et aucun élément source ne présentait de paramètre "Private" dont la valeur était "true".
         Référence primaire "System.IO.Compression.FileSystem, Version=4.0.0.0, Culture=neutral, PublicKeyToken=b77a5c561934e089".
             Le chemin de fichier résolu est "C:\Program Files\dotnet\packs\Microsoft.NETCore.App.Ref\8.0.22\ref\net8.0\System.IO.Compression.FileSystem.dll".
             Référence trouvée dans l'emplacement du chemin d'accès de recherche "{RawFileName}".
             Cette référence n'est pas "CopyLocal", car le paramètre "Private" d'au moins un élément source avait la valeur "false" et aucun élément source ne présentait de paramètre "Private" dont la valeur était "true".
         Référence primaire "System.IO.Compression.ZipFile, Version=8.0.0.0, Culture=neutral, PublicKeyToken=b77a5c561934e089".
             Le chemin de fichier résolu est "C:\Program Files\dotnet\packs\Microsoft.NETCore.App.Ref\8.0.22\ref\net8.0\System.IO.Compression.ZipFile.dll".
             Référence trouvée dans l'emplacement du chemin d'accès de recherche "{RawFileName}".
             Cette référence n'est pas "CopyLocal", car le paramètre "Private" d'au moins un élément source avait la valeur "false" et aucun élément source ne présentait de paramètre "Private" dont la valeur était "true".
         Référence primaire "System.IO.Compression, Version=8.0.0.0, Culture=neutral, PublicKeyToken=b77a5c561934e089".
             Le chemin de fichier résolu est "C:\Program Files\dotnet\packs\Microsoft.NETCore.App.Ref\8.0.22\ref\net8.0\System.IO.Compression.dll".
             Référence trouvée dans l'emplacement du chemin d'accès de recherche "{RawFileName}".
             Cette référence n'est pas "CopyLocal", car le paramètre "Private" d'au moins un élément source avait la valeur "false" et aucun élément source ne présentait de paramètre "Private" dont la valeur était "true".
         Référence primaire "System.IO.FileSystem.AccessControl, Version=8.0.0.0, Culture=neutral, PublicKeyToken=b03f5f7f11d50a3a".
             Le chemin de fichier résolu est "C:\Program Files\dotnet\packs\Microsoft.NETCore.App.Ref\8.0.22\ref\net8.0\System.IO.FileSystem.AccessControl.dll".
             Référence trouvée dans l'emplacement du chemin d'accès de recherche "{RawFileName}".
             Cette référence n'est pas "CopyLocal", car le paramètre "Private" d'au moins un élément source avait la valeur "false" et aucun élément source ne présentait de paramètre "Private" dont la valeur était "true".
         Référence primaire "System.IO.FileSystem.DriveInfo, Version=8.0.0.0, Culture=neutral, PublicKeyToken=b03f5f7f11d50a3a".
             Le chemin de fichier résolu est "C:\Program Files\dotnet\packs\Microsoft.NETCore.App.Ref\8.0.22\ref\net8.0\System.IO.FileSystem.DriveInfo.dll".
             Référence trouvée dans l'emplacement du chemin d'accès de recherche "{RawFileName}".
             Cette référence n'est pas "CopyLocal", car le paramètre "Private" d'au moins un élément source avait la valeur "false" et aucun élément source ne présentait de paramètre "Private" dont la valeur était "true".
         Référence primaire "System.IO.FileSystem.Primitives, Version=8.0.0.0, Culture=neutral, PublicKeyToken=b03f5f7f11d50a3a".
             Le chemin de fichier résolu est "C:\Program Files\dotnet\packs\Microsoft.NETCore.App.Ref\8.0.22\ref\net8.0\System.IO.FileSystem.Primitives.dll".
             Référence trouvée dans l'emplacement du chemin d'accès de recherche "{RawFileName}".
             Cette référence n'est pas "CopyLocal", car le paramètre "Private" d'au moins un élément source avait la valeur "false" et aucun élément source ne présentait de paramètre "Private" dont la valeur était "true".
         Référence primaire "System.IO.FileSystem.Watcher, Version=8.0.0.0, Culture=neutral, PublicKeyToken=b03f5f7f11d50a3a".
             Le chemin de fichier résolu est "C:\Program Files\dotnet\packs\Microsoft.NETCore.App.Ref\8.0.22\ref\net8.0\System.IO.FileSystem.Watcher.dll".
             Référence trouvée dans l'emplacement du chemin d'accès de recherche "{RawFileName}".
             Cette référence n'est pas "CopyLocal", car le paramètre "Private" d'au moins un élément source avait la valeur "false" et aucun élément source ne présentait de paramètre "Private" dont la valeur était "true".
         Référence primaire "System.IO.FileSystem, Version=8.0.0.0, Culture=neutral, PublicKeyToken=b03f5f7f11d50a3a".
             Le chemin de fichier résolu est "C:\Program Files\dotnet\packs\Microsoft.NETCore.App.Ref\8.0.22\ref\net8.0\System.IO.FileSystem.dll".
             Référence trouvée dans l'emplacement du chemin d'accès de recherche "{RawFileName}".
             Cette référence n'est pas "CopyLocal", car le paramètre "Private" d'au moins un élément source avait la valeur "false" et aucun élément source ne présentait de paramètre "Private" dont la valeur était "true".
         Référence primaire "System.IO.IsolatedStorage, Version=8.0.0.0, Culture=neutral, PublicKeyToken=b03f5f7f11d50a3a".
             Le chemin de fichier résolu est "C:\Program Files\dotnet\packs\Microsoft.NETCore.App.Ref\8.0.22\ref\net8.0\System.IO.IsolatedStorage.dll".
             Référence trouvée dans l'emplacement du chemin d'accès de recherche "{RawFileName}".
             Cette référence n'est pas "CopyLocal", car le paramètre "Private" d'au moins un élément source avait la valeur "false" et aucun élément source ne présentait de paramètre "Private" dont la valeur était "true".
         Référence primaire "System.IO.MemoryMappedFiles, Version=8.0.0.0, Culture=neutral, PublicKeyToken=b03f5f7f11d50a3a".
             Le chemin de fichier résolu est "C:\Program Files\dotnet\packs\Microsoft.NETCore.App.Ref\8.0.22\ref\net8.0\System.IO.MemoryMappedFiles.dll".
             Référence trouvée dans l'emplacement du chemin d'accès de recherche "{RawFileName}".
             Cette référence n'est pas "CopyLocal", car le paramètre "Private" d'au moins un élément source avait la valeur "false" et aucun élément source ne présentait de paramètre "Private" dont la valeur était "true".
         Référence primaire "System.IO.Pipes.AccessControl, Version=8.0.0.0, Culture=neutral, PublicKeyToken=b03f5f7f11d50a3a".
             Le chemin de fichier résolu est "C:\Program Files\dotnet\packs\Microsoft.NETCore.App.Ref\8.0.22\ref\net8.0\System.IO.Pipes.AccessControl.dll".
             Référence trouvée dans l'emplacement du chemin d'accès de recherche "{RawFileName}".
             Cette référence n'est pas "CopyLocal", car le paramètre "Private" d'au moins un élément source avait la valeur "false" et aucun élément source ne présentait de paramètre "Private" dont la valeur était "true".
         Référence primaire "System.IO.Pipes, Version=8.0.0.0, Culture=neutral, PublicKeyToken=b03f5f7f11d50a3a".
             Le chemin de fichier résolu est "C:\Program Files\dotnet\packs\Microsoft.NETCore.App.Ref\8.0.22\ref\net8.0\System.IO.Pipes.dll".
             Référence trouvée dans l'emplacement du chemin d'accès de recherche "{RawFileName}".
             Cette référence n'est pas "CopyLocal", car le paramètre "Private" d'au moins un élément source avait la valeur "false" et aucun élément source ne présentait de paramètre "Private" dont la valeur était "true".
         Référence primaire "System.IO.UnmanagedMemoryStream, Version=8.0.0.0, Culture=neutral, PublicKeyToken=b03f5f7f11d50a3a".
             Le chemin de fichier résolu est "C:\Program Files\dotnet\packs\Microsoft.NETCore.App.Ref\8.0.22\ref\net8.0\System.IO.UnmanagedMemoryStream.dll".
             Référence trouvée dans l'emplacement du chemin d'accès de recherche "{RawFileName}".
             Cette référence n'est pas "CopyLocal", car le paramètre "Private" d'au moins un élément source avait la valeur "false" et aucun élément source ne présentait de paramètre "Private" dont la valeur était "true".
         Référence primaire "System.IO, Version=8.0.0.0, Culture=neutral, PublicKeyToken=b03f5f7f11d50a3a".
             Le chemin de fichier résolu est "C:\Program Files\dotnet\packs\Microsoft.NETCore.App.Ref\8.0.22\ref\net8.0\System.IO.dll".
             Référence trouvée dans l'emplacement du chemin d'accès de recherche "{RawFileName}".
             Cette référence n'est pas "CopyLocal", car le paramètre "Private" d'au moins un élément source avait la valeur "false" et aucun élément source ne présentait de paramètre "Private" dont la valeur était "true".
         Référence primaire "System.Linq.Expressions, Version=8.0.0.0, Culture=neutral, PublicKeyToken=b03f5f7f11d50a3a".
             Le chemin de fichier résolu est "C:\Program Files\dotnet\packs\Microsoft.NETCore.App.Ref\8.0.22\ref\net8.0\System.Linq.Expressions.dll".
             Référence trouvée dans l'emplacement du chemin d'accès de recherche "{RawFileName}".
             Cette référence n'est pas "CopyLocal", car le paramètre "Private" d'au moins un élément source avait la valeur "false" et aucun élément source ne présentait de paramètre "Private" dont la valeur était "true".
         Référence primaire "System.Linq.Parallel, Version=8.0.0.0, Culture=neutral, PublicKeyToken=b03f5f7f11d50a3a".
             Le chemin de fichier résolu est "C:\Program Files\dotnet\packs\Microsoft.NETCore.App.Ref\8.0.22\ref\net8.0\System.Linq.Parallel.dll".
             Référence trouvée dans l'emplacement du chemin d'accès de recherche "{RawFileName}".
             Cette référence n'est pas "CopyLocal", car le paramètre "Private" d'au moins un élément source avait la valeur "false" et aucun élément source ne présentait de paramètre "Private" dont la valeur était "true".
         Référence primaire "System.Linq.Queryable, Version=8.0.0.0, Culture=neutral, PublicKeyToken=b03f5f7f11d50a3a".
             Le chemin de fichier résolu est "C:\Program Files\dotnet\packs\Microsoft.NETCore.App.Ref\8.0.22\ref\net8.0\System.Linq.Queryable.dll".
             Référence trouvée dans l'emplacement du chemin d'accès de recherche "{RawFileName}".
             Cette référence n'est pas "CopyLocal", car le paramètre "Private" d'au moins un élément source avait la valeur "false" et aucun élément source ne présentait de paramètre "Private" dont la valeur était "true".
         Référence primaire "System.Linq, Version=8.0.0.0, Culture=neutral, PublicKeyToken=b03f5f7f11d50a3a".
             Le chemin de fichier résolu est "C:\Program Files\dotnet\packs\Microsoft.NETCore.App.Ref\8.0.22\ref\net8.0\System.Linq.dll".
             Référence trouvée dans l'emplacement du chemin d'accès de recherche "{RawFileName}".
             Cette référence n'est pas "CopyLocal", car le paramètre "Private" d'au moins un élément source avait la valeur "false" et aucun élément source ne présentait de paramètre "Private" dont la valeur était "true".
         Référence primaire "System.Memory, Version=8.0.0.0, Culture=neutral, PublicKeyToken=cc7b13ffcd2ddd51".
             Le chemin de fichier résolu est "C:\Program Files\dotnet\packs\Microsoft.NETCore.App.Ref\8.0.22\ref\net8.0\System.Memory.dll".
             Référence trouvée dans l'emplacement du chemin d'accès de recherche "{RawFileName}".
             Cette référence n'est pas "CopyLocal", car le paramètre "Private" d'au moins un élément source avait la valeur "false" et aucun élément source ne présentait de paramètre "Private" dont la valeur était "true".
         Référence primaire "System.Net.Http.Json, Version=8.0.0.0, Culture=neutral, PublicKeyToken=cc7b13ffcd2ddd51".
             Le chemin de fichier résolu est "C:\Program Files\dotnet\packs\Microsoft.NETCore.App.Ref\8.0.22\ref\net8.0\System.Net.Http.Json.dll".
             Référence trouvée dans l'emplacement du chemin d'accès de recherche "{RawFileName}".
             Cette référence n'est pas "CopyLocal", car le paramètre "Private" d'au moins un élément source avait la valeur "false" et aucun élément source ne présentait de paramètre "Private" dont la valeur était "true".
         Référence primaire "System.Net.Http, Version=8.0.0.0, Culture=neutral, PublicKeyToken=b03f5f7f11d50a3a".
             Le chemin de fichier résolu est "C:\Program Files\dotnet\packs\Microsoft.NETCore.App.Ref\8.0.22\ref\net8.0\System.Net.Http.dll".
             Référence trouvée dans l'emplacement du chemin d'accès de recherche "{RawFileName}".
             Cette référence n'est pas "CopyLocal", car le paramètre "Private" d'au moins un élément source avait la valeur "false" et aucun élément source ne présentait de paramètre "Private" dont la valeur était "true".
         Référence primaire "System.Net.HttpListener, Version=8.0.0.0, Culture=neutral, PublicKeyToken=cc7b13ffcd2ddd51".
             Le chemin de fichier résolu est "C:\Program Files\dotnet\packs\Microsoft.NETCore.App.Ref\8.0.22\ref\net8.0\System.Net.HttpListener.dll".
             Référence trouvée dans l'emplacement du chemin d'accès de recherche "{RawFileName}".
             Cette référence n'est pas "CopyLocal", car le paramètre "Private" d'au moins un élément source avait la valeur "false" et aucun élément source ne présentait de paramètre "Private" dont la valeur était "true".
         Référence primaire "System.Net.Mail, Version=8.0.0.0, Culture=neutral, PublicKeyToken=cc7b13ffcd2ddd51".
             Le chemin de fichier résolu est "C:\Program Files\dotnet\packs\Microsoft.NETCore.App.Ref\8.0.22\ref\net8.0\System.Net.Mail.dll".
             Référence trouvée dans l'emplacement du chemin d'accès de recherche "{RawFileName}".
             Cette référence n'est pas "CopyLocal", car le paramètre "Private" d'au moins un élément source avait la valeur "false" et aucun élément source ne présentait de paramètre "Private" dont la valeur était "true".
         Référence primaire "System.Net.NameResolution, Version=8.0.0.0, Culture=neutral, PublicKeyToken=b03f5f7f11d50a3a".
             Le chemin de fichier résolu est "C:\Program Files\dotnet\packs\Microsoft.NETCore.App.Ref\8.0.22\ref\net8.0\System.Net.NameResolution.dll".
             Référence trouvée dans l'emplacement du chemin d'accès de recherche "{RawFileName}".
             Cette référence n'est pas "CopyLocal", car le paramètre "Private" d'au moins un élément source avait la valeur "false" et aucun élément source ne présentait de paramètre "Private" dont la valeur était "true".
         Référence primaire "System.Net.NetworkInformation, Version=8.0.0.0, Culture=neutral, PublicKeyToken=b03f5f7f11d50a3a".
             Le chemin de fichier résolu est "C:\Program Files\dotnet\packs\Microsoft.NETCore.App.Ref\8.0.22\ref\net8.0\System.Net.NetworkInformation.dll".
             Référence trouvée dans l'emplacement du chemin d'accès de recherche "{RawFileName}".
             Cette référence n'est pas "CopyLocal", car le paramètre "Private" d'au moins un élément source avait la valeur "false" et aucun élément source ne présentait de paramètre "Private" dont la valeur était "true".
         Référence primaire "System.Net.Ping, Version=8.0.0.0, Culture=neutral, PublicKeyToken=b03f5f7f11d50a3a".
             Le chemin de fichier résolu est "C:\Program Files\dotnet\packs\Microsoft.NETCore.App.Ref\8.0.22\ref\net8.0\System.Net.Ping.dll".
             Référence trouvée dans l'emplacement du chemin d'accès de recherche "{RawFileName}".
             Cette référence n'est pas "CopyLocal", car le paramètre "Private" d'au moins un élément source avait la valeur "false" et aucun élément source ne présentait de paramètre "Private" dont la valeur était "true".
         Référence primaire "System.Net.Primitives, Version=8.0.0.0, Culture=neutral, PublicKeyToken=b03f5f7f11d50a3a".
             Le chemin de fichier résolu est "C:\Program Files\dotnet\packs\Microsoft.NETCore.App.Ref\8.0.22\ref\net8.0\System.Net.Primitives.dll".
             Référence trouvée dans l'emplacement du chemin d'accès de recherche "{RawFileName}".
             Cette référence n'est pas "CopyLocal", car le paramètre "Private" d'au moins un élément source avait la valeur "false" et aucun élément source ne présentait de paramètre "Private" dont la valeur était "true".
         Référence primaire "System.Net.Quic, Version=8.0.0.0, Culture=neutral, PublicKeyToken=b03f5f7f11d50a3a".
             Le chemin de fichier résolu est "C:\Program Files\dotnet\packs\Microsoft.NETCore.App.Ref\8.0.22\ref\net8.0\System.Net.Quic.dll".
             Référence trouvée dans l'emplacement du chemin d'accès de recherche "{RawFileName}".
             Cette référence n'est pas "CopyLocal", car le paramètre "Private" d'au moins un élément source avait la valeur "false" et aucun élément source ne présentait de paramètre "Private" dont la valeur était "true".
         Référence primaire "System.Net.Requests, Version=8.0.0.0, Culture=neutral, PublicKeyToken=b03f5f7f11d50a3a".
             Le chemin de fichier résolu est "C:\Program Files\dotnet\packs\Microsoft.NETCore.App.Ref\8.0.22\ref\net8.0\System.Net.Requests.dll".
             Référence trouvée dans l'emplacement du chemin d'accès de recherche "{RawFileName}".
             Cette référence n'est pas "CopyLocal", car le paramètre "Private" d'au moins un élément source avait la valeur "false" et aucun élément source ne présentait de paramètre "Private" dont la valeur était "true".
         Référence primaire "System.Net.Security, Version=8.0.0.0, Culture=neutral, PublicKeyToken=b03f5f7f11d50a3a".
             Le chemin de fichier résolu est "C:\Program Files\dotnet\packs\Microsoft.NETCore.App.Ref\8.0.22\ref\net8.0\System.Net.Security.dll".
             Référence trouvée dans l'emplacement du chemin d'accès de recherche "{RawFileName}".
             Cette référence n'est pas "CopyLocal", car le paramètre "Private" d'au moins un élément source avait la valeur "false" et aucun élément source ne présentait de paramètre "Private" dont la valeur était "true".
         Référence primaire "System.Net.ServicePoint, Version=8.0.0.0, Culture=neutral, PublicKeyToken=cc7b13ffcd2ddd51".
             Le chemin de fichier résolu est "C:\Program Files\dotnet\packs\Microsoft.NETCore.App.Ref\8.0.22\ref\net8.0\System.Net.ServicePoint.dll".
             Référence trouvée dans l'emplacement du chemin d'accès de recherche "{RawFileName}".
             Cette référence n'est pas "CopyLocal", car le paramètre "Private" d'au moins un élément source avait la valeur "false" et aucun élément source ne présentait de paramètre "Private" dont la valeur était "true".
         Référence primaire "System.Net.Sockets, Version=8.0.0.0, Culture=neutral, PublicKeyToken=b03f5f7f11d50a3a".
             Le chemin de fichier résolu est "C:\Program Files\dotnet\packs\Microsoft.NETCore.App.Ref\8.0.22\ref\net8.0\System.Net.Sockets.dll".
             Référence trouvée dans l'emplacement du chemin d'accès de recherche "{RawFileName}".
             Cette référence n'est pas "CopyLocal", car le paramètre "Private" d'au moins un élément source avait la valeur "false" et aucun élément source ne présentait de paramètre "Private" dont la valeur était "true".
         Référence primaire "System.Net.WebClient, Version=8.0.0.0, Culture=neutral, PublicKeyToken=cc7b13ffcd2ddd51".
             Le chemin de fichier résolu est "C:\Program Files\dotnet\packs\Microsoft.NETCore.App.Ref\8.0.22\ref\net8.0\System.Net.WebClient.dll".
             Référence trouvée dans l'emplacement du chemin d'accès de recherche "{RawFileName}".
             Cette référence n'est pas "CopyLocal", car le paramètre "Private" d'au moins un élément source avait la valeur "false" et aucun élément source ne présentait de paramètre "Private" dont la valeur était "true".
         Référence primaire "System.Net.WebHeaderCollection, Version=8.0.0.0, Culture=neutral, PublicKeyToken=b03f5f7f11d50a3a".
             Le chemin de fichier résolu est "C:\Program Files\dotnet\packs\Microsoft.NETCore.App.Ref\8.0.22\ref\net8.0\System.Net.WebHeaderCollection.dll".
             Référence trouvée dans l'emplacement du chemin d'accès de recherche "{RawFileName}".
             Cette référence n'est pas "CopyLocal", car le paramètre "Private" d'au moins un élément source avait la valeur "false" et aucun élément source ne présentait de paramètre "Private" dont la valeur était "true".
         Référence primaire "System.Net.WebProxy, Version=8.0.0.0, Culture=neutral, PublicKeyToken=cc7b13ffcd2ddd51".
             Le chemin de fichier résolu est "C:\Program Files\dotnet\packs\Microsoft.NETCore.App.Ref\8.0.22\ref\net8.0\System.Net.WebProxy.dll".
             Référence trouvée dans l'emplacement du chemin d'accès de recherche "{RawFileName}".
             Cette référence n'est pas "CopyLocal", car le paramètre "Private" d'au moins un élément source avait la valeur "false" et aucun élément source ne présentait de paramètre "Private" dont la valeur était "true".
         Référence primaire "System.Net.WebSockets.Client, Version=8.0.0.0, Culture=neutral, PublicKeyToken=b03f5f7f11d50a3a".
             Le chemin de fichier résolu est "C:\Program Files\dotnet\packs\Microsoft.NETCore.App.Ref\8.0.22\ref\net8.0\System.Net.WebSockets.Client.dll".
             Référence trouvée dans l'emplacement du chemin d'accès de recherche "{RawFileName}".
             Cette référence n'est pas "CopyLocal", car le paramètre "Private" d'au moins un élément source avait la valeur "false" et aucun élément source ne présentait de paramètre "Private" dont la valeur était "true".
         Référence primaire "System.Net.WebSockets, Version=8.0.0.0, Culture=neutral, PublicKeyToken=b03f5f7f11d50a3a".
             Le chemin de fichier résolu est "C:\Program Files\dotnet\packs\Microsoft.NETCore.App.Ref\8.0.22\ref\net8.0\System.Net.WebSockets.dll".
             Référence trouvée dans l'emplacement du chemin d'accès de recherche "{RawFileName}".
             Cette référence n'est pas "CopyLocal", car le paramètre "Private" d'au moins un élément source avait la valeur "false" et aucun élément source ne présentait de paramètre "Private" dont la valeur était "true".
         Référence primaire "System.Net, Version=4.0.0.0, Culture=neutral, PublicKeyToken=b03f5f7f11d50a3a".
             Le chemin de fichier résolu est "C:\Program Files\dotnet\packs\Microsoft.NETCore.App.Ref\8.0.22\ref\net8.0\System.Net.dll".
             Référence trouvée dans l'emplacement du chemin d'accès de recherche "{RawFileName}".
             Cette référence n'est pas "CopyLocal", car le paramètre "Private" d'au moins un élément source avait la valeur "false" et aucun élément source ne présentait de paramètre "Private" dont la valeur était "true".
         Référence primaire "System.Numerics.Vectors, Version=8.0.0.0, Culture=neutral, PublicKeyToken=b03f5f7f11d50a3a".
             Le chemin de fichier résolu est "C:\Program Files\dotnet\packs\Microsoft.NETCore.App.Ref\8.0.22\ref\net8.0\System.Numerics.Vectors.dll".
             Référence trouvée dans l'emplacement du chemin d'accès de recherche "{RawFileName}".
             Cette référence n'est pas "CopyLocal", car le paramètre "Private" d'au moins un élément source avait la valeur "false" et aucun élément source ne présentait de paramètre "Private" dont la valeur était "true".
         Référence primaire "System.Numerics, Version=4.0.0.0, Culture=neutral, PublicKeyToken=b77a5c561934e089".
             Le chemin de fichier résolu est "C:\Program Files\dotnet\packs\Microsoft.NETCore.App.Ref\8.0.22\ref\net8.0\System.Numerics.dll".
             Référence trouvée dans l'emplacement du chemin d'accès de recherche "{RawFileName}".
             Cette référence n'est pas "CopyLocal", car le paramètre "Private" d'au moins un élément source avait la valeur "false" et aucun élément source ne présentait de paramètre "Private" dont la valeur était "true".
         Référence primaire "System.ObjectModel, Version=8.0.0.0, Culture=neutral, PublicKeyToken=b03f5f7f11d50a3a".
             Le chemin de fichier résolu est "C:\Program Files\dotnet\packs\Microsoft.NETCore.App.Ref\8.0.22\ref\net8.0\System.ObjectModel.dll".
             Référence trouvée dans l'emplacement du chemin d'accès de recherche "{RawFileName}".
             Cette référence n'est pas "CopyLocal", car le paramètre "Private" d'au moins un élément source avait la valeur "false" et aucun élément source ne présentait de paramètre "Private" dont la valeur était "true".
         Référence primaire "System.Reflection.DispatchProxy, Version=8.0.0.0, Culture=neutral, PublicKeyToken=b03f5f7f11d50a3a".
             Le chemin de fichier résolu est "C:\Program Files\dotnet\packs\Microsoft.NETCore.App.Ref\8.0.22\ref\net8.0\System.Reflection.DispatchProxy.dll".
             Référence trouvée dans l'emplacement du chemin d'accès de recherche "{RawFileName}".
             Cette référence n'est pas "CopyLocal", car le paramètre "Private" d'au moins un élément source avait la valeur "false" et aucun élément source ne présentait de paramètre "Private" dont la valeur était "true".
         Référence primaire "System.Reflection.Emit.ILGeneration, Version=8.0.0.0, Culture=neutral, PublicKeyToken=b03f5f7f11d50a3a".
             Le chemin de fichier résolu est "C:\Program Files\dotnet\packs\Microsoft.NETCore.App.Ref\8.0.22\ref\net8.0\System.Reflection.Emit.ILGeneration.dll".
             Référence trouvée dans l'emplacement du chemin d'accès de recherche "{RawFileName}".
             Cette référence n'est pas "CopyLocal", car le paramètre "Private" d'au moins un élément source avait la valeur "false" et aucun élément source ne présentait de paramètre "Private" dont la valeur était "true".
         Référence primaire "System.Reflection.Emit.Lightweight, Version=8.0.0.0, Culture=neutral, PublicKeyToken=b03f5f7f11d50a3a".
             Le chemin de fichier résolu est "C:\Program Files\dotnet\packs\Microsoft.NETCore.App.Ref\8.0.22\ref\net8.0\System.Reflection.Emit.Lightweight.dll".
             Référence trouvée dans l'emplacement du chemin d'accès de recherche "{RawFileName}".
             Cette référence n'est pas "CopyLocal", car le paramètre "Private" d'au moins un élément source avait la valeur "false" et aucun élément source ne présentait de paramètre "Private" dont la valeur était "true".
         Référence primaire "System.Reflection.Emit, Version=8.0.0.0, Culture=neutral, PublicKeyToken=b03f5f7f11d50a3a".
             Le chemin de fichier résolu est "C:\Program Files\dotnet\packs\Microsoft.NETCore.App.Ref\8.0.22\ref\net8.0\System.Reflection.Emit.dll".
             Référence trouvée dans l'emplacement du chemin d'accès de recherche "{RawFileName}".
             Cette référence n'est pas "CopyLocal", car le paramètre "Private" d'au moins un élément source avait la valeur "false" et aucun élément source ne présentait de paramètre "Private" dont la valeur était "true".
         Référence primaire "System.Reflection.Extensions, Version=8.0.0.0, Culture=neutral, PublicKeyToken=b03f5f7f11d50a3a".
             Le chemin de fichier résolu est "C:\Program Files\dotnet\packs\Microsoft.NETCore.App.Ref\8.0.22\ref\net8.0\System.Reflection.Extensions.dll".
             Référence trouvée dans l'emplacement du chemin d'accès de recherche "{RawFileName}".
             Cette référence n'est pas "CopyLocal", car le paramètre "Private" d'au moins un élément source avait la valeur "false" et aucun élément source ne présentait de paramètre "Private" dont la valeur était "true".
         Référence primaire "System.Reflection.Metadata, Version=8.0.0.0, Culture=neutral, PublicKeyToken=b03f5f7f11d50a3a".
             Le chemin de fichier résolu est "C:\Program Files\dotnet\packs\Microsoft.NETCore.App.Ref\8.0.22\ref\net8.0\System.Reflection.Metadata.dll".
             Référence trouvée dans l'emplacement du chemin d'accès de recherche "{RawFileName}".
             Cette référence n'est pas "CopyLocal", car le paramètre "Private" d'au moins un élément source avait la valeur "false" et aucun élément source ne présentait de paramètre "Private" dont la valeur était "true".
         Référence primaire "System.Reflection.Primitives, Version=8.0.0.0, Culture=neutral, PublicKeyToken=b03f5f7f11d50a3a".
             Le chemin de fichier résolu est "C:\Program Files\dotnet\packs\Microsoft.NETCore.App.Ref\8.0.22\ref\net8.0\System.Reflection.Primitives.dll".
             Référence trouvée dans l'emplacement du chemin d'accès de recherche "{RawFileName}".
             Cette référence n'est pas "CopyLocal", car le paramètre "Private" d'au moins un élément source avait la valeur "false" et aucun élément source ne présentait de paramètre "Private" dont la valeur était "true".
         Référence primaire "System.Reflection.TypeExtensions, Version=8.0.0.0, Culture=neutral, PublicKeyToken=b03f5f7f11d50a3a".
             Le chemin de fichier résolu est "C:\Program Files\dotnet\packs\Microsoft.NETCore.App.Ref\8.0.22\ref\net8.0\System.Reflection.TypeExtensions.dll".
             Référence trouvée dans l'emplacement du chemin d'accès de recherche "{RawFileName}".
             Cette référence n'est pas "CopyLocal", car le paramètre "Private" d'au moins un élément source avait la valeur "false" et aucun élément source ne présentait de paramètre "Private" dont la valeur était "true".
         Référence primaire "System.Reflection, Version=8.0.0.0, Culture=neutral, PublicKeyToken=b03f5f7f11d50a3a".
             Le chemin de fichier résolu est "C:\Program Files\dotnet\packs\Microsoft.NETCore.App.Ref\8.0.22\ref\net8.0\System.Reflection.dll".
             Référence trouvée dans l'emplacement du chemin d'accès de recherche "{RawFileName}".
             Cette référence n'est pas "CopyLocal", car le paramètre "Private" d'au moins un élément source avait la valeur "false" et aucun élément source ne présentait de paramètre "Private" dont la valeur était "true".
         Référence primaire "System.Resources.Reader, Version=8.0.0.0, Culture=neutral, PublicKeyToken=b03f5f7f11d50a3a".
             Le chemin de fichier résolu est "C:\Program Files\dotnet\packs\Microsoft.NETCore.App.Ref\8.0.22\ref\net8.0\System.Resources.Reader.dll".
             Référence trouvée dans l'emplacement du chemin d'accès de recherche "{RawFileName}".
             Cette référence n'est pas "CopyLocal", car le paramètre "Private" d'au moins un élément source avait la valeur "false" et aucun élément source ne présentait de paramètre "Private" dont la valeur était "true".
         Référence primaire "System.Resources.ResourceManager, Version=8.0.0.0, Culture=neutral, PublicKeyToken=b03f5f7f11d50a3a".
             Le chemin de fichier résolu est "C:\Program Files\dotnet\packs\Microsoft.NETCore.App.Ref\8.0.22\ref\net8.0\System.Resources.ResourceManager.dll".
             Référence trouvée dans l'emplacement du chemin d'accès de recherche "{RawFileName}".
             Cette référence n'est pas "CopyLocal", car le paramètre "Private" d'au moins un élément source avait la valeur "false" et aucun élément source ne présentait de paramètre "Private" dont la valeur était "true".
         Référence primaire "System.Resources.Writer, Version=8.0.0.0, Culture=neutral, PublicKeyToken=b03f5f7f11d50a3a".
             Le chemin de fichier résolu est "C:\Program Files\dotnet\packs\Microsoft.NETCore.App.Ref\8.0.22\ref\net8.0\System.Resources.Writer.dll".
             Référence trouvée dans l'emplacement du chemin d'accès de recherche "{RawFileName}".
             Cette référence n'est pas "CopyLocal", car le paramètre "Private" d'au moins un élément source avait la valeur "false" et aucun élément source ne présentait de paramètre "Private" dont la valeur était "true".
         Référence primaire "System.Runtime.CompilerServices.Unsafe, Version=8.0.0.0, Culture=neutral, PublicKeyToken=b03f5f7f11d50a3a".
             Le chemin de fichier résolu est "C:\Program Files\dotnet\packs\Microsoft.NETCore.App.Ref\8.0.22\ref\net8.0\System.Runtime.CompilerServices.Unsafe.dll".
             Référence trouvée dans l'emplacement du chemin d'accès de recherche "{RawFileName}".
             Cette référence n'est pas "CopyLocal", car le paramètre "Private" d'au moins un élément source avait la valeur "false" et aucun élément source ne présentait de paramètre "Private" dont la valeur était "true".
         Référence primaire "System.Runtime.CompilerServices.VisualC, Version=8.0.0.0, Culture=neutral, PublicKeyToken=b03f5f7f11d50a3a".
             Le chemin de fichier résolu est "C:\Program Files\dotnet\packs\Microsoft.NETCore.App.Ref\8.0.22\ref\net8.0\System.Runtime.CompilerServices.VisualC.dll".
             Référence trouvée dans l'emplacement du chemin d'accès de recherche "{RawFileName}".
             Cette référence n'est pas "CopyLocal", car le paramètre "Private" d'au moins un élément source avait la valeur "false" et aucun élément source ne présentait de paramètre "Private" dont la valeur était "true".
         Référence primaire "System.Runtime.Extensions, Version=8.0.0.0, Culture=neutral, PublicKeyToken=b03f5f7f11d50a3a".
             Le chemin de fichier résolu est "C:\Program Files\dotnet\packs\Microsoft.NETCore.App.Ref\8.0.22\ref\net8.0\System.Runtime.Extensions.dll".
             Référence trouvée dans l'emplacement du chemin d'accès de recherche "{RawFileName}".
             Cette référence n'est pas "CopyLocal", car le paramètre "Private" d'au moins un élément source avait la valeur "false" et aucun élément source ne présentait de paramètre "Private" dont la valeur était "true".
         Référence primaire "System.Runtime.Handles, Version=8.0.0.0, Culture=neutral, PublicKeyToken=b03f5f7f11d50a3a".
             Le chemin de fichier résolu est "C:\Program Files\dotnet\packs\Microsoft.NETCore.App.Ref\8.0.22\ref\net8.0\System.Runtime.Handles.dll".
             Référence trouvée dans l'emplacement du chemin d'accès de recherche "{RawFileName}".
             Cette référence n'est pas "CopyLocal", car le paramètre "Private" d'au moins un élément source avait la valeur "false" et aucun élément source ne présentait de paramètre "Private" dont la valeur était "true".
         Référence primaire "System.Runtime.InteropServices.JavaScript, Version=8.0.0.0, Culture=neutral, PublicKeyToken=b03f5f7f11d50a3a".
             Le chemin de fichier résolu est "C:\Program Files\dotnet\packs\Microsoft.NETCore.App.Ref\8.0.22\ref\net8.0\System.Runtime.InteropServices.JavaScript.dll".
             Référence trouvée dans l'emplacement du chemin d'accès de recherche "{RawFileName}".
             Cette référence n'est pas "CopyLocal", car le paramètre "Private" d'au moins un élément source avait la valeur "false" et aucun élément source ne présentait de paramètre "Private" dont la valeur était "true".
         Référence primaire "System.Runtime.InteropServices.RuntimeInformation, Version=8.0.0.0, Culture=neutral, PublicKeyToken=b03f5f7f11d50a3a".
             Le chemin de fichier résolu est "C:\Program Files\dotnet\packs\Microsoft.NETCore.App.Ref\8.0.22\ref\net8.0\System.Runtime.InteropServices.RuntimeInformation.dll".
             Référence trouvée dans l'emplacement du chemin d'accès de recherche "{RawFileName}".
             Cette référence n'est pas "CopyLocal", car le paramètre "Private" d'au moins un élément source avait la valeur "false" et aucun élément source ne présentait de paramètre "Private" dont la valeur était "true".
         Référence primaire "System.Runtime.InteropServices, Version=8.0.0.0, Culture=neutral, PublicKeyToken=b03f5f7f11d50a3a".
             Le chemin de fichier résolu est "C:\Program Files\dotnet\packs\Microsoft.NETCore.App.Ref\8.0.22\ref\net8.0\System.Runtime.InteropServices.dll".
             Référence trouvée dans l'emplacement du chemin d'accès de recherche "{RawFileName}".
             Cette référence n'est pas "CopyLocal", car le paramètre "Private" d'au moins un élément source avait la valeur "false" et aucun élément source ne présentait de paramètre "Private" dont la valeur était "true".
         Référence primaire "System.Runtime.Intrinsics, Version=8.0.0.0, Culture=neutral, PublicKeyToken=cc7b13ffcd2ddd51".
             Le chemin de fichier résolu est "C:\Program Files\dotnet\packs\Microsoft.NETCore.App.Ref\8.0.22\ref\net8.0\System.Runtime.Intrinsics.dll".
             Référence trouvée dans l'emplacement du chemin d'accès de recherche "{RawFileName}".
             Cette référence n'est pas "CopyLocal", car le paramètre "Private" d'au moins un élément source avait la valeur "false" et aucun élément source ne présentait de paramètre "Private" dont la valeur était "true".
         Référence primaire "System.Runtime.Loader, Version=8.0.0.0, Culture=neutral, PublicKeyToken=b03f5f7f11d50a3a".
             Le chemin de fichier résolu est "C:\Program Files\dotnet\packs\Microsoft.NETCore.App.Ref\8.0.22\ref\net8.0\System.Runtime.Loader.dll".
             Référence trouvée dans l'emplacement du chemin d'accès de recherche "{RawFileName}".
             Cette référence n'est pas "CopyLocal", car le paramètre "Private" d'au moins un élément source avait la valeur "false" et aucun élément source ne présentait de paramètre "Private" dont la valeur était "true".
         Référence primaire "System.Runtime.Numerics, Version=8.0.0.0, Culture=neutral, PublicKeyToken=b03f5f7f11d50a3a".
             Le chemin de fichier résolu est "C:\Program Files\dotnet\packs\Microsoft.NETCore.App.Ref\8.0.22\ref\net8.0\System.Runtime.Numerics.dll".
             Référence trouvée dans l'emplacement du chemin d'accès de recherche "{RawFileName}".
             Cette référence n'est pas "CopyLocal", car le paramètre "Private" d'au moins un élément source avait la valeur "false" et aucun élément source ne présentait de paramètre "Private" dont la valeur était "true".
         Référence primaire "System.Runtime.Serialization.Formatters, Version=8.0.0.0, Culture=neutral, PublicKeyToken=b03f5f7f11d50a3a".
             Le chemin de fichier résolu est "C:\Program Files\dotnet\packs\Microsoft.NETCore.App.Ref\8.0.22\ref\net8.0\System.Runtime.Serialization.Formatters.dll".
             Référence trouvée dans l'emplacement du chemin d'accès de recherche "{RawFileName}".
             Cette référence n'est pas "CopyLocal", car le paramètre "Private" d'au moins un élément source avait la valeur "false" et aucun élément source ne présentait de paramètre "Private" dont la valeur était "true".
         Référence primaire "System.Runtime.Serialization.Json, Version=8.0.0.0, Culture=neutral, PublicKeyToken=b03f5f7f11d50a3a".
             Le chemin de fichier résolu est "C:\Program Files\dotnet\packs\Microsoft.NETCore.App.Ref\8.0.22\ref\net8.0\System.Runtime.Serialization.Json.dll".
             Référence trouvée dans l'emplacement du chemin d'accès de recherche "{RawFileName}".
             Cette référence n'est pas "CopyLocal", car le paramètre "Private" d'au moins un élément source avait la valeur "false" et aucun élément source ne présentait de paramètre "Private" dont la valeur était "true".
         Référence primaire "System.Runtime.Serialization.Primitives, Version=8.0.0.0, Culture=neutral, PublicKeyToken=b03f5f7f11d50a3a".
             Le chemin de fichier résolu est "C:\Program Files\dotnet\packs\Microsoft.NETCore.App.Ref\8.0.22\ref\net8.0\System.Runtime.Serialization.Primitives.dll".
             Référence trouvée dans l'emplacement du chemin d'accès de recherche "{RawFileName}".
             Cette référence n'est pas "CopyLocal", car le paramètre "Private" d'au moins un élément source avait la valeur "false" et aucun élément source ne présentait de paramètre "Private" dont la valeur était "true".
         Référence primaire "System.Runtime.Serialization.Xml, Version=8.0.0.0, Culture=neutral, PublicKeyToken=b03f5f7f11d50a3a".
             Le chemin de fichier résolu est "C:\Program Files\dotnet\packs\Microsoft.NETCore.App.Ref\8.0.22\ref\net8.0\System.Runtime.Serialization.Xml.dll".
             Référence trouvée dans l'emplacement du chemin d'accès de recherche "{RawFileName}".
             Cette référence n'est pas "CopyLocal", car le paramètre "Private" d'au moins un élément source avait la valeur "false" et aucun élément source ne présentait de paramètre "Private" dont la valeur était "true".
         Référence primaire "System.Runtime.Serialization, Version=4.0.0.0, Culture=neutral, PublicKeyToken=b77a5c561934e089".
             Le chemin de fichier résolu est "C:\Program Files\dotnet\packs\Microsoft.NETCore.App.Ref\8.0.22\ref\net8.0\System.Runtime.Serialization.dll".
             Référence trouvée dans l'emplacement du chemin d'accès de recherche "{RawFileName}".
             Cette référence n'est pas "CopyLocal", car le paramètre "Private" d'au moins un élément source avait la valeur "false" et aucun élément source ne présentait de paramètre "Private" dont la valeur était "true".
         Référence primaire "System.Runtime, Version=8.0.0.0, Culture=neutral, PublicKeyToken=b03f5f7f11d50a3a".
             Le chemin de fichier résolu est "C:\Program Files\dotnet\packs\Microsoft.NETCore.App.Ref\8.0.22\ref\net8.0\System.Runtime.dll".
             Référence trouvée dans l'emplacement du chemin d'accès de recherche "{RawFileName}".
             Cette référence n'est pas "CopyLocal", car le paramètre "Private" d'au moins un élément source avait la valeur "false" et aucun élément source ne présentait de paramètre "Private" dont la valeur était "true".
         Référence primaire "System.Security.AccessControl, Version=8.0.0.0, Culture=neutral, PublicKeyToken=b03f5f7f11d50a3a".
             Le chemin de fichier résolu est "C:\Program Files\dotnet\packs\Microsoft.NETCore.App.Ref\8.0.22\ref\net8.0\System.Security.AccessControl.dll".
             Référence trouvée dans l'emplacement du chemin d'accès de recherche "{RawFileName}".
             Cette référence n'est pas "CopyLocal", car le paramètre "Private" d'au moins un élément source avait la valeur "false" et aucun élément source ne présentait de paramètre "Private" dont la valeur était "true".
         Référence primaire "System.Security.Claims, Version=8.0.0.0, Culture=neutral, PublicKeyToken=b03f5f7f11d50a3a".
             Le chemin de fichier résolu est "C:\Program Files\dotnet\packs\Microsoft.NETCore.App.Ref\8.0.22\ref\net8.0\System.Security.Claims.dll".
             Référence trouvée dans l'emplacement du chemin d'accès de recherche "{RawFileName}".
             Cette référence n'est pas "CopyLocal", car le paramètre "Private" d'au moins un élément source avait la valeur "false" et aucun élément source ne présentait de paramètre "Private" dont la valeur était "true".
         Référence primaire "System.Security.Cryptography.Algorithms, Version=8.0.0.0, Culture=neutral, PublicKeyToken=b03f5f7f11d50a3a".
             Le chemin de fichier résolu est "C:\Program Files\dotnet\packs\Microsoft.NETCore.App.Ref\8.0.22\ref\net8.0\System.Security.Cryptography.Algorithms.dll".
             Référence trouvée dans l'emplacement du chemin d'accès de recherche "{RawFileName}".
             Cette référence n'est pas "CopyLocal", car le paramètre "Private" d'au moins un élément source avait la valeur "false" et aucun élément source ne présentait de paramètre "Private" dont la valeur était "true".
         Référence primaire "System.Security.Cryptography.Cng, Version=8.0.0.0, Culture=neutral, PublicKeyToken=b03f5f7f11d50a3a".
             Le chemin de fichier résolu est "C:\Program Files\dotnet\packs\Microsoft.NETCore.App.Ref\8.0.22\ref\net8.0\System.Security.Cryptography.Cng.dll".
             Référence trouvée dans l'emplacement du chemin d'accès de recherche "{RawFileName}".
             Cette référence n'est pas "CopyLocal", car le paramètre "Private" d'au moins un élément source avait la valeur "false" et aucun élément source ne présentait de paramètre "Private" dont la valeur était "true".
         Référence primaire "System.Security.Cryptography.Csp, Version=8.0.0.0, Culture=neutral, PublicKeyToken=b03f5f7f11d50a3a".
             Le chemin de fichier résolu est "C:\Program Files\dotnet\packs\Microsoft.NETCore.App.Ref\8.0.22\ref\net8.0\System.Security.Cryptography.Csp.dll".
             Référence trouvée dans l'emplacement du chemin d'accès de recherche "{RawFileName}".
             Cette référence n'est pas "CopyLocal", car le paramètre "Private" d'au moins un élément source avait la valeur "false" et aucun élément source ne présentait de paramètre "Private" dont la valeur était "true".
         Référence primaire "System.Security.Cryptography.Encoding, Version=8.0.0.0, Culture=neutral, PublicKeyToken=b03f5f7f11d50a3a".
             Le chemin de fichier résolu est "C:\Program Files\dotnet\packs\Microsoft.NETCore.App.Ref\8.0.22\ref\net8.0\System.Security.Cryptography.Encoding.dll".
             Référence trouvée dans l'emplacement du chemin d'accès de recherche "{RawFileName}".
             Cette référence n'est pas "CopyLocal", car le paramètre "Private" d'au moins un élément source avait la valeur "false" et aucun élément source ne présentait de paramètre "Private" dont la valeur était "true".
         Référence primaire "System.Security.Cryptography.OpenSsl, Version=8.0.0.0, Culture=neutral, PublicKeyToken=b03f5f7f11d50a3a".
             Le chemin de fichier résolu est "C:\Program Files\dotnet\packs\Microsoft.NETCore.App.Ref\8.0.22\ref\net8.0\System.Security.Cryptography.OpenSsl.dll".
             Référence trouvée dans l'emplacement du chemin d'accès de recherche "{RawFileName}".
             Cette référence n'est pas "CopyLocal", car le paramètre "Private" d'au moins un élément source avait la valeur "false" et aucun élément source ne présentait de paramètre "Private" dont la valeur était "true".
         Référence primaire "System.Security.Cryptography.Primitives, Version=8.0.0.0, Culture=neutral, PublicKeyToken=b03f5f7f11d50a3a".
             Le chemin de fichier résolu est "C:\Program Files\dotnet\packs\Microsoft.NETCore.App.Ref\8.0.22\ref\net8.0\System.Security.Cryptography.Primitives.dll".
             Référence trouvée dans l'emplacement du chemin d'accès de recherche "{RawFileName}".
             Cette référence n'est pas "CopyLocal", car le paramètre "Private" d'au moins un élément source avait la valeur "false" et aucun élément source ne présentait de paramètre "Private" dont la valeur était "true".
         Référence primaire "System.Security.Cryptography.X509Certificates, Version=8.0.0.0, Culture=neutral, PublicKeyToken=b03f5f7f11d50a3a".
             Le chemin de fichier résolu est "C:\Program Files\dotnet\packs\Microsoft.NETCore.App.Ref\8.0.22\ref\net8.0\System.Security.Cryptography.X509Certificates.dll".
             Référence trouvée dans l'emplacement du chemin d'accès de recherche "{RawFileName}".
             Cette référence n'est pas "CopyLocal", car le paramètre "Private" d'au moins un élément source avait la valeur "false" et aucun élément source ne présentait de paramètre "Private" dont la valeur était "true".
         Référence primaire "System.Security.Cryptography, Version=8.0.0.0, Culture=neutral, PublicKeyToken=b03f5f7f11d50a3a".
             Le chemin de fichier résolu est "C:\Program Files\dotnet\packs\Microsoft.NETCore.App.Ref\8.0.22\ref\net8.0\System.Security.Cryptography.dll".
             Référence trouvée dans l'emplacement du chemin d'accès de recherche "{RawFileName}".
             Cette référence n'est pas "CopyLocal", car le paramètre "Private" d'au moins un élément source avait la valeur "false" et aucun élément source ne présentait de paramètre "Private" dont la valeur était "true".
         Référence primaire "System.Security.Principal.Windows, Version=8.0.0.0, Culture=neutral, PublicKeyToken=b03f5f7f11d50a3a".
             Le chemin de fichier résolu est "C:\Program Files\dotnet\packs\Microsoft.NETCore.App.Ref\8.0.22\ref\net8.0\System.Security.Principal.Windows.dll".
             Référence trouvée dans l'emplacement du chemin d'accès de recherche "{RawFileName}".
             Cette référence n'est pas "CopyLocal", car le paramètre "Private" d'au moins un élément source avait la valeur "false" et aucun élément source ne présentait de paramètre "Private" dont la valeur était "true".
         Référence primaire "System.Security.Principal, Version=8.0.0.0, Culture=neutral, PublicKeyToken=b03f5f7f11d50a3a".
             Le chemin de fichier résolu est "C:\Program Files\dotnet\packs\Microsoft.NETCore.App.Ref\8.0.22\ref\net8.0\System.Security.Principal.dll".
             Référence trouvée dans l'emplacement du chemin d'accès de recherche "{RawFileName}".
             Cette référence n'est pas "CopyLocal", car le paramètre "Private" d'au moins un élément source avait la valeur "false" et aucun élément source ne présentait de paramètre "Private" dont la valeur était "true".
         Référence primaire "System.Security.SecureString, Version=8.0.0.0, Culture=neutral, PublicKeyToken=b03f5f7f11d50a3a".
             Le chemin de fichier résolu est "C:\Program Files\dotnet\packs\Microsoft.NETCore.App.Ref\8.0.22\ref\net8.0\System.Security.SecureString.dll".
             Référence trouvée dans l'emplacement du chemin d'accès de recherche "{RawFileName}".
             Cette référence n'est pas "CopyLocal", car le paramètre "Private" d'au moins un élément source avait la valeur "false" et aucun élément source ne présentait de paramètre "Private" dont la valeur était "true".
         Référence primaire "System.Security, Version=4.0.0.0, Culture=neutral, PublicKeyToken=b03f5f7f11d50a3a".
             Le chemin de fichier résolu est "C:\Program Files\dotnet\packs\Microsoft.NETCore.App.Ref\8.0.22\ref\net8.0\System.Security.dll".
             Référence trouvée dans l'emplacement du chemin d'accès de recherche "{RawFileName}".
             Cette référence n'est pas "CopyLocal", car le paramètre "Private" d'au moins un élément source avait la valeur "false" et aucun élément source ne présentait de paramètre "Private" dont la valeur était "true".
         Référence primaire "System.ServiceModel.Web, Version=4.0.0.0, Culture=neutral, PublicKeyToken=31bf3856ad364e35".
             Le chemin de fichier résolu est "C:\Program Files\dotnet\packs\Microsoft.NETCore.App.Ref\8.0.22\ref\net8.0\System.ServiceModel.Web.dll".
             Référence trouvée dans l'emplacement du chemin d'accès de recherche "{RawFileName}".
             Cette référence n'est pas "CopyLocal", car le paramètre "Private" d'au moins un élément source avait la valeur "false" et aucun élément source ne présentait de paramètre "Private" dont la valeur était "true".
         Référence primaire "System.ServiceProcess, Version=4.0.0.0, Culture=neutral, PublicKeyToken=b03f5f7f11d50a3a".
             Le chemin de fichier résolu est "C:\Program Files\dotnet\packs\Microsoft.NETCore.App.Ref\8.0.22\ref\net8.0\System.ServiceProcess.dll".
             Référence trouvée dans l'emplacement du chemin d'accès de recherche "{RawFileName}".
             Cette référence n'est pas "CopyLocal", car le paramètre "Private" d'au moins un élément source avait la valeur "false" et aucun élément source ne présentait de paramètre "Private" dont la valeur était "true".
         Référence primaire "System.Text.Encoding.CodePages, Version=8.0.0.0, Culture=neutral, PublicKeyToken=b03f5f7f11d50a3a".
             Le chemin de fichier résolu est "C:\Program Files\dotnet\packs\Microsoft.NETCore.App.Ref\8.0.22\ref\net8.0\System.Text.Encoding.CodePages.dll".
             Référence trouvée dans l'emplacement du chemin d'accès de recherche "{RawFileName}".
             Cette référence n'est pas "CopyLocal", car le paramètre "Private" d'au moins un élément source avait la valeur "false" et aucun élément source ne présentait de paramètre "Private" dont la valeur était "true".
         Référence primaire "System.Text.Encoding.Extensions, Version=8.0.0.0, Culture=neutral, PublicKeyToken=b03f5f7f11d50a3a".
             Le chemin de fichier résolu est "C:\Program Files\dotnet\packs\Microsoft.NETCore.App.Ref\8.0.22\ref\net8.0\System.Text.Encoding.Extensions.dll".
             Référence trouvée dans l'emplacement du chemin d'accès de recherche "{RawFileName}".
             Cette référence n'est pas "CopyLocal", car le paramètre "Private" d'au moins un élément source avait la valeur "false" et aucun élément source ne présentait de paramètre "Private" dont la valeur était "true".
         Référence primaire "System.Text.Encoding, Version=8.0.0.0, Culture=neutral, PublicKeyToken=b03f5f7f11d50a3a".
             Le chemin de fichier résolu est "C:\Program Files\dotnet\packs\Microsoft.NETCore.App.Ref\8.0.22\ref\net8.0\System.Text.Encoding.dll".
             Référence trouvée dans l'emplacement du chemin d'accès de recherche "{RawFileName}".
             Cette référence n'est pas "CopyLocal", car le paramètre "Private" d'au moins un élément source avait la valeur "false" et aucun élément source ne présentait de paramètre "Private" dont la valeur était "true".
         Référence primaire "System.Text.Encodings.Web, Version=8.0.0.0, Culture=neutral, PublicKeyToken=cc7b13ffcd2ddd51".
             Le chemin de fichier résolu est "C:\Program Files\dotnet\packs\Microsoft.NETCore.App.Ref\8.0.22\ref\net8.0\System.Text.Encodings.Web.dll".
             Référence trouvée dans l'emplacement du chemin d'accès de recherche "{RawFileName}".
             Cette référence n'est pas "CopyLocal", car le paramètre "Private" d'au moins un élément source avait la valeur "false" et aucun élément source ne présentait de paramètre "Private" dont la valeur était "true".
         Référence primaire "System.Text.Json, Version=8.0.0.0, Culture=neutral, PublicKeyToken=cc7b13ffcd2ddd51".
             Le chemin de fichier résolu est "C:\Program Files\dotnet\packs\Microsoft.NETCore.App.Ref\8.0.22\ref\net8.0\System.Text.Json.dll".
             Référence trouvée dans l'emplacement du chemin d'accès de recherche "{RawFileName}".
             Cette référence n'est pas "CopyLocal", car le paramètre "Private" d'au moins un élément source avait la valeur "false" et aucun élément source ne présentait de paramètre "Private" dont la valeur était "true".
         Référence primaire "System.Text.RegularExpressions, Version=8.0.0.0, Culture=neutral, PublicKeyToken=b03f5f7f11d50a3a".
             Le chemin de fichier résolu est "C:\Program Files\dotnet\packs\Microsoft.NETCore.App.Ref\8.0.22\ref\net8.0\System.Text.RegularExpressions.dll".
             Référence trouvée dans l'emplacement du chemin d'accès de recherche "{RawFileName}".
             Cette référence n'est pas "CopyLocal", car le paramètre "Private" d'au moins un élément source avait la valeur "false" et aucun élément source ne présentait de paramètre "Private" dont la valeur était "true".
         Référence primaire "System.Threading.Channels, Version=8.0.0.0, Culture=neutral, PublicKeyToken=cc7b13ffcd2ddd51".
             Le chemin de fichier résolu est "C:\Program Files\dotnet\packs\Microsoft.NETCore.App.Ref\8.0.22\ref\net8.0\System.Threading.Channels.dll".
             Référence trouvée dans l'emplacement du chemin d'accès de recherche "{RawFileName}".
             Cette référence n'est pas "CopyLocal", car le paramètre "Private" d'au moins un élément source avait la valeur "false" et aucun élément source ne présentait de paramètre "Private" dont la valeur était "true".
         Référence primaire "System.Threading.Overlapped, Version=8.0.0.0, Culture=neutral, PublicKeyToken=b03f5f7f11d50a3a".
             Le chemin de fichier résolu est "C:\Program Files\dotnet\packs\Microsoft.NETCore.App.Ref\8.0.22\ref\net8.0\System.Threading.Overlapped.dll".
             Référence trouvée dans l'emplacement du chemin d'accès de recherche "{RawFileName}".
             Cette référence n'est pas "CopyLocal", car le paramètre "Private" d'au moins un élément source avait la valeur "false" et aucun élément source ne présentait de paramètre "Private" dont la valeur était "true".
         Référence primaire "System.Threading.Tasks.Dataflow, Version=8.0.0.0, Culture=neutral, PublicKeyToken=b03f5f7f11d50a3a".
             Le chemin de fichier résolu est "C:\Program Files\dotnet\packs\Microsoft.NETCore.App.Ref\8.0.22\ref\net8.0\System.Threading.Tasks.Dataflow.dll".
             Référence trouvée dans l'emplacement du chemin d'accès de recherche "{RawFileName}".
             Cette référence n'est pas "CopyLocal", car le paramètre "Private" d'au moins un élément source avait la valeur "false" et aucun élément source ne présentait de paramètre "Private" dont la valeur était "true".
         Référence primaire "System.Threading.Tasks.Extensions, Version=8.0.0.0, Culture=neutral, PublicKeyToken=cc7b13ffcd2ddd51".
             Le chemin de fichier résolu est "C:\Program Files\dotnet\packs\Microsoft.NETCore.App.Ref\8.0.22\ref\net8.0\System.Threading.Tasks.Extensions.dll".
             Référence trouvée dans l'emplacement du chemin d'accès de recherche "{RawFileName}".
             Cette référence n'est pas "CopyLocal", car le paramètre "Private" d'au moins un élément source avait la valeur "false" et aucun élément source ne présentait de paramètre "Private" dont la valeur était "true".
         Référence primaire "System.Threading.Tasks.Parallel, Version=8.0.0.0, Culture=neutral, PublicKeyToken=b03f5f7f11d50a3a".
             Le chemin de fichier résolu est "C:\Program Files\dotnet\packs\Microsoft.NETCore.App.Ref\8.0.22\ref\net8.0\System.Threading.Tasks.Parallel.dll".
             Référence trouvée dans l'emplacement du chemin d'accès de recherche "{RawFileName}".
             Cette référence n'est pas "CopyLocal", car le paramètre "Private" d'au moins un élément source avait la valeur "false" et aucun élément source ne présentait de paramètre "Private" dont la valeur était "true".
         Référence primaire "System.Threading.Tasks, Version=8.0.0.0, Culture=neutral, PublicKeyToken=b03f5f7f11d50a3a".
             Le chemin de fichier résolu est "C:\Program Files\dotnet\packs\Microsoft.NETCore.App.Ref\8.0.22\ref\net8.0\System.Threading.Tasks.dll".
             Référence trouvée dans l'emplacement du chemin d'accès de recherche "{RawFileName}".
             Cette référence n'est pas "CopyLocal", car le paramètre "Private" d'au moins un élément source avait la valeur "false" et aucun élément source ne présentait de paramètre "Private" dont la valeur était "true".
         Référence primaire "System.Threading.Thread, Version=8.0.0.0, Culture=neutral, PublicKeyToken=b03f5f7f11d50a3a".
             Le chemin de fichier résolu est "C:\Program Files\dotnet\packs\Microsoft.NETCore.App.Ref\8.0.22\ref\net8.0\System.Threading.Thread.dll".
             Référence trouvée dans l'emplacement du chemin d'accès de recherche "{RawFileName}".
             Cette référence n'est pas "CopyLocal", car le paramètre "Private" d'au moins un élément source avait la valeur "false" et aucun élément source ne présentait de paramètre "Private" dont la valeur était "true".
         Référence primaire "System.Threading.ThreadPool, Version=8.0.0.0, Culture=neutral, PublicKeyToken=b03f5f7f11d50a3a".
             Le chemin de fichier résolu est "C:\Program Files\dotnet\packs\Microsoft.NETCore.App.Ref\8.0.22\ref\net8.0\System.Threading.ThreadPool.dll".
             Référence trouvée dans l'emplacement du chemin d'accès de recherche "{RawFileName}".
             Cette référence n'est pas "CopyLocal", car le paramètre "Private" d'au moins un élément source avait la valeur "false" et aucun élément source ne présentait de paramètre "Private" dont la valeur était "true".
         Référence primaire "System.Threading.Timer, Version=8.0.0.0, Culture=neutral, PublicKeyToken=b03f5f7f11d50a3a".
             Le chemin de fichier résolu est "C:\Program Files\dotnet\packs\Microsoft.NETCore.App.Ref\8.0.22\ref\net8.0\System.Threading.Timer.dll".
             Référence trouvée dans l'emplacement du chemin d'accès de recherche "{RawFileName}".
             Cette référence n'est pas "CopyLocal", car le paramètre "Private" d'au moins un élément source avait la valeur "false" et aucun élément source ne présentait de paramètre "Private" dont la valeur était "true".
         Référence primaire "System.Threading, Version=8.0.0.0, Culture=neutral, PublicKeyToken=b03f5f7f11d50a3a".
             Le chemin de fichier résolu est "C:\Program Files\dotnet\packs\Microsoft.NETCore.App.Ref\8.0.22\ref\net8.0\System.Threading.dll".
             Référence trouvée dans l'emplacement du chemin d'accès de recherche "{RawFileName}".
             Cette référence n'est pas "CopyLocal", car le paramètre "Private" d'au moins un élément source avait la valeur "false" et aucun élément source ne présentait de paramètre "Private" dont la valeur était "true".
         Référence primaire "System.Transactions.Local, Version=8.0.0.0, Culture=neutral, PublicKeyToken=cc7b13ffcd2ddd51".
             Le chemin de fichier résolu est "C:\Program Files\dotnet\packs\Microsoft.NETCore.App.Ref\8.0.22\ref\net8.0\System.Transactions.Local.dll".
             Référence trouvée dans l'emplacement du chemin d'accès de recherche "{RawFileName}".
             Cette référence n'est pas "CopyLocal", car le paramètre "Private" d'au moins un élément source avait la valeur "false" et aucun élément source ne présentait de paramètre "Private" dont la valeur était "true".
         Référence primaire "System.Transactions, Version=4.0.0.0, Culture=neutral, PublicKeyToken=b77a5c561934e089".
             Le chemin de fichier résolu est "C:\Program Files\dotnet\packs\Microsoft.NETCore.App.Ref\8.0.22\ref\net8.0\System.Transactions.dll".
             Référence trouvée dans l'emplacement du chemin d'accès de recherche "{RawFileName}".
             Cette référence n'est pas "CopyLocal", car le paramètre "Private" d'au moins un élément source avait la valeur "false" et aucun élément source ne présentait de paramètre "Private" dont la valeur était "true".
         Référence primaire "System.ValueTuple, Version=8.0.0.0, Culture=neutral, PublicKeyToken=cc7b13ffcd2ddd51".
             Le chemin de fichier résolu est "C:\Program Files\dotnet\packs\Microsoft.NETCore.App.Ref\8.0.22\ref\net8.0\System.ValueTuple.dll".
             Référence trouvée dans l'emplacement du chemin d'accès de recherche "{RawFileName}".
             Cette référence n'est pas "CopyLocal", car le paramètre "Private" d'au moins un élément source avait la valeur "false" et aucun élément source ne présentait de paramètre "Private" dont la valeur était "true".
         Référence primaire "System.Web.HttpUtility, Version=8.0.0.0, Culture=neutral, PublicKeyToken=cc7b13ffcd2ddd51".
             Le chemin de fichier résolu est "C:\Program Files\dotnet\packs\Microsoft.NETCore.App.Ref\8.0.22\ref\net8.0\System.Web.HttpUtility.dll".
             Référence trouvée dans l'emplacement du chemin d'accès de recherche "{RawFileName}".
             Cette référence n'est pas "CopyLocal", car le paramètre "Private" d'au moins un élément source avait la valeur "false" et aucun élément source ne présentait de paramètre "Private" dont la valeur était "true".
         Référence primaire "System.Web, Version=4.0.0.0, Culture=neutral, PublicKeyToken=b03f5f7f11d50a3a".
             Le chemin de fichier résolu est "C:\Program Files\dotnet\packs\Microsoft.NETCore.App.Ref\8.0.22\ref\net8.0\System.Web.dll".
             Référence trouvée dans l'emplacement du chemin d'accès de recherche "{RawFileName}".
             Cette référence n'est pas "CopyLocal", car le paramètre "Private" d'au moins un élément source avait la valeur "false" et aucun élément source ne présentait de paramètre "Private" dont la valeur était "true".
         Référence primaire "System.Windows, Version=4.0.0.0, Culture=neutral, PublicKeyToken=b03f5f7f11d50a3a".
             Le chemin de fichier résolu est "C:\Program Files\dotnet\packs\Microsoft.NETCore.App.Ref\8.0.22\ref\net8.0\System.Windows.dll".
             Référence trouvée dans l'emplacement du chemin d'accès de recherche "{RawFileName}".
             Cette référence n'est pas "CopyLocal", car le paramètre "Private" d'au moins un élément source avait la valeur "false" et aucun élément source ne présentait de paramètre "Private" dont la valeur était "true".
         Référence primaire "System.Xml.Linq, Version=4.0.0.0, Culture=neutral, PublicKeyToken=b77a5c561934e089".
             Le chemin de fichier résolu est "C:\Program Files\dotnet\packs\Microsoft.NETCore.App.Ref\8.0.22\ref\net8.0\System.Xml.Linq.dll".
             Référence trouvée dans l'emplacement du chemin d'accès de recherche "{RawFileName}".
             Cette référence n'est pas "CopyLocal", car le paramètre "Private" d'au moins un élément source avait la valeur "false" et aucun élément source ne présentait de paramètre "Private" dont la valeur était "true".
         Référence primaire "System.Xml.ReaderWriter, Version=8.0.0.0, Culture=neutral, PublicKeyToken=b03f5f7f11d50a3a".
             Le chemin de fichier résolu est "C:\Program Files\dotnet\packs\Microsoft.NETCore.App.Ref\8.0.22\ref\net8.0\System.Xml.ReaderWriter.dll".
             Référence trouvée dans l'emplacement du chemin d'accès de recherche "{RawFileName}".
             Cette référence n'est pas "CopyLocal", car le paramètre "Private" d'au moins un élément source avait la valeur "false" et aucun élément source ne présentait de paramètre "Private" dont la valeur était "true".
         Référence primaire "System.Xml.Serialization, Version=4.0.0.0, Culture=neutral, PublicKeyToken=b77a5c561934e089".
             Le chemin de fichier résolu est "C:\Program Files\dotnet\packs\Microsoft.NETCore.App.Ref\8.0.22\ref\net8.0\System.Xml.Serialization.dll".
             Référence trouvée dans l'emplacement du chemin d'accès de recherche "{RawFileName}".
             Cette référence n'est pas "CopyLocal", car le paramètre "Private" d'au moins un élément source avait la valeur "false" et aucun élément source ne présentait de paramètre "Private" dont la valeur était "true".
         Référence primaire "System.Xml.XDocument, Version=8.0.0.0, Culture=neutral, PublicKeyToken=b03f5f7f11d50a3a".
             Le chemin de fichier résolu est "C:\Program Files\dotnet\packs\Microsoft.NETCore.App.Ref\8.0.22\ref\net8.0\System.Xml.XDocument.dll".
             Référence trouvée dans l'emplacement du chemin d'accès de recherche "{RawFileName}".
             Cette référence n'est pas "CopyLocal", car le paramètre "Private" d'au moins un élément source avait la valeur "false" et aucun élément source ne présentait de paramètre "Private" dont la valeur était "true".
         Référence primaire "System.Xml.XPath.XDocument, Version=8.0.0.0, Culture=neutral, PublicKeyToken=b03f5f7f11d50a3a".
             Le chemin de fichier résolu est "C:\Program Files\dotnet\packs\Microsoft.NETCore.App.Ref\8.0.22\ref\net8.0\System.Xml.XPath.XDocument.dll".
             Référence trouvée dans l'emplacement du chemin d'accès de recherche "{RawFileName}".
             Cette référence n'est pas "CopyLocal", car le paramètre "Private" d'au moins un élément source avait la valeur "false" et aucun élément source ne présentait de paramètre "Private" dont la valeur était "true".
         Référence primaire "System.Xml.XPath, Version=8.0.0.0, Culture=neutral, PublicKeyToken=b03f5f7f11d50a3a".
             Le chemin de fichier résolu est "C:\Program Files\dotnet\packs\Microsoft.NETCore.App.Ref\8.0.22\ref\net8.0\System.Xml.XPath.dll".
             Référence trouvée dans l'emplacement du chemin d'accès de recherche "{RawFileName}".
             Cette référence n'est pas "CopyLocal", car le paramètre "Private" d'au moins un élément source avait la valeur "false" et aucun élément source ne présentait de paramètre "Private" dont la valeur était "true".
         Référence primaire "System.Xml.XmlDocument, Version=8.0.0.0, Culture=neutral, PublicKeyToken=b03f5f7f11d50a3a".
             Le chemin de fichier résolu est "C:\Program Files\dotnet\packs\Microsoft.NETCore.App.Ref\8.0.22\ref\net8.0\System.Xml.XmlDocument.dll".
             Référence trouvée dans l'emplacement du chemin d'accès de recherche "{RawFileName}".
             Cette référence n'est pas "CopyLocal", car le paramètre "Private" d'au moins un élément source avait la valeur "false" et aucun élément source ne présentait de paramètre "Private" dont la valeur était "true".
         Référence primaire "System.Xml.XmlSerializer, Version=8.0.0.0, Culture=neutral, PublicKeyToken=b03f5f7f11d50a3a".
             Le chemin de fichier résolu est "C:\Program Files\dotnet\packs\Microsoft.NETCore.App.Ref\8.0.22\ref\net8.0\System.Xml.XmlSerializer.dll".
             Référence trouvée dans l'emplacement du chemin d'accès de recherche "{RawFileName}".
             Cette référence n'est pas "CopyLocal", car le paramètre "Private" d'au moins un élément source avait la valeur "false" et aucun élément source ne présentait de paramètre "Private" dont la valeur était "true".
         Référence primaire "System.Xml, Version=4.0.0.0, Culture=neutral, PublicKeyToken=b77a5c561934e089".
             Le chemin de fichier résolu est "C:\Program Files\dotnet\packs\Microsoft.NETCore.App.Ref\8.0.22\ref\net8.0\System.Xml.dll".
             Référence trouvée dans l'emplacement du chemin d'accès de recherche "{RawFileName}".
             Cette référence n'est pas "CopyLocal", car le paramètre "Private" d'au moins un élément source avait la valeur "false" et aucun élément source ne présentait de paramètre "Private" dont la valeur était "true".
         Référence primaire "System, Version=4.0.0.0, Culture=neutral, PublicKeyToken=b77a5c561934e089".
             Le chemin de fichier résolu est "C:\Program Files\dotnet\packs\Microsoft.NETCore.App.Ref\8.0.22\ref\net8.0\System.dll".
             Référence trouvée dans l'emplacement du chemin d'accès de recherche "{RawFileName}".
             Cette référence n'est pas "CopyLocal", car le paramètre "Private" d'au moins un élément source avait la valeur "false" et aucun élément source ne présentait de paramètre "Private" dont la valeur était "true".
         Référence primaire "WindowsBase, Version=4.0.0.0, Culture=neutral, PublicKeyToken=31bf3856ad364e35".
             Le chemin de fichier résolu est "C:\Program Files\dotnet\packs\Microsoft.NETCore.App.Ref\8.0.22\ref\net8.0\WindowsBase.dll".
             Référence trouvée dans l'emplacement du chemin d'accès de recherche "{RawFileName}".
             Cette référence n'est pas "CopyLocal", car le paramètre "Private" d'au moins un élément source avait la valeur "false" et aucun élément source ne présentait de paramètre "Private" dont la valeur était "true".
         Référence primaire "mscorlib, Version=4.0.0.0, Culture=neutral, PublicKeyToken=b77a5c561934e089".
             Le chemin de fichier résolu est "C:\Program Files\dotnet\packs\Microsoft.NETCore.App.Ref\8.0.22\ref\net8.0\mscorlib.dll".
             Référence trouvée dans l'emplacement du chemin d'accès de recherche "{RawFileName}".
             Cette référence n'est pas "CopyLocal", car le paramètre "Private" d'au moins un élément source avait la valeur "false" et aucun élément source ne présentait de paramètre "Private" dont la valeur était "true".
         Référence primaire "netstandard, Version=2.1.0.0, Culture=neutral, PublicKeyToken=cc7b13ffcd2ddd51".
             Le chemin de fichier résolu est "C:\Program Files\dotnet\packs\Microsoft.NETCore.App.Ref\8.0.22\ref\net8.0\netstandard.dll".
             Référence trouvée dans l'emplacement du chemin d'accès de recherche "{RawFileName}".
             Cette référence n'est pas "CopyLocal", car le paramètre "Private" d'au moins un élément source avait la valeur "false" et aucun élément source ne présentait de paramètre "Private" dont la valeur était "true".
       Exécution de la tâche "ResolveAssemblyReference" terminée.
   2:6>Génération de la cible "ResolveAssemblyReferences" terminée dans le projet "SystemeCaisse.Core.csproj".
   2:6>Cible "AfterResolveReferences" dans le fichier "C:\Program Files\dotnet\sdk\10.0.101\Microsoft.Common.CurrentVersion.targets" du projet "C:\Users\Administrateur\Documents\DossierPartage\PROGRAMATION\SystemeCaisse\SystemeCaisse.Core\SystemeCaisse.Core.csproj" (la cible "ResolveReferences" en dépend) :
   2:6>Génération de la cible "AfterResolveReferences" terminée dans le projet "SystemeCaisse.Core.csproj".
   2:6>Cible "ResolveReferences" dans le fichier "C:\Program Files\dotnet\sdk\10.0.101\Microsoft.Common.CurrentVersion.targets" du projet "C:\Users\Administrateur\Documents\DossierPartage\PROGRAMATION\SystemeCaisse\SystemeCaisse.Core\SystemeCaisse.Core.csproj" (la cible "_BlockWinMDsOnUnsupportedTFMs" en dépend) :
   2:6>Génération de la cible "ResolveReferences" terminée dans le projet "SystemeCaisse.Core.csproj".
   2:6>Cible "_BlockWinMDsOnUnsupportedTFMs" dans le fichier "C:\Program Files\dotnet\sdk\10.0.101\Sdks\Microsoft.NET.Sdk\targets\Microsoft.NET.Sdk.targets" du projet "C:\Users\Administrateur\Documents\DossierPartage\PROGRAMATION\SystemeCaisse\SystemeCaisse.Core\SystemeCaisse.Core.csproj" (la cible "CoreBuild" en dépend) :
       Utilisation de la tâche "CheckForUnsupportedWinMDReferences" à partir de l'assembly "C:\Program Files\dotnet\sdk\10.0.101\Sdks\Microsoft.NET.Sdk\targets\..\tools\net10.0\Microsoft.NET.Build.Tasks.dll".
       Tâche "CheckForUnsupportedWinMDReferences"
       Exécution de la tâche "CheckForUnsupportedWinMDReferences" terminée.
   2:6>Génération de la cible "_BlockWinMDsOnUnsupportedTFMs" terminée dans le projet "SystemeCaisse.Core.csproj".
       Cible "ResolveReferences" ignorée. Elle a été générée.
       Cible "ResolvePackageDependenciesForBuild" ignorée. Elle a été générée.
       Cible "_HandlePackageFileConflicts" ignorée. Elle a été générée.
   2:6>Cible "CopyAdditionalFiles" dans le fichier "C:\Program Files\dotnet\sdk\10.0.101\Roslyn\Microsoft.Managed.Core.targets" du projet "C:\Users\Administrateur\Documents\DossierPartage\PROGRAMATION\SystemeCaisse\SystemeCaisse.Core\SystemeCaisse.Core.csproj" (la cible "AssignTargetPaths" en dépend) :
   2:6>Génération de la cible "CopyAdditionalFiles" terminée dans le projet "SystemeCaisse.Core.csproj".
   2:6>Cible "_ComputeNETCoreBuildOutputFiles" dans le fichier "C:\Program Files\dotnet\sdk\10.0.101\Sdks\Microsoft.NET.Sdk\targets\Microsoft.NET.Sdk.targets" du projet "C:\Users\Administrateur\Documents\DossierPartage\PROGRAMATION\SystemeCaisse\SystemeCaisse.Core\SystemeCaisse.Core.csproj" (la cible "AssignTargetPaths" en dépend) :
   2:6>Génération de la cible "_ComputeNETCoreBuildOutputFiles" terminée dans le projet "SystemeCaisse.Core.csproj".
   2:6>Cible "AssignTargetPaths" dans le fichier "C:\Program Files\dotnet\sdk\10.0.101\Microsoft.Common.CurrentVersion.targets" du projet "C:\Users\Administrateur\Documents\DossierPartage\PROGRAMATION\SystemeCaisse\SystemeCaisse.Core\SystemeCaisse.Core.csproj" (la cible "PrepareResourceNames" en dépend) :
       Utilisation de la tâche "AssignTargetPath" à partir de l'assembly "Microsoft.Build.Tasks.Core, Version=15.1.0.0, Culture=neutral, PublicKeyToken=b03f5f7f11d50a3a".
       Tâche "AssignTargetPath"
       Exécution de la tâche "AssignTargetPath" terminée.
       Tâche "AssignTargetPath"
       Exécution de la tâche "AssignTargetPath" terminée.
       Tâche "AssignTargetPath"
       Exécution de la tâche "AssignTargetPath" terminée.
       Tâche "AssignTargetPath"
       Exécution de la tâche "AssignTargetPath" terminée.
   2:6>Génération de la cible "AssignTargetPaths" terminée dans le projet "SystemeCaisse.Core.csproj".
       Cible "AssignTargetPaths" ignorée. Elle a été générée.
   2:6>Cible "SplitResourcesByCulture" dans le fichier "C:\Program Files\dotnet\sdk\10.0.101\Microsoft.Common.CurrentVersion.targets" du projet "C:\Users\Administrateur\Documents\DossierPartage\PROGRAMATION\SystemeCaisse\SystemeCaisse.Core\SystemeCaisse.Core.csproj" (la cible "PrepareResourceNames" en dépend) :
       Utilisation de la tâche "AssignCulture" à partir de l'assembly "Microsoft.Build.Tasks.Core, Version=15.1.0.0, Culture=neutral, PublicKeyToken=b03f5f7f11d50a3a".
       Tâche "AssignCulture"
       Exécution de la tâche "AssignCulture" terminée.
   2:6>Génération de la cible "SplitResourcesByCulture" terminée dans le projet "SystemeCaisse.Core.csproj".
   2:6>Cible "CreateCustomManifestResourceNames" dans le fichier "C:\Program Files\dotnet\sdk\10.0.101\Microsoft.Common.CurrentVersion.targets" du projet "C:\Users\Administrateur\Documents\DossierPartage\PROGRAMATION\SystemeCaisse\SystemeCaisse.Core\SystemeCaisse.Core.csproj" (la cible "PrepareResourceNames" en dépend) :
   2:6>Génération de la cible "CreateCustomManifestResourceNames" terminée dans le projet "SystemeCaisse.Core.csproj".
   2:6>Cible "PrepareResourceNames" dans le fichier "C:\Program Files\dotnet\sdk\10.0.101\Microsoft.Common.CurrentVersion.targets" du projet "C:\Users\Administrateur\Documents\DossierPartage\PROGRAMATION\SystemeCaisse\SystemeCaisse.Core\SystemeCaisse.Core.csproj" (la cible "PrepareResources" en dépend) :
   2:6>Génération de la cible "PrepareResourceNames" terminée dans le projet "SystemeCaisse.Core.csproj".
       Cible "ResolveAssemblyReferences" ignorée. Elle a été générée.
       Cible "SplitResourcesByCulture" ignorée. Elle a été générée.
   2:6>Cible "BeforeResGen" dans le fichier "C:\Program Files\dotnet\sdk\10.0.101\Microsoft.Common.CurrentVersion.targets" du projet "C:\Users\Administrateur\Documents\DossierPartage\PROGRAMATION\SystemeCaisse\SystemeCaisse.Core\SystemeCaisse.Core.csproj" (la cible "ResGen" en dépend) :
   2:6>Génération de la cible "BeforeResGen" terminée dans le projet "SystemeCaisse.Core.csproj".
       Cible "ResolveReferences" ignorée. Elle a été générée.
   2:6>Cible "FindReferenceAssembliesForReferences" dans le fichier "C:\Program Files\dotnet\sdk\10.0.101\Microsoft.Common.CurrentVersion.targets" du projet "C:\Users\Administrateur\Documents\DossierPartage\PROGRAMATION\SystemeCaisse\SystemeCaisse.Core\SystemeCaisse.Core.csproj" (la cible "CoreResGen" en dépend) :
   2:6>Génération de la cible "FindReferenceAssembliesForReferences" terminée dans le projet "SystemeCaisse.Core.csproj".
   2:6>Cible "CoreResGen" dans le fichier "C:\Program Files\dotnet\sdk\10.0.101\Microsoft.Common.CurrentVersion.targets" du projet "C:\Users\Administrateur\Documents\DossierPartage\PROGRAMATION\SystemeCaisse\SystemeCaisse.Core\SystemeCaisse.Core.csproj" (la cible "ResGen" en dépend) :
   2:6>Génération de la cible "CoreResGen" terminée dans le projet "SystemeCaisse.Core.csproj".
   2:6>Cible "AfterResGen" dans le fichier "C:\Program Files\dotnet\sdk\10.0.101\Microsoft.Common.CurrentVersion.targets" du projet "C:\Users\Administrateur\Documents\DossierPartage\PROGRAMATION\SystemeCaisse\SystemeCaisse.Core\SystemeCaisse.Core.csproj" (la cible "ResGen" en dépend) :
   2:6>Génération de la cible "AfterResGen" terminée dans le projet "SystemeCaisse.Core.csproj".
   2:6>Cible "ResGen" dans le fichier "C:\Program Files\dotnet\sdk\10.0.101\Microsoft.Common.CurrentVersion.targets" du projet "C:\Users\Administrateur\Documents\DossierPartage\PROGRAMATION\SystemeCaisse\SystemeCaisse.Core\SystemeCaisse.Core.csproj" (la cible "PrepareResources" en dépend) :
   2:6>Génération de la cible "ResGen" terminée dans le projet "SystemeCaisse.Core.csproj".
   2:6>Cible "PrepareResources" dans le fichier "C:\Program Files\dotnet\sdk\10.0.101\Microsoft.Common.CurrentVersion.targets" du projet "C:\Users\Administrateur\Documents\DossierPartage\PROGRAMATION\SystemeCaisse\SystemeCaisse.Core\SystemeCaisse.Core.csproj" (la cible "CoreBuild" en dépend) :
   2:6>Génération de la cible "PrepareResources" terminée dans le projet "SystemeCaisse.Core.csproj".
       Cible "ResolveReferences" ignorée. Elle a été générée.
   2:6>Cible "_SetEmbeddedWin32ManifestProperties" dans le fichier "C:\Program Files\dotnet\sdk\10.0.101\Microsoft.Common.CurrentVersion.targets" du projet "C:\Users\Administrateur\Documents\DossierPartage\PROGRAMATION\SystemeCaisse\SystemeCaisse.Core\SystemeCaisse.Core.csproj" (la cible "SetWin32ManifestProperties" en dépend) :
       Utilisation de la tâche "GetFrameworkPath" à partir de l'assembly "Microsoft.Build.Tasks.Core, Version=15.1.0.0, Culture=neutral, PublicKeyToken=b03f5f7f11d50a3a".
       Tâche "GetFrameworkPath"
       Exécution de la tâche "GetFrameworkPath" terminée.
   2:6>Génération de la cible "_SetEmbeddedWin32ManifestProperties" terminée dans le projet "SystemeCaisse.Core.csproj".
   2:6>Cible "SetWin32ManifestProperties" dans le fichier "C:\Program Files\dotnet\sdk\10.0.101\Microsoft.Common.CurrentVersion.targets" du projet "C:\Users\Administrateur\Documents\DossierPartage\PROGRAMATION\SystemeCaisse\SystemeCaisse.Core\SystemeCaisse.Core.csproj" (la cible "Compile" en dépend) :
   2:6>Génération de la cible "SetWin32ManifestProperties" terminée dans le projet "SystemeCaisse.Core.csproj".
       Cible "FindReferenceAssembliesForReferences" ignorée. Elle a été générée.
   2:6>Cible "_GenerateCompileInputs" dans le fichier "C:\Program Files\dotnet\sdk\10.0.101\Microsoft.Common.CurrentVersion.targets" du projet "C:\Users\Administrateur\Documents\DossierPartage\PROGRAMATION\SystemeCaisse\SystemeCaisse.Core\SystemeCaisse.Core.csproj" (la cible "Compile" en dépend) :
   2:6>Génération de la cible "_GenerateCompileInputs" terminée dans le projet "SystemeCaisse.Core.csproj".
       Cible "PrepareForBuild" ignorée. Elle a été générée.
   2:6>Cible "GenerateMSBuildEditorConfigFileShouldRun" dans le fichier "C:\Program Files\dotnet\sdk\10.0.101\Roslyn\Microsoft.Managed.Core.targets" du projet "C:\Users\Administrateur\Documents\DossierPartage\PROGRAMATION\SystemeCaisse\SystemeCaisse.Core\SystemeCaisse.Core.csproj" (la cible "GenerateMSBuildEditorConfigFile" en dépend) :
   2:6>Génération de la cible "GenerateMSBuildEditorConfigFileShouldRun" terminée dans le projet "SystemeCaisse.Core.csproj".
   2:6>Cible "AddGlobalAnalyzerConfigForPackage_MicrosoftCodeAnalysisCSharpCodeStyle" dans le fichier "C:\Program Files\dotnet\sdk\10.0.101\Sdks\Microsoft.NET.Sdk\codestyle\cs\build\Microsoft.CodeAnalysis.CSharp.CodeStyle.targets" du projet "C:\Users\Administrateur\Documents\DossierPartage\PROGRAMATION\SystemeCaisse\SystemeCaisse.Core\SystemeCaisse.Core.csproj" (la cible "GenerateMSBuildEditorConfigFileCore" en dépend) :
   2:6>Génération de la cible "AddGlobalAnalyzerConfigForPackage_MicrosoftCodeAnalysisCSharpCodeStyle" terminée dans le projet "SystemeCaisse.Core.csproj".
   2:6>Cible "GenerateMSBuildEditorConfigFileCore" dans le fichier "C:\Program Files\dotnet\sdk\10.0.101\Roslyn\Microsoft.Managed.Core.targets" du projet "C:\Users\Administrateur\Documents\DossierPartage\PROGRAMATION\SystemeCaisse\SystemeCaisse.Core\SystemeCaisse.Core.csproj" (la cible "GenerateMSBuildEditorConfigFile" en dépend) :
       Génération complète de la cible "GenerateMSBuildEditorConfigFileCore".
       Aucun fichier d'entrée n'a été spécifié.
       Utilisation de la tâche "GenerateMSBuildEditorConfig" à partir de l'assembly "C:\Program Files\dotnet\sdk\10.0.101\Sdks\Microsoft.NET.Sdk\targets\..\..\..\Roslyn\Microsoft.Build.Tasks.CodeAnalysis.dll".
       Tâche "GenerateMSBuildEditorConfig"
       Exécution de la tâche "GenerateMSBuildEditorConfig" terminée.
   2:6>Génération de la cible "GenerateMSBuildEditorConfigFileCore" terminée dans le projet "SystemeCaisse.Core.csproj".
   2:6>Cible "GenerateMSBuildEditorConfigFile" dans le fichier "C:\Program Files\dotnet\sdk\10.0.101\Roslyn\Microsoft.Managed.Core.targets" du projet "C:\Users\Administrateur\Documents\DossierPartage\PROGRAMATION\SystemeCaisse\SystemeCaisse.Core\SystemeCaisse.Core.csproj" (la cible "BeforeCompile" en dépend) :
   2:6>Génération de la cible "GenerateMSBuildEditorConfigFile" terminée dans le projet "SystemeCaisse.Core.csproj".
       Cible "PrepareForBuild" ignorée. Elle a été générée.
       Cible "GetReferenceAssemblyPaths" ignorée. Elle a été générée.
   2:6>Cible "_SetTargetFrameworkMonikerAttribute" dans le fichier "C:\Program Files\dotnet\sdk\10.0.101\Microsoft.CSharp.CurrentVersion.targets" du projet "C:\Users\Administrateur\Documents\DossierPartage\PROGRAMATION\SystemeCaisse\SystemeCaisse.Core\SystemeCaisse.Core.csproj" (la cible "GenerateTargetFrameworkMonikerAttribute" en dépend) :
   2:6>Génération de la cible "_SetTargetFrameworkMonikerAttribute" terminée dans le projet "SystemeCaisse.Core.csproj".
   2:6>Cible "GenerateTargetFrameworkMonikerAttribute" dans le fichier "C:\Program Files\dotnet\sdk\10.0.101\Microsoft.Common.CurrentVersion.targets" du projet "C:\Users\Administrateur\Documents\DossierPartage\PROGRAMATION\SystemeCaisse\SystemeCaisse.Core\SystemeCaisse.Core.csproj" (la cible "BeforeCompile" en dépend) :
       La cible est ignorée "GenerateTargetFrameworkMonikerAttribute", car tous les fichiers de sortie sont à jour par rapport aux fichiers d'entrée.
       Fichiers d'entrée : C:\Program Files\dotnet\sdk\10.0.101\Microsoft.Common.targets
       Fichiers de sortie : obj\Debug\net8.0\.NETCoreApp,Version=v8.0.AssemblyAttributes.cs
   2:6>Génération de la cible "GenerateTargetFrameworkMonikerAttribute" terminée dans le projet "SystemeCaisse.Core.csproj".
       Cible "PrepareForBuild" ignorée. Elle a été générée.
   2:6>Cible "GetAssemblyVersion" dans le fichier "C:\Program Files\dotnet\sdk\10.0.101\Sdks\Microsoft.NET.Sdk\targets\Microsoft.NET.GenerateAssemblyInfo.targets" du projet "C:\Users\Administrateur\Documents\DossierPartage\PROGRAMATION\SystemeCaisse\SystemeCaisse.Core\SystemeCaisse.Core.csproj" (la cible "GetAssemblyAttributes" en dépend) :
       Utilisation de la tâche "GetAssemblyVersion" à partir de l'assembly "C:\Program Files\dotnet\sdk\10.0.101\Sdks\Microsoft.NET.Sdk\targets\..\tools\net10.0\Microsoft.NET.Build.Tasks.dll".
       Tâche "GetAssemblyVersion"
       Exécution de la tâche "GetAssemblyVersion" terminée.
   2:6>Génération de la cible "GetAssemblyVersion" terminée dans le projet "SystemeCaisse.Core.csproj".
   2:6>Cible "InitializeSourceControlInformationFromSourceControlManager" dans le fichier "C:\Program Files\dotnet\sdk\10.0.101\Sdks\Microsoft.Build.Tasks.Git\build\Microsoft.Build.Tasks.Git.targets" du projet "C:\Users\Administrateur\Documents\DossierPartage\PROGRAMATION\SystemeCaisse\SystemeCaisse.Core\SystemeCaisse.Core.csproj" (la cible "_InitializeSourceControlInformationFromSourceControlManager" en dépend) :
       Utilisation de la tâche "Microsoft.Build.Tasks.Git.LocateRepository" à partir de l'assembly "C:\Program Files\dotnet\sdk\10.0.101\Sdks\Microsoft.Build.Tasks.Git\build\..\tools\net\Microsoft.Build.Tasks.Git.dll".
       Tâche "Microsoft.Build.Tasks.Git.LocateRepository"
       Exécution de la tâche "Microsoft.Build.Tasks.Git.LocateRepository" terminée.
   2:6>Génération de la cible "InitializeSourceControlInformationFromSourceControlManager" terminée dans le projet "SystemeCaisse.Core.csproj".
   2:6>Cible "_SourceLinkHasSingleProvider" dans le fichier "C:\Program Files\dotnet\sdk\10.0.101\Sdks\Microsoft.SourceLink.Common\build\InitializeSourceControlInformation.targets" du projet "C:\Users\Administrateur\Documents\DossierPartage\PROGRAMATION\SystemeCaisse\SystemeCaisse.Core\SystemeCaisse.Core.csproj" (la cible "_InitializeSourceControlInformationFromSourceControlManager" en dépend) :
       Assembly chargé pendant TaskRun : Microsoft.SourceLink.Common, Version=10.0.13.7005, Culture=neutral, PublicKeyToken=31bf3856ad364e35 (emplacement : C:\Program Files\dotnet\sdk\10.0.101\Sdks\Microsoft.SourceLink.Common\tools\net\Microsoft.SourceLink.Common.dll, MVID : 3cb9be59-45f3-469a-bcf6-c9ffcd17a00c, AssemblyLoadContext : MSBuild plugin C:\Program Files\dotnet\sdk\10.0.101\Sdks\Microsoft.SourceLink.Common\tools\net\Microsoft.SourceLink.Common.dll)
       Utilisation de la tâche "Microsoft.SourceLink.Common.SourceLinkHasSingleProvider" à partir de l'assembly "C:\Program Files\dotnet\sdk\10.0.101\Sdks\Microsoft.SourceLink.Common\build\..\tools\net\Microsoft.SourceLink.Common.dll".
       Tâche "Microsoft.SourceLink.Common.SourceLinkHasSingleProvider"
       Exécution de la tâche "Microsoft.SourceLink.Common.SourceLinkHasSingleProvider" terminée.
   2:6>Génération de la cible "_SourceLinkHasSingleProvider" terminée dans le projet "SystemeCaisse.Core.csproj".
   2:6>Cible "TranslateGitHubUrlsInSourceControlInformation" dans le fichier "C:\Program Files\dotnet\sdk\10.0.101\Sdks\Microsoft.SourceLink.GitHub\build\Microsoft.SourceLink.GitHub.targets" du projet "C:\Users\Administrateur\Documents\DossierPartage\PROGRAMATION\SystemeCaisse\SystemeCaisse.Core\SystemeCaisse.Core.csproj" (la cible "_InitializeSourceControlInformationFromSourceControlManager" en dépend) :
       Assembly chargé pendant TaskRun : Microsoft.SourceLink.GitHub, Version=10.0.13.7005, Culture=neutral, PublicKeyToken=31bf3856ad364e35 (emplacement : C:\Program Files\dotnet\sdk\10.0.101\Sdks\Microsoft.SourceLink.GitHub\tools\net\Microsoft.SourceLink.GitHub.dll, MVID : 36076676-40e3-4132-a682-ec33e7c38cb5, AssemblyLoadContext : MSBuild plugin C:\Program Files\dotnet\sdk\10.0.101\Sdks\Microsoft.SourceLink.GitHub\tools\net\Microsoft.SourceLink.GitHub.dll)
       Utilisation de la tâche "Microsoft.SourceLink.GitHub.TranslateRepositoryUrls" à partir de l'assembly "C:\Program Files\dotnet\sdk\10.0.101\Sdks\Microsoft.SourceLink.GitHub\build\..\tools\net\Microsoft.SourceLink.GitHub.dll".
       Tâche "Microsoft.SourceLink.GitHub.TranslateRepositoryUrls"
       Exécution de la tâche "Microsoft.SourceLink.GitHub.TranslateRepositoryUrls" terminée.
   2:6>Génération de la cible "TranslateGitHubUrlsInSourceControlInformation" terminée dans le projet "SystemeCaisse.Core.csproj".
   2:6>Cible "TranslateGitLabUrlsInSourceControlInformation" dans le fichier "C:\Program Files\dotnet\sdk\10.0.101\Sdks\Microsoft.SourceLink.GitLab\build\Microsoft.SourceLink.GitLab.targets" du projet "C:\Users\Administrateur\Documents\DossierPartage\PROGRAMATION\SystemeCaisse\SystemeCaisse.Core\SystemeCaisse.Core.csproj" (la cible "_InitializeSourceControlInformationFromSourceControlManager" en dépend) :
       Assembly chargé pendant TaskRun : Microsoft.SourceLink.GitLab, Version=10.0.13.7005, Culture=neutral, PublicKeyToken=31bf3856ad364e35 (emplacement : C:\Program Files\dotnet\sdk\10.0.101\Sdks\Microsoft.SourceLink.GitLab\tools\net\Microsoft.SourceLink.GitLab.dll, MVID : ecde11a6-fe59-46bf-9fae-7364c94777ba, AssemblyLoadContext : MSBuild plugin C:\Program Files\dotnet\sdk\10.0.101\Sdks\Microsoft.SourceLink.GitLab\tools\net\Microsoft.SourceLink.GitLab.dll)
       Utilisation de la tâche "Microsoft.SourceLink.GitLab.TranslateRepositoryUrls" à partir de l'assembly "C:\Program Files\dotnet\sdk\10.0.101\Sdks\Microsoft.SourceLink.GitLab\build\..\tools\net\Microsoft.SourceLink.GitLab.dll".
       Tâche "Microsoft.SourceLink.GitLab.TranslateRepositoryUrls"
       Exécution de la tâche "Microsoft.SourceLink.GitLab.TranslateRepositoryUrls" terminée.
   2:6>Génération de la cible "TranslateGitLabUrlsInSourceControlInformation" terminée dans le projet "SystemeCaisse.Core.csproj".
   2:6>Cible "TranslateAzureReposGitUrlsInSourceControlInformation" dans le fichier "C:\Program Files\dotnet\sdk\10.0.101\Sdks\Microsoft.SourceLink.AzureRepos.Git\build\Microsoft.SourceLink.AzureRepos.Git.targets" du projet "C:\Users\Administrateur\Documents\DossierPartage\PROGRAMATION\SystemeCaisse\SystemeCaisse.Core\SystemeCaisse.Core.csproj" (la cible "_InitializeSourceControlInformationFromSourceControlManager" en dépend) :
       Assembly chargé pendant TaskRun : Microsoft.SourceLink.AzureRepos.Git, Version=10.0.13.7005, Culture=neutral, PublicKeyToken=31bf3856ad364e35 (emplacement : C:\Program Files\dotnet\sdk\10.0.101\Sdks\Microsoft.SourceLink.AzureRepos.Git\tools\net\Microsoft.SourceLink.AzureRepos.Git.dll, MVID : 0c017808-bddf-44d0-8d72-b0d1c8417eac, AssemblyLoadContext : MSBuild plugin C:\Program Files\dotnet\sdk\10.0.101\Sdks\Microsoft.SourceLink.AzureRepos.Git\tools\net\Microsoft.SourceLink.AzureRepos.Git.dll)
       Utilisation de la tâche "Microsoft.SourceLink.AzureRepos.Git.TranslateRepositoryUrls" à partir de l'assembly "C:\Program Files\dotnet\sdk\10.0.101\Sdks\Microsoft.SourceLink.AzureRepos.Git\build\..\tools\net\Microsoft.SourceLink.AzureRepos.Git.dll".
       Tâche "Microsoft.SourceLink.AzureRepos.Git.TranslateRepositoryUrls"
       Exécution de la tâche "Microsoft.SourceLink.AzureRepos.Git.TranslateRepositoryUrls" terminée.
   2:6>Génération de la cible "TranslateAzureReposGitUrlsInSourceControlInformation" terminée dans le projet "SystemeCaisse.Core.csproj".
   2:6>Cible "TranslateBitbucketGitUrlsInSourceControlInformation" dans le fichier "C:\Program Files\dotnet\sdk\10.0.101\Sdks\Microsoft.SourceLink.Bitbucket.Git\build\Microsoft.SourceLink.Bitbucket.Git.targets" du projet "C:\Users\Administrateur\Documents\DossierPartage\PROGRAMATION\SystemeCaisse\SystemeCaisse.Core\SystemeCaisse.Core.csproj" (la cible "_InitializeSourceControlInformationFromSourceControlManager" en dépend) :
       Assembly chargé pendant TaskRun : Microsoft.SourceLink.Bitbucket.Git, Version=10.0.13.7005, Culture=neutral, PublicKeyToken=31bf3856ad364e35 (emplacement : C:\Program Files\dotnet\sdk\10.0.101\Sdks\Microsoft.SourceLink.Bitbucket.Git\tools\net\Microsoft.SourceLink.Bitbucket.Git.dll, MVID : 4b52ed62-9a3e-4649-b031-80835f902681, AssemblyLoadContext : MSBuild plugin C:\Program Files\dotnet\sdk\10.0.101\Sdks\Microsoft.SourceLink.Bitbucket.Git\tools\net\Microsoft.SourceLink.Bitbucket.Git.dll)
       Utilisation de la tâche "Microsoft.SourceLink.Bitbucket.Git.TranslateRepositoryUrls" à partir de l'assembly "C:\Program Files\dotnet\sdk\10.0.101\Sdks\Microsoft.SourceLink.Bitbucket.Git\build\..\tools\net\Microsoft.SourceLink.Bitbucket.Git.dll".
       Tâche "Microsoft.SourceLink.Bitbucket.Git.TranslateRepositoryUrls"
       Exécution de la tâche "Microsoft.SourceLink.Bitbucket.Git.TranslateRepositoryUrls" terminée.
   2:6>Génération de la cible "TranslateBitbucketGitUrlsInSourceControlInformation" terminée dans le projet "SystemeCaisse.Core.csproj".
   2:6>Cible "SourceControlManagerPublishTranslatedUrls" dans le fichier "C:\Program Files\dotnet\sdk\10.0.101\Sdks\Microsoft.SourceLink.Common\build\InitializeSourceControlInformation.targets" du projet "C:\Users\Administrateur\Documents\DossierPartage\PROGRAMATION\SystemeCaisse\SystemeCaisse.Core\SystemeCaisse.Core.csproj" (la cible "_InitializeSourceControlInformationFromSourceControlManager" en dépend) :
   2:6>Génération de la cible "SourceControlManagerPublishTranslatedUrls" terminée dans le projet "SystemeCaisse.Core.csproj".
   2:6>Cible "_InitializeSourceControlInformationFromSourceControlManager" dans le fichier "C:\Program Files\dotnet\sdk\10.0.101\Sdks\Microsoft.SourceLink.Common\build\InitializeSourceControlInformation.targets" du projet "C:\Users\Administrateur\Documents\DossierPartage\PROGRAMATION\SystemeCaisse\SystemeCaisse.Core\SystemeCaisse.Core.csproj" (la cible "InitializeSourceControlInformation" en dépend) :
   2:6>Génération de la cible "_InitializeSourceControlInformationFromSourceControlManager" terminée dans le projet "SystemeCaisse.Core.csproj".
   2:6>Cible "InitializeSourceControlInformation" dans le fichier "C:\Program Files\dotnet\sdk\10.0.101\Microsoft.Common.CurrentVersion.targets" du projet "C:\Users\Administrateur\Documents\DossierPartage\PROGRAMATION\SystemeCaisse\SystemeCaisse.Core\SystemeCaisse.Core.csproj" (la cible "GetAssemblyAttributes" en dépend) :
   2:6>Génération de la cible "InitializeSourceControlInformation" terminée dans le projet "SystemeCaisse.Core.csproj".
       Cible "GetAssemblyVersion" ignorée. Elle a été générée.
       Cible "InitializeSourceControlInformation" ignorée. Elle a été générée.
   2:6>Cible "AddSourceRevisionToInformationalVersion" dans le fichier "C:\Program Files\dotnet\sdk\10.0.101\Sdks\Microsoft.NET.Sdk\targets\Microsoft.NET.GenerateAssemblyInfo.targets" du projet "C:\Users\Administrateur\Documents\DossierPartage\PROGRAMATION\SystemeCaisse\SystemeCaisse.Core\SystemeCaisse.Core.csproj" (la cible "GetAssemblyAttributes" en dépend) :
   2:6>Génération de la cible "AddSourceRevisionToInformationalVersion" terminée dans le projet "SystemeCaisse.Core.csproj".
   2:6>Cible "GetAssemblyAttributes" dans le fichier "C:\Program Files\dotnet\sdk\10.0.101\Sdks\Microsoft.NET.Sdk\targets\Microsoft.NET.GenerateAssemblyInfo.targets" du projet "C:\Users\Administrateur\Documents\DossierPartage\PROGRAMATION\SystemeCaisse\SystemeCaisse.Core\SystemeCaisse.Core.csproj" (la cible "CreateGeneratedAssemblyInfoInputsCacheFile" en dépend) :
   2:6>Génération de la cible "GetAssemblyAttributes" terminée dans le projet "SystemeCaisse.Core.csproj".
   2:6>Cible "CreateGeneratedAssemblyInfoInputsCacheFile" dans le fichier "C:\Program Files\dotnet\sdk\10.0.101\Sdks\Microsoft.NET.Sdk\targets\Microsoft.NET.GenerateAssemblyInfo.targets" du projet "C:\Users\Administrateur\Documents\DossierPartage\PROGRAMATION\SystemeCaisse\SystemeCaisse.Core\SystemeCaisse.Core.csproj" (la cible "CoreGenerateAssemblyInfo" en dépend) :
       Utilisation de la tâche "Hash" à partir de l'assembly "Microsoft.Build.Tasks.Core, Version=15.1.0.0, Culture=neutral, PublicKeyToken=b03f5f7f11d50a3a".
       Tâche "Hash"
       Exécution de la tâche "Hash" terminée.
       Tâche "WriteLinesToFile"
         L'écriture dans le fichier "obj\Debug\net8.0\SystemeCaisse.Core.AssemblyInfoInputs.cache" est ignorée, car le contenu ne change pas.
       Exécution de la tâche "WriteLinesToFile" terminée.
   2:6>Génération de la cible "CreateGeneratedAssemblyInfoInputsCacheFile" terminée dans le projet "SystemeCaisse.Core.csproj".
   2:6>Cible "CoreGenerateAssemblyInfo" dans le fichier "C:\Program Files\dotnet\sdk\10.0.101\Sdks\Microsoft.NET.Sdk\targets\Microsoft.NET.GenerateAssemblyInfo.targets" du projet "C:\Users\Administrateur\Documents\DossierPartage\PROGRAMATION\SystemeCaisse\SystemeCaisse.Core\SystemeCaisse.Core.csproj" (la cible "GenerateAssemblyInfo" en dépend) :
       La cible est ignorée "CoreGenerateAssemblyInfo", car tous les fichiers de sortie sont à jour par rapport aux fichiers d'entrée.
       Fichiers d'entrée : obj\Debug\net8.0\SystemeCaisse.Core.AssemblyInfoInputs.cache
       Fichiers de sortie : obj\Debug\net8.0\SystemeCaisse.Core.AssemblyInfo.cs
   2:6>Génération de la cible "CoreGenerateAssemblyInfo" terminée dans le projet "SystemeCaisse.Core.csproj".
   2:6>Cible "GenerateAssemblyInfo" dans le fichier "C:\Program Files\dotnet\sdk\10.0.101\Sdks\Microsoft.NET.Sdk\targets\Microsoft.NET.GenerateAssemblyInfo.targets" du projet "C:\Users\Administrateur\Documents\DossierPartage\PROGRAMATION\SystemeCaisse\SystemeCaisse.Core\SystemeCaisse.Core.csproj" (la cible "BeforeCompile" en dépend) :
   2:6>Génération de la cible "GenerateAssemblyInfo" terminée dans le projet "SystemeCaisse.Core.csproj".
   2:6>Cible "BeforeCompile" dans le fichier "C:\Program Files\dotnet\sdk\10.0.101\Microsoft.Common.CurrentVersion.targets" du projet "C:\Users\Administrateur\Documents\DossierPartage\PROGRAMATION\SystemeCaisse\SystemeCaisse.Core\SystemeCaisse.Core.csproj" (la cible "Compile" en dépend) :
   2:6>Génération de la cible "BeforeCompile" terminée dans le projet "SystemeCaisse.Core.csproj".
       Cible "ResolveAssemblyReferences" ignorée. Elle a été générée.
       Cible "_GenerateCompileInputs" ignorée. Elle a été générée.
   2:6>Cible "_GenerateCompileDependencyCache" dans le fichier "C:\Program Files\dotnet\sdk\10.0.101\Microsoft.Common.CurrentVersion.targets" du projet "C:\Users\Administrateur\Documents\DossierPartage\PROGRAMATION\SystemeCaisse\SystemeCaisse.Core\SystemeCaisse.Core.csproj" (la cible "Compile" en dépend) :
       Tâche "Hash"
       Exécution de la tâche "Hash" terminée.
       Tâche "WriteLinesToFile"
         L'écriture dans le fichier "obj\Debug\net8.0\SystemeCaisse.Core.csproj.CoreCompileInputs.cache" est ignorée, car le contenu ne change pas.
       Exécution de la tâche "WriteLinesToFile" terminée.
   2:6>Génération de la cible "_GenerateCompileDependencyCache" terminée dans le projet "SystemeCaisse.Core.csproj".
   2:6>Cible "_BeforeVBCSCoreCompile" dans le fichier "C:\Program Files\dotnet\sdk\10.0.101\Roslyn\Microsoft.Managed.Core.targets" du projet "C:\Users\Administrateur\Documents\DossierPartage\PROGRAMATION\SystemeCaisse\SystemeCaisse.Core\SystemeCaisse.Core.csproj" (la cible "CoreCompile" en dépend) :
   2:6>Génération de la cible "_BeforeVBCSCoreCompile" terminée dans le projet "SystemeCaisse.Core.csproj".
   2:6>Cible "_ComputeSkipAnalyzers" dans le fichier "C:\Program Files\dotnet\sdk\10.0.101\Roslyn\Microsoft.Managed.Core.targets" du projet "C:\Users\Administrateur\Documents\DossierPartage\PROGRAMATION\SystemeCaisse\SystemeCaisse.Core\SystemeCaisse.Core.csproj" (la cible "CoreCompile" en dépend) :
   2:6>Génération de la cible "_ComputeSkipAnalyzers" terminée dans le projet "SystemeCaisse.Core.csproj".
       Cible "BeforeCompile" ignorée. Elle a été générée.
       Cible "InitializeSourceControlInformationFromSourceControlManager" ignorée. Elle a été générée.
   2:6>Cible "SetEmbeddedFilesFromSourceControlManagerUntrackedFiles" dans le fichier "C:\Program Files\dotnet\sdk\10.0.101\Sdks\Microsoft.Build.Tasks.Git\build\Microsoft.Build.Tasks.Git.targets" du projet "C:\Users\Administrateur\Documents\DossierPartage\PROGRAMATION\SystemeCaisse\SystemeCaisse.Core\SystemeCaisse.Core.csproj" (la cible "_SetEmbeddedFilesFromSourceControlManagerUntrackedFiles" en dépend) :
   2:6>Génération de la cible "SetEmbeddedFilesFromSourceControlManagerUntrackedFiles" terminée dans le projet "SystemeCaisse.Core.csproj".
   2:6>Cible "_SetEmbeddedFilesFromSourceControlManagerUntrackedFiles" dans le fichier "C:\Program Files\dotnet\sdk\10.0.101\Sdks\Microsoft.SourceLink.Common\build\Microsoft.SourceLink.Common.targets" du projet "C:\Users\Administrateur\Documents\DossierPartage\PROGRAMATION\SystemeCaisse\SystemeCaisse.Core\SystemeCaisse.Core.csproj" (la cible "CoreCompile" en dépend) :
   2:6>Génération de la cible "_SetEmbeddedFilesFromSourceControlManagerUntrackedFiles" terminée dans le projet "SystemeCaisse.Core.csproj".
       Cible "InitializeSourceControlInformation" ignorée. Elle a été générée.
   2:6>Cible "_SetSourceLinkFilePath" dans le fichier "C:\Program Files\dotnet\sdk\10.0.101\Sdks\Microsoft.SourceLink.Common\build\Microsoft.SourceLink.Common.targets" du projet "C:\Users\Administrateur\Documents\DossierPartage\PROGRAMATION\SystemeCaisse\SystemeCaisse.Core\SystemeCaisse.Core.csproj" (la cible "_GenerateSourceLinkFile" en dépend) :
   2:6>Génération de la cible "_SetSourceLinkFilePath" terminée dans le projet "SystemeCaisse.Core.csproj".
       Cible "InitializeSourceControlInformation" ignorée. Elle a été générée.
   2:6>Cible "_InitializeSourceRootMappedPathsFromSourceControl" dans le fichier "C:\Program Files\dotnet\sdk\10.0.101\Roslyn\Microsoft.Managed.Core.targets" du projet "C:\Users\Administrateur\Documents\DossierPartage\PROGRAMATION\SystemeCaisse\SystemeCaisse.Core\SystemeCaisse.Core.csproj" (la cible "InitializeSourceRootMappedPaths" en dépend) :
   2:6>Génération de la cible "_InitializeSourceRootMappedPathsFromSourceControl" terminée dans le projet "SystemeCaisse.Core.csproj".
   2:6>Cible "InitializeSourceRootMappedPaths" dans le fichier "C:\Program Files\dotnet\sdk\10.0.101\Roslyn\Microsoft.Managed.Core.targets" du projet "C:\Users\Administrateur\Documents\DossierPartage\PROGRAMATION\SystemeCaisse\SystemeCaisse.Core\SystemeCaisse.Core.csproj" (la cible "_InitializeSourceRootMappedPathsOpt" en dépend) :
       Utilisation de la tâche "Microsoft.CodeAnalysis.BuildTasks.MapSourceRoots" à partir de l'assembly "C:\Program Files\dotnet\sdk\10.0.101\Sdks\Microsoft.NET.Sdk\targets\..\..\..\Roslyn\Microsoft.Build.Tasks.CodeAnalysis.dll".
       Tâche "Microsoft.CodeAnalysis.BuildTasks.MapSourceRoots"
       Exécution de la tâche "Microsoft.CodeAnalysis.BuildTasks.MapSourceRoots" terminée.
   2:6>Génération de la cible "InitializeSourceRootMappedPaths" terminée dans le projet "SystemeCaisse.Core.csproj".
   2:6>Cible "_InitializeSourceRootMappedPathsOpt" dans le fichier "C:\Program Files\dotnet\sdk\10.0.101\Sdks\Microsoft.SourceLink.Common\build\Microsoft.SourceLink.Common.targets" du projet "C:\Users\Administrateur\Documents\DossierPartage\PROGRAMATION\SystemeCaisse\SystemeCaisse.Core\SystemeCaisse.Core.csproj" (la cible "_GenerateSourceLinkFile" en dépend) :
   2:6>Génération de la cible "_InitializeSourceRootMappedPathsOpt" terminée dans le projet "SystemeCaisse.Core.csproj".
   2:6>Cible "_InitializeGitHubSourceLinkUrl" dans le fichier "C:\Program Files\dotnet\sdk\10.0.101\Sdks\Microsoft.SourceLink.GitHub\build\Microsoft.SourceLink.GitHub.targets" du projet "C:\Users\Administrateur\Documents\DossierPartage\PROGRAMATION\SystemeCaisse\SystemeCaisse.Core\SystemeCaisse.Core.csproj" (la cible "_GenerateSourceLinkFile" en dépend) :
       Génération complète de la cible "_InitializeGitHubSourceLinkUrl".
       Aucun fichier d'entrée n'a été spécifié.
       Utilisation de la tâche "Microsoft.SourceLink.GitHub.GetSourceLinkUrl" à partir de l'assembly "C:\Program Files\dotnet\sdk\10.0.101\Sdks\Microsoft.SourceLink.GitHub\build\..\tools\net\Microsoft.SourceLink.GitHub.dll".
       Tâche "Microsoft.SourceLink.GitHub.GetSourceLinkUrl"
       Exécution de la tâche "Microsoft.SourceLink.GitHub.GetSourceLinkUrl" terminée.
   2:6>Génération de la cible "_InitializeGitHubSourceLinkUrl" terminée dans le projet "SystemeCaisse.Core.csproj".
   2:6>Cible "_InitializeGitHubSourceLinkUrl" dans le fichier "C:\Program Files\dotnet\sdk\10.0.101\Sdks\Microsoft.SourceLink.GitHub\build\Microsoft.SourceLink.GitHub.targets" du projet "C:\Users\Administrateur\Documents\DossierPartage\PROGRAMATION\SystemeCaisse\SystemeCaisse.Core\SystemeCaisse.Core.csproj" (la cible "_GenerateSourceLinkFile" en dépend) :
       Génération complète de la cible "_InitializeGitHubSourceLinkUrl".
       Aucun fichier d'entrée n'a été spécifié.
       Tâche "Microsoft.SourceLink.GitHub.GetSourceLinkUrl"
       Exécution de la tâche "Microsoft.SourceLink.GitHub.GetSourceLinkUrl" terminée.
   2:6>Génération de la cible "_InitializeGitHubSourceLinkUrl" terminée dans le projet "SystemeCaisse.Core.csproj".
   2:6>Cible "_InitializeGitLabSourceLinkUrl" dans le fichier "C:\Program Files\dotnet\sdk\10.0.101\Sdks\Microsoft.SourceLink.GitLab\build\Microsoft.SourceLink.GitLab.targets" du projet "C:\Users\Administrateur\Documents\DossierPartage\PROGRAMATION\SystemeCaisse\SystemeCaisse.Core\SystemeCaisse.Core.csproj" (la cible "_GenerateSourceLinkFile" en dépend) :
       Génération complète de la cible "_InitializeGitLabSourceLinkUrl".
       Aucun fichier d'entrée n'a été spécifié.
       Utilisation de la tâche "Microsoft.SourceLink.GitLab.GetSourceLinkUrl" à partir de l'assembly "C:\Program Files\dotnet\sdk\10.0.101\Sdks\Microsoft.SourceLink.GitLab\build\..\tools\net\Microsoft.SourceLink.GitLab.dll".
       Tâche "Microsoft.SourceLink.GitLab.GetSourceLinkUrl"
       Exécution de la tâche "Microsoft.SourceLink.GitLab.GetSourceLinkUrl" terminée.
   2:6>Génération de la cible "_InitializeGitLabSourceLinkUrl" terminée dans le projet "SystemeCaisse.Core.csproj".
   2:6>Cible "_InitializeGitLabSourceLinkUrl" dans le fichier "C:\Program Files\dotnet\sdk\10.0.101\Sdks\Microsoft.SourceLink.GitLab\build\Microsoft.SourceLink.GitLab.targets" du projet "C:\Users\Administrateur\Documents\DossierPartage\PROGRAMATION\SystemeCaisse\SystemeCaisse.Core\SystemeCaisse.Core.csproj" (la cible "_GenerateSourceLinkFile" en dépend) :
       Génération complète de la cible "_InitializeGitLabSourceLinkUrl".
       Aucun fichier d'entrée n'a été spécifié.
       Tâche "Microsoft.SourceLink.GitLab.GetSourceLinkUrl"
       Exécution de la tâche "Microsoft.SourceLink.GitLab.GetSourceLinkUrl" terminée.
   2:6>Génération de la cible "_InitializeGitLabSourceLinkUrl" terminée dans le projet "SystemeCaisse.Core.csproj".
   2:6>Cible "_InitializeAzureReposGitSourceLinkUrl" dans le fichier "C:\Program Files\dotnet\sdk\10.0.101\Sdks\Microsoft.SourceLink.AzureRepos.Git\build\Microsoft.SourceLink.AzureRepos.Git.targets" du projet "C:\Users\Administrateur\Documents\DossierPartage\PROGRAMATION\SystemeCaisse\SystemeCaisse.Core\SystemeCaisse.Core.csproj" (la cible "_GenerateSourceLinkFile" en dépend) :
       Génération complète de la cible "_InitializeAzureReposGitSourceLinkUrl".
       Aucun fichier d'entrée n'a été spécifié.
       Utilisation de la tâche "Microsoft.SourceLink.AzureRepos.Git.GetSourceLinkUrl" à partir de l'assembly "C:\Program Files\dotnet\sdk\10.0.101\Sdks\Microsoft.SourceLink.AzureRepos.Git\build\..\tools\net\Microsoft.SourceLink.AzureRepos.Git.dll".
       Tâche "Microsoft.SourceLink.AzureRepos.Git.GetSourceLinkUrl"
       Exécution de la tâche "Microsoft.SourceLink.AzureRepos.Git.GetSourceLinkUrl" terminée.
   2:6>Génération de la cible "_InitializeAzureReposGitSourceLinkUrl" terminée dans le projet "SystemeCaisse.Core.csproj".
   2:6>Cible "_InitializeAzureReposGitSourceLinkUrl" dans le fichier "C:\Program Files\dotnet\sdk\10.0.101\Sdks\Microsoft.SourceLink.AzureRepos.Git\build\Microsoft.SourceLink.AzureRepos.Git.targets" du projet "C:\Users\Administrateur\Documents\DossierPartage\PROGRAMATION\SystemeCaisse\SystemeCaisse.Core\SystemeCaisse.Core.csproj" (la cible "_GenerateSourceLinkFile" en dépend) :
       Génération complète de la cible "_InitializeAzureReposGitSourceLinkUrl".
       Aucun fichier d'entrée n'a été spécifié.
       Tâche "Microsoft.SourceLink.AzureRepos.Git.GetSourceLinkUrl"
       Exécution de la tâche "Microsoft.SourceLink.AzureRepos.Git.GetSourceLinkUrl" terminée.
   2:6>Génération de la cible "_InitializeAzureReposGitSourceLinkUrl" terminée dans le projet "SystemeCaisse.Core.csproj".
   2:6>Cible "_InitializeBitbucketGitSourceLinkUrl" dans le fichier "C:\Program Files\dotnet\sdk\10.0.101\Sdks\Microsoft.SourceLink.Bitbucket.Git\build\Microsoft.SourceLink.Bitbucket.Git.targets" du projet "C:\Users\Administrateur\Documents\DossierPartage\PROGRAMATION\SystemeCaisse\SystemeCaisse.Core\SystemeCaisse.Core.csproj" (la cible "_GenerateSourceLinkFile" en dépend) :
       Génération complète de la cible "_InitializeBitbucketGitSourceLinkUrl".
       Aucun fichier d'entrée n'a été spécifié.
       Utilisation de la tâche "Microsoft.SourceLink.Bitbucket.Git.GetSourceLinkUrl" à partir de l'assembly "C:\Program Files\dotnet\sdk\10.0.101\Sdks\Microsoft.SourceLink.Bitbucket.Git\build\..\tools\net\Microsoft.SourceLink.Bitbucket.Git.dll".
       Tâche "Microsoft.SourceLink.Bitbucket.Git.GetSourceLinkUrl"
       Exécution de la tâche "Microsoft.SourceLink.Bitbucket.Git.GetSourceLinkUrl" terminée.
   2:6>Génération de la cible "_InitializeBitbucketGitSourceLinkUrl" terminée dans le projet "SystemeCaisse.Core.csproj".
   2:6>Cible "_InitializeBitbucketGitSourceLinkUrl" dans le fichier "C:\Program Files\dotnet\sdk\10.0.101\Sdks\Microsoft.SourceLink.Bitbucket.Git\build\Microsoft.SourceLink.Bitbucket.Git.targets" du projet "C:\Users\Administrateur\Documents\DossierPartage\PROGRAMATION\SystemeCaisse\SystemeCaisse.Core\SystemeCaisse.Core.csproj" (la cible "_GenerateSourceLinkFile" en dépend) :
       Génération complète de la cible "_InitializeBitbucketGitSourceLinkUrl".
       Aucun fichier d'entrée n'a été spécifié.
       Tâche "Microsoft.SourceLink.Bitbucket.Git.GetSourceLinkUrl"
       Exécution de la tâche "Microsoft.SourceLink.Bitbucket.Git.GetSourceLinkUrl" terminée.
   2:6>Génération de la cible "_InitializeBitbucketGitSourceLinkUrl" terminée dans le projet "SystemeCaisse.Core.csproj".
   2:6>Cible "_GenerateSourceLinkFile" dans le fichier "C:\Program Files\dotnet\sdk\10.0.101\Sdks\Microsoft.SourceLink.Common\build\Microsoft.SourceLink.Common.targets" du projet "C:\Users\Administrateur\Documents\DossierPartage\PROGRAMATION\SystemeCaisse\SystemeCaisse.Core\SystemeCaisse.Core.csproj" (la cible "GenerateSourceLinkFile" en dépend) :
       Génération complète de la cible "_GenerateSourceLinkFile".
       Aucun fichier d'entrée n'a été spécifié.
       Utilisation de la tâche "Microsoft.SourceLink.Common.GenerateSourceLinkFile" à partir de l'assembly "C:\Program Files\dotnet\sdk\10.0.101\Sdks\Microsoft.SourceLink.Common\build\..\tools\net\Microsoft.SourceLink.Common.dll".
       Tâche "Microsoft.SourceLink.Common.GenerateSourceLinkFile"
         Assembly chargé pendant TaskRun (Microsoft.SourceLink.Common.GenerateSourceLinkFile) : Microsoft.SourceLink.Common.resources, Version=10.0.13.7005, Culture=fr, PublicKeyToken=31bf3856ad364e35 (emplacement : C:\Program Files\dotnet\sdk\10.0.101\Sdks\Microsoft.SourceLink.Common\tools\net\fr\Microsoft.SourceLink.Common.resources.dll, MVID : dc7a6a46-b458-42f6-8549-db9820a0c75c, AssemblyLoadContext : MSBuild plugin C:\Program Files\dotnet\sdk\10.0.101\Sdks\Microsoft.SourceLink.Common\tools\net\Microsoft.SourceLink.Common.dll)
         Source Link est vide, le fichier 'obj\Debug\net8.0\SystemeCaisse.Core.sourcelink.json' n’existe pas.
       Exécution de la tâche "Microsoft.SourceLink.Common.GenerateSourceLinkFile" terminée.
   2:6>Génération de la cible "_GenerateSourceLinkFile" terminée dans le projet "SystemeCaisse.Core.csproj".
   2:6>Cible "GenerateSourceLinkFile" dans le fichier "C:\Program Files\dotnet\sdk\10.0.101\Sdks\Microsoft.SourceLink.Common\build\Microsoft.SourceLink.Common.targets" du projet "C:\Users\Administrateur\Documents\DossierPartage\PROGRAMATION\SystemeCaisse\SystemeCaisse.Core\SystemeCaisse.Core.csproj" (la cible "CoreCompile" en dépend) :
   2:6>Génération de la cible "GenerateSourceLinkFile" terminée dans le projet "SystemeCaisse.Core.csproj".
   2:6>Cible "AddGlobalAnalyzerConfigForPackage_MicrosoftCodeAnalysisNetAnalyzers" dans le fichier "C:\Program Files\dotnet\sdk\10.0.101\Sdks\Microsoft.NET.Sdk\analyzers\build\Microsoft.CodeAnalysis.NetAnalyzers.targets" du projet "C:\Users\Administrateur\Documents\DossierPartage\PROGRAMATION\SystemeCaisse\SystemeCaisse.Core\SystemeCaisse.Core.csproj" (la cible "CoreCompile" en dépend) :
   2:6>Génération de la cible "AddGlobalAnalyzerConfigForPackage_MicrosoftCodeAnalysisNetAnalyzers" terminée dans le projet "SystemeCaisse.Core.csproj".
   2:6>Cible "CoreCompile" dans le fichier "C:\Program Files\dotnet\sdk\10.0.101\Roslyn\Microsoft.CSharp.Core.targets" du projet "C:\Users\Administrateur\Documents\DossierPartage\PROGRAMATION\SystemeCaisse\SystemeCaisse.Core\SystemeCaisse.Core.csproj" (la cible "Compile" en dépend) :
       La cible est ignorée "CoreCompile", car tous les fichiers de sortie sont à jour par rapport aux fichiers d'entrée.
       Fichiers d'entrée : 
           Entities\Entreprise.cs
           Entities\LigneVente.cs
           Entities\Produit.cs
           Entities\SystemConfiguration.cs
           Entities\Vente.cs
           obj\Debug\net8.0\SystemeCaisse.Core.GlobalUsings.g.cs
           obj\Debug\net8.0\.NETCoreApp,Version=v8.0.AssemblyAttributes.cs
           obj\Debug\net8.0\SystemeCaisse.Core.AssemblyInfo.cs
           C:\Program Files\dotnet\packs\Microsoft.NETCore.App.Ref\8.0.22\ref\net8.0\Microsoft.CSharp.dll
           C:\Program Files\dotnet\packs\Microsoft.NETCore.App.Ref\8.0.22\ref\net8.0\Microsoft.VisualBasic.Core.dll
           C:\Program Files\dotnet\packs\Microsoft.NETCore.App.Ref\8.0.22\ref\net8.0\Microsoft.VisualBasic.dll
           C:\Program Files\dotnet\packs\Microsoft.NETCore.App.Ref\8.0.22\ref\net8.0\Microsoft.Win32.Primitives.dll
           C:\Program Files\dotnet\packs\Microsoft.NETCore.App.Ref\8.0.22\ref\net8.0\Microsoft.Win32.Registry.dll
           C:\Program Files\dotnet\packs\Microsoft.NETCore.App.Ref\8.0.22\ref\net8.0\mscorlib.dll
           C:\Program Files\dotnet\packs\Microsoft.NETCore.App.Ref\8.0.22\ref\net8.0\netstandard.dll
           C:\Program Files\dotnet\packs\Microsoft.NETCore.App.Ref\8.0.22\ref\net8.0\System.AppContext.dll
           C:\Program Files\dotnet\packs\Microsoft.NETCore.App.Ref\8.0.22\ref\net8.0\System.Buffers.dll
           C:\Program Files\dotnet\packs\Microsoft.NETCore.App.Ref\8.0.22\ref\net8.0\System.Collections.Concurrent.dll
           C:\Program Files\dotnet\packs\Microsoft.NETCore.App.Ref\8.0.22\ref\net8.0\System.Collections.dll
           C:\Program Files\dotnet\packs\Microsoft.NETCore.App.Ref\8.0.22\ref\net8.0\System.Collections.Immutable.dll
           C:\Program Files\dotnet\packs\Microsoft.NETCore.App.Ref\8.0.22\ref\net8.0\System.Collections.NonGeneric.dll
           C:\Program Files\dotnet\packs\Microsoft.NETCore.App.Ref\8.0.22\ref\net8.0\System.Collections.Specialized.dll
           C:\Program Files\dotnet\packs\Microsoft.NETCore.App.Ref\8.0.22\ref\net8.0\System.ComponentModel.Annotations.dll
           C:\Program Files\dotnet\packs\Microsoft.NETCore.App.Ref\8.0.22\ref\net8.0\System.ComponentModel.DataAnnotations.dll
           C:\Program Files\dotnet\packs\Microsoft.NETCore.App.Ref\8.0.22\ref\net8.0\System.ComponentModel.dll
           C:\Program Files\dotnet\packs\Microsoft.NETCore.App.Ref\8.0.22\ref\net8.0\System.ComponentModel.EventBasedAsync.dll
           C:\Program Files\dotnet\packs\Microsoft.NETCore.App.Ref\8.0.22\ref\net8.0\System.ComponentModel.Primitives.dll
           C:\Program Files\dotnet\packs\Microsoft.NETCore.App.Ref\8.0.22\ref\net8.0\System.ComponentModel.TypeConverter.dll
           C:\Program Files\dotnet\packs\Microsoft.NETCore.App.Ref\8.0.22\ref\net8.0\System.Configuration.dll
           C:\Program Files\dotnet\packs\Microsoft.NETCore.App.Ref\8.0.22\ref\net8.0\System.Console.dll
           C:\Program Files\dotnet\packs\Microsoft.NETCore.App.Ref\8.0.22\ref\net8.0\System.Core.dll
           C:\Program Files\dotnet\packs\Microsoft.NETCore.App.Ref\8.0.22\ref\net8.0\System.Data.Common.dll
           C:\Program Files\dotnet\packs\Microsoft.NETCore.App.Ref\8.0.22\ref\net8.0\System.Data.DataSetExtensions.dll
           C:\Program Files\dotnet\packs\Microsoft.NETCore.App.Ref\8.0.22\ref\net8.0\System.Data.dll
           C:\Program Files\dotnet\packs\Microsoft.NETCore.App.Ref\8.0.22\ref\net8.0\System.Diagnostics.Contracts.dll
           C:\Program Files\dotnet\packs\Microsoft.NETCore.App.Ref\8.0.22\ref\net8.0\System.Diagnostics.Debug.dll
           C:\Program Files\dotnet\packs\Microsoft.NETCore.App.Ref\8.0.22\ref\net8.0\System.Diagnostics.DiagnosticSource.dll
           C:\Program Files\dotnet\packs\Microsoft.NETCore.App.Ref\8.0.22\ref\net8.0\System.Diagnostics.FileVersionInfo.dll
           C:\Program Files\dotnet\packs\Microsoft.NETCore.App.Ref\8.0.22\ref\net8.0\System.Diagnostics.Process.dll
           C:\Program Files\dotnet\packs\Microsoft.NETCore.App.Ref\8.0.22\ref\net8.0\System.Diagnostics.StackTrace.dll
           C:\Program Files\dotnet\packs\Microsoft.NETCore.App.Ref\8.0.22\ref\net8.0\System.Diagnostics.TextWriterTraceListener.dll
           C:\Program Files\dotnet\packs\Microsoft.NETCore.App.Ref\8.0.22\ref\net8.0\System.Diagnostics.Tools.dll
           C:\Program Files\dotnet\packs\Microsoft.NETCore.App.Ref\8.0.22\ref\net8.0\System.Diagnostics.TraceSource.dll
           C:\Program Files\dotnet\packs\Microsoft.NETCore.App.Ref\8.0.22\ref\net8.0\System.Diagnostics.Tracing.dll
           C:\Program Files\dotnet\packs\Microsoft.NETCore.App.Ref\8.0.22\ref\net8.0\System.dll
           C:\Program Files\dotnet\packs\Microsoft.NETCore.App.Ref\8.0.22\ref\net8.0\System.Drawing.dll
           C:\Program Files\dotnet\packs\Microsoft.NETCore.App.Ref\8.0.22\ref\net8.0\System.Drawing.Primitives.dll
           C:\Program Files\dotnet\packs\Microsoft.NETCore.App.Ref\8.0.22\ref\net8.0\System.Dynamic.Runtime.dll
           C:\Program Files\dotnet\packs\Microsoft.NETCore.App.Ref\8.0.22\ref\net8.0\System.Formats.Asn1.dll
           C:\Program Files\dotnet\packs\Microsoft.NETCore.App.Ref\8.0.22\ref\net8.0\System.Formats.Tar.dll
           C:\Program Files\dotnet\packs\Microsoft.NETCore.App.Ref\8.0.22\ref\net8.0\System.Globalization.Calendars.dll
           C:\Program Files\dotnet\packs\Microsoft.NETCore.App.Ref\8.0.22\ref\net8.0\System.Globalization.dll
           C:\Program Files\dotnet\packs\Microsoft.NETCore.App.Ref\8.0.22\ref\net8.0\System.Globalization.Extensions.dll
           C:\Program Files\dotnet\packs\Microsoft.NETCore.App.Ref\8.0.22\ref\net8.0\System.IO.Compression.Brotli.dll
           C:\Program Files\dotnet\packs\Microsoft.NETCore.App.Ref\8.0.22\ref\net8.0\System.IO.Compression.dll
           C:\Program Files\dotnet\packs\Microsoft.NETCore.App.Ref\8.0.22\ref\net8.0\System.IO.Compression.FileSystem.dll
           C:\Program Files\dotnet\packs\Microsoft.NETCore.App.Ref\8.0.22\ref\net8.0\System.IO.Compression.ZipFile.dll
           C:\Program Files\dotnet\packs\Microsoft.NETCore.App.Ref\8.0.22\ref\net8.0\System.IO.dll
           C:\Program Files\dotnet\packs\Microsoft.NETCore.App.Ref\8.0.22\ref\net8.0\System.IO.FileSystem.AccessControl.dll
           C:\Program Files\dotnet\packs\Microsoft.NETCore.App.Ref\8.0.22\ref\net8.0\System.IO.FileSystem.dll
           C:\Program Files\dotnet\packs\Microsoft.NETCore.App.Ref\8.0.22\ref\net8.0\System.IO.FileSystem.DriveInfo.dll
           C:\Program Files\dotnet\packs\Microsoft.NETCore.App.Ref\8.0.22\ref\net8.0\System.IO.FileSystem.Primitives.dll
           C:\Program Files\dotnet\packs\Microsoft.NETCore.App.Ref\8.0.22\ref\net8.0\System.IO.FileSystem.Watcher.dll
           C:\Program Files\dotnet\packs\Microsoft.NETCore.App.Ref\8.0.22\ref\net8.0\System.IO.IsolatedStorage.dll
           C:\Program Files\dotnet\packs\Microsoft.NETCore.App.Ref\8.0.22\ref\net8.0\System.IO.MemoryMappedFiles.dll
           C:\Program Files\dotnet\packs\Microsoft.NETCore.App.Ref\8.0.22\ref\net8.0\System.IO.Pipes.AccessControl.dll
           C:\Program Files\dotnet\packs\Microsoft.NETCore.App.Ref\8.0.22\ref\net8.0\System.IO.Pipes.dll
           C:\Program Files\dotnet\packs\Microsoft.NETCore.App.Ref\8.0.22\ref\net8.0\System.IO.UnmanagedMemoryStream.dll
           C:\Program Files\dotnet\packs\Microsoft.NETCore.App.Ref\8.0.22\ref\net8.0\System.Linq.dll
           C:\Program Files\dotnet\packs\Microsoft.NETCore.App.Ref\8.0.22\ref\net8.0\System.Linq.Expressions.dll
           C:\Program Files\dotnet\packs\Microsoft.NETCore.App.Ref\8.0.22\ref\net8.0\System.Linq.Parallel.dll
           C:\Program Files\dotnet\packs\Microsoft.NETCore.App.Ref\8.0.22\ref\net8.0\System.Linq.Queryable.dll
           C:\Program Files\dotnet\packs\Microsoft.NETCore.App.Ref\8.0.22\ref\net8.0\System.Memory.dll
           C:\Program Files\dotnet\packs\Microsoft.NETCore.App.Ref\8.0.22\ref\net8.0\System.Net.dll
           C:\Program Files\dotnet\packs\Microsoft.NETCore.App.Ref\8.0.22\ref\net8.0\System.Net.Http.dll
           C:\Program Files\dotnet\packs\Microsoft.NETCore.App.Ref\8.0.22\ref\net8.0\System.Net.Http.Json.dll
           C:\Program Files\dotnet\packs\Microsoft.NETCore.App.Ref\8.0.22\ref\net8.0\System.Net.HttpListener.dll
           C:\Program Files\dotnet\packs\Microsoft.NETCore.App.Ref\8.0.22\ref\net8.0\System.Net.Mail.dll
           C:\Program Files\dotnet\packs\Microsoft.NETCore.App.Ref\8.0.22\ref\net8.0\System.Net.NameResolution.dll
           C:\Program Files\dotnet\packs\Microsoft.NETCore.App.Ref\8.0.22\ref\net8.0\System.Net.NetworkInformation.dll
           C:\Program Files\dotnet\packs\Microsoft.NETCore.App.Ref\8.0.22\ref\net8.0\System.Net.Ping.dll
           C:\Program Files\dotnet\packs\Microsoft.NETCore.App.Ref\8.0.22\ref\net8.0\System.Net.Primitives.dll
           C:\Program Files\dotnet\packs\Microsoft.NETCore.App.Ref\8.0.22\ref\net8.0\System.Net.Quic.dll
           C:\Program Files\dotnet\packs\Microsoft.NETCore.App.Ref\8.0.22\ref\net8.0\System.Net.Requests.dll
           C:\Program Files\dotnet\packs\Microsoft.NETCore.App.Ref\8.0.22\ref\net8.0\System.Net.Security.dll
           C:\Program Files\dotnet\packs\Microsoft.NETCore.App.Ref\8.0.22\ref\net8.0\System.Net.ServicePoint.dll
           C:\Program Files\dotnet\packs\Microsoft.NETCore.App.Ref\8.0.22\ref\net8.0\System.Net.Sockets.dll
           C:\Program Files\dotnet\packs\Microsoft.NETCore.App.Ref\8.0.22\ref\net8.0\System.Net.WebClient.dll
           C:\Program Files\dotnet\packs\Microsoft.NETCore.App.Ref\8.0.22\ref\net8.0\System.Net.WebHeaderCollection.dll
           C:\Program Files\dotnet\packs\Microsoft.NETCore.App.Ref\8.0.22\ref\net8.0\System.Net.WebProxy.dll
           C:\Program Files\dotnet\packs\Microsoft.NETCore.App.Ref\8.0.22\ref\net8.0\System.Net.WebSockets.Client.dll
           C:\Program Files\dotnet\packs\Microsoft.NETCore.App.Ref\8.0.22\ref\net8.0\System.Net.WebSockets.dll
           C:\Program Files\dotnet\packs\Microsoft.NETCore.App.Ref\8.0.22\ref\net8.0\System.Numerics.dll
           C:\Program Files\dotnet\packs\Microsoft.NETCore.App.Ref\8.0.22\ref\net8.0\System.Numerics.Vectors.dll
           C:\Program Files\dotnet\packs\Microsoft.NETCore.App.Ref\8.0.22\ref\net8.0\System.ObjectModel.dll
           C:\Program Files\dotnet\packs\Microsoft.NETCore.App.Ref\8.0.22\ref\net8.0\System.Reflection.DispatchProxy.dll
           C:\Program Files\dotnet\packs\Microsoft.NETCore.App.Ref\8.0.22\ref\net8.0\System.Reflection.dll
           C:\Program Files\dotnet\packs\Microsoft.NETCore.App.Ref\8.0.22\ref\net8.0\System.Reflection.Emit.dll
           C:\Program Files\dotnet\packs\Microsoft.NETCore.App.Ref\8.0.22\ref\net8.0\System.Reflection.Emit.ILGeneration.dll
           C:\Program Files\dotnet\packs\Microsoft.NETCore.App.Ref\8.0.22\ref\net8.0\System.Reflection.Emit.Lightweight.dll
           C:\Program Files\dotnet\packs\Microsoft.NETCore.App.Ref\8.0.22\ref\net8.0\System.Reflection.Extensions.dll
           C:\Program Files\dotnet\packs\Microsoft.NETCore.App.Ref\8.0.22\ref\net8.0\System.Reflection.Metadata.dll
           C:\Program Files\dotnet\packs\Microsoft.NETCore.App.Ref\8.0.22\ref\net8.0\System.Reflection.Primitives.dll
           C:\Program Files\dotnet\packs\Microsoft.NETCore.App.Ref\8.0.22\ref\net8.0\System.Reflection.TypeExtensions.dll
           C:\Program Files\dotnet\packs\Microsoft.NETCore.App.Ref\8.0.22\ref\net8.0\System.Resources.Reader.dll
           C:\Program Files\dotnet\packs\Microsoft.NETCore.App.Ref\8.0.22\ref\net8.0\System.Resources.ResourceManager.dll
           C:\Program Files\dotnet\packs\Microsoft.NETCore.App.Ref\8.0.22\ref\net8.0\System.Resources.Writer.dll
           C:\Program Files\dotnet\packs\Microsoft.NETCore.App.Ref\8.0.22\ref\net8.0\System.Runtime.CompilerServices.Unsafe.dll
           C:\Program Files\dotnet\packs\Microsoft.NETCore.App.Ref\8.0.22\ref\net8.0\System.Runtime.CompilerServices.VisualC.dll
           C:\Program Files\dotnet\packs\Microsoft.NETCore.App.Ref\8.0.22\ref\net8.0\System.Runtime.dll
           C:\Program Files\dotnet\packs\Microsoft.NETCore.App.Ref\8.0.22\ref\net8.0\System.Runtime.Extensions.dll
           C:\Program Files\dotnet\packs\Microsoft.NETCore.App.Ref\8.0.22\ref\net8.0\System.Runtime.Handles.dll
           C:\Program Files\dotnet\packs\Microsoft.NETCore.App.Ref\8.0.22\ref\net8.0\System.Runtime.InteropServices.dll
           C:\Program Files\dotnet\packs\Microsoft.NETCore.App.Ref\8.0.22\ref\net8.0\System.Runtime.InteropServices.JavaScript.dll
           C:\Program Files\dotnet\packs\Microsoft.NETCore.App.Ref\8.0.22\ref\net8.0\System.Runtime.InteropServices.RuntimeInformation.dll
           C:\Program Files\dotnet\packs\Microsoft.NETCore.App.Ref\8.0.22\ref\net8.0\System.Runtime.Intrinsics.dll
           C:\Program Files\dotnet\packs\Microsoft.NETCore.App.Ref\8.0.22\ref\net8.0\System.Runtime.Loader.dll
           C:\Program Files\dotnet\packs\Microsoft.NETCore.App.Ref\8.0.22\ref\net8.0\System.Runtime.Numerics.dll
           C:\Program Files\dotnet\packs\Microsoft.NETCore.App.Ref\8.0.22\ref\net8.0\System.Runtime.Serialization.dll
           C:\Program Files\dotnet\packs\Microsoft.NETCore.App.Ref\8.0.22\ref\net8.0\System.Runtime.Serialization.Formatters.dll
           C:\Program Files\dotnet\packs\Microsoft.NETCore.App.Ref\8.0.22\ref\net8.0\System.Runtime.Serialization.Json.dll
           C:\Program Files\dotnet\packs\Microsoft.NETCore.App.Ref\8.0.22\ref\net8.0\System.Runtime.Serialization.Primitives.dll
           C:\Program Files\dotnet\packs\Microsoft.NETCore.App.Ref\8.0.22\ref\net8.0\System.Runtime.Serialization.Xml.dll
           C:\Program Files\dotnet\packs\Microsoft.NETCore.App.Ref\8.0.22\ref\net8.0\System.Security.AccessControl.dll
           C:\Program Files\dotnet\packs\Microsoft.NETCore.App.Ref\8.0.22\ref\net8.0\System.Security.Claims.dll
           C:\Program Files\dotnet\packs\Microsoft.NETCore.App.Ref\8.0.22\ref\net8.0\System.Security.Cryptography.Algorithms.dll
           C:\Program Files\dotnet\packs\Microsoft.NETCore.App.Ref\8.0.22\ref\net8.0\System.Security.Cryptography.Cng.dll
           C:\Program Files\dotnet\packs\Microsoft.NETCore.App.Ref\8.0.22\ref\net8.0\System.Security.Cryptography.Csp.dll
           C:\Program Files\dotnet\packs\Microsoft.NETCore.App.Ref\8.0.22\ref\net8.0\System.Security.Cryptography.dll
           C:\Program Files\dotnet\packs\Microsoft.NETCore.App.Ref\8.0.22\ref\net8.0\System.Security.Cryptography.Encoding.dll
           C:\Program Files\dotnet\packs\Microsoft.NETCore.App.Ref\8.0.22\ref\net8.0\System.Security.Cryptography.OpenSsl.dll
           C:\Program Files\dotnet\packs\Microsoft.NETCore.App.Ref\8.0.22\ref\net8.0\System.Security.Cryptography.Primitives.dll
           C:\Program Files\dotnet\packs\Microsoft.NETCore.App.Ref\8.0.22\ref\net8.0\System.Security.Cryptography.X509Certificates.dll
           C:\Program Files\dotnet\packs\Microsoft.NETCore.App.Ref\8.0.22\ref\net8.0\System.Security.dll
           C:\Program Files\dotnet\packs\Microsoft.NETCore.App.Ref\8.0.22\ref\net8.0\System.Security.Principal.dll
           C:\Program Files\dotnet\packs\Microsoft.NETCore.App.Ref\8.0.22\ref\net8.0\System.Security.Principal.Windows.dll
           C:\Program Files\dotnet\packs\Microsoft.NETCore.App.Ref\8.0.22\ref\net8.0\System.Security.SecureString.dll
           C:\Program Files\dotnet\packs\Microsoft.NETCore.App.Ref\8.0.22\ref\net8.0\System.ServiceModel.Web.dll
           C:\Program Files\dotnet\packs\Microsoft.NETCore.App.Ref\8.0.22\ref\net8.0\System.ServiceProcess.dll
           C:\Program Files\dotnet\packs\Microsoft.NETCore.App.Ref\8.0.22\ref\net8.0\System.Text.Encoding.CodePages.dll
           C:\Program Files\dotnet\packs\Microsoft.NETCore.App.Ref\8.0.22\ref\net8.0\System.Text.Encoding.dll
           C:\Program Files\dotnet\packs\Microsoft.NETCore.App.Ref\8.0.22\ref\net8.0\System.Text.Encoding.Extensions.dll
           C:\Program Files\dotnet\packs\Microsoft.NETCore.App.Ref\8.0.22\ref\net8.0\System.Text.Encodings.Web.dll
           C:\Program Files\dotnet\packs\Microsoft.NETCore.App.Ref\8.0.22\ref\net8.0\System.Text.Json.dll
           C:\Program Files\dotnet\packs\Microsoft.NETCore.App.Ref\8.0.22\ref\net8.0\System.Text.RegularExpressions.dll
           C:\Program Files\dotnet\packs\Microsoft.NETCore.App.Ref\8.0.22\ref\net8.0\System.Threading.Channels.dll
           C:\Program Files\dotnet\packs\Microsoft.NETCore.App.Ref\8.0.22\ref\net8.0\System.Threading.dll
           C:\Program Files\dotnet\packs\Microsoft.NETCore.App.Ref\8.0.22\ref\net8.0\System.Threading.Overlapped.dll
           C:\Program Files\dotnet\packs\Microsoft.NETCore.App.Ref\8.0.22\ref\net8.0\System.Threading.Tasks.Dataflow.dll
           C:\Program Files\dotnet\packs\Microsoft.NETCore.App.Ref\8.0.22\ref\net8.0\System.Threading.Tasks.dll
           C:\Program Files\dotnet\packs\Microsoft.NETCore.App.Ref\8.0.22\ref\net8.0\System.Threading.Tasks.Extensions.dll
           C:\Program Files\dotnet\packs\Microsoft.NETCore.App.Ref\8.0.22\ref\net8.0\System.Threading.Tasks.Parallel.dll
           C:\Program Files\dotnet\packs\Microsoft.NETCore.App.Ref\8.0.22\ref\net8.0\System.Threading.Thread.dll
           C:\Program Files\dotnet\packs\Microsoft.NETCore.App.Ref\8.0.22\ref\net8.0\System.Threading.ThreadPool.dll
           C:\Program Files\dotnet\packs\Microsoft.NETCore.App.Ref\8.0.22\ref\net8.0\System.Threading.Timer.dll
           C:\Program Files\dotnet\packs\Microsoft.NETCore.App.Ref\8.0.22\ref\net8.0\System.Transactions.dll
           C:\Program Files\dotnet\packs\Microsoft.NETCore.App.Ref\8.0.22\ref\net8.0\System.Transactions.Local.dll
           C:\Program Files\dotnet\packs\Microsoft.NETCore.App.Ref\8.0.22\ref\net8.0\System.ValueTuple.dll
           C:\Program Files\dotnet\packs\Microsoft.NETCore.App.Ref\8.0.22\ref\net8.0\System.Web.dll
           C:\Program Files\dotnet\packs\Microsoft.NETCore.App.Ref\8.0.22\ref\net8.0\System.Web.HttpUtility.dll
           C:\Program Files\dotnet\packs\Microsoft.NETCore.App.Ref\8.0.22\ref\net8.0\System.Windows.dll
           C:\Program Files\dotnet\packs\Microsoft.NETCore.App.Ref\8.0.22\ref\net8.0\System.Xml.dll
           C:\Program Files\dotnet\packs\Microsoft.NETCore.App.Ref\8.0.22\ref\net8.0\System.Xml.Linq.dll
           C:\Program Files\dotnet\packs\Microsoft.NETCore.App.Ref\8.0.22\ref\net8.0\System.Xml.ReaderWriter.dll
           C:\Program Files\dotnet\packs\Microsoft.NETCore.App.Ref\8.0.22\ref\net8.0\System.Xml.Serialization.dll
           C:\Program Files\dotnet\packs\Microsoft.NETCore.App.Ref\8.0.22\ref\net8.0\System.Xml.XDocument.dll
           C:\Program Files\dotnet\packs\Microsoft.NETCore.App.Ref\8.0.22\ref\net8.0\System.Xml.XmlDocument.dll
           C:\Program Files\dotnet\packs\Microsoft.NETCore.App.Ref\8.0.22\ref\net8.0\System.Xml.XmlSerializer.dll
           C:\Program Files\dotnet\packs\Microsoft.NETCore.App.Ref\8.0.22\ref\net8.0\System.Xml.XPath.dll
           C:\Program Files\dotnet\packs\Microsoft.NETCore.App.Ref\8.0.22\ref\net8.0\System.Xml.XPath.XDocument.dll
           C:\Program Files\dotnet\packs\Microsoft.NETCore.App.Ref\8.0.22\ref\net8.0\WindowsBase.dll
           obj\Debug\net8.0\SystemeCaisse.Core.csproj.CoreCompileInputs.cache
           C:\Program Files\dotnet\sdk\10.0.101\Sdks\Microsoft.NET.Sdk\targets\..\analyzers\Microsoft.CodeAnalysis.CSharp.NetAnalyzers.dll
           C:\Program Files\dotnet\sdk\10.0.101\Sdks\Microsoft.NET.Sdk\targets\..\analyzers\Microsoft.CodeAnalysis.NetAnalyzers.dll
           C:\Program Files\dotnet\packs\Microsoft.NETCore.App.Ref\8.0.22\analyzers/dotnet/cs/Microsoft.Interop.ComInterfaceGenerator.dll
           C:\Program Files\dotnet\packs\Microsoft.NETCore.App.Ref\8.0.22\analyzers/dotnet/cs/Microsoft.Interop.JavaScript.JSImportGenerator.dll
           C:\Program Files\dotnet\packs\Microsoft.NETCore.App.Ref\8.0.22\analyzers/dotnet/cs/Microsoft.Interop.LibraryImportGenerator.dll
           C:\Program Files\dotnet\packs\Microsoft.NETCore.App.Ref\8.0.22\analyzers/dotnet/cs/Microsoft.Interop.SourceGeneration.dll
           C:\Program Files\dotnet\packs\Microsoft.NETCore.App.Ref\8.0.22\analyzers/dotnet/cs/System.Text.Json.SourceGeneration.dll
           C:\Program Files\dotnet\packs\Microsoft.NETCore.App.Ref\8.0.22\analyzers/dotnet/cs/System.Text.RegularExpressions.Generator.dll
           obj\Debug\net8.0\SystemeCaisse.Core.GeneratedMSBuildEditorConfig.editorconfig
           C:\Program Files\dotnet\sdk\10.0.101\Sdks\Microsoft.NET.Sdk\analyzers\build\config\analysislevel_8_default.globalconfig
           C:\Users\Administrateur\Documents\DossierPartage\PROGRAMATION\SystemeCaisse\SystemeCaisse.Core\obj\SystemeCaisse.Core.csproj.nuget.g.targets
           C:\Program Files\dotnet\sdk\10.0.101\Current\Microsoft.Common.targets\ImportAfter\Microsoft.TestPlatform.ImportAfter.targets
       Fichiers de sortie : 
           obj\Debug\net8.0\SystemeCaisse.Core.dll
           obj\Debug\net8.0\refint\SystemeCaisse.Core.dll
           obj\Debug\net8.0\SystemeCaisse.Core.pdb
       C:\Program Files\dotnet\sdk\10.0.101\Roslyn\Microsoft.CSharp.Core.targets(66,7): message : Réassignation de propriété : $(NoWarn)="1701;1702;1701;1702" (valeur précédente : "1701;1702") à C:\Program Files\dotnet\sdk\10.0.101\Roslyn\Microsoft.CSharp.Core.targets (66,7) [C:\Users\Administrateur\Documents\DossierPartage\PROGRAMATION\SystemeCaisse\SystemeCaisse.Core\SystemeCaisse.Core.csproj]
   2:6>Génération de la cible "CoreCompile" terminée dans le projet "SystemeCaisse.Core.csproj".
   2:6>Cible "AfterCompile" dans le fichier "C:\Program Files\dotnet\sdk\10.0.101\Microsoft.Common.CurrentVersion.targets" du projet "C:\Users\Administrateur\Documents\DossierPartage\PROGRAMATION\SystemeCaisse\SystemeCaisse.Core\SystemeCaisse.Core.csproj" (la cible "Compile" en dépend) :
   2:6>Génération de la cible "AfterCompile" terminée dans le projet "SystemeCaisse.Core.csproj".
   2:6>Cible "Compile" dans le fichier "C:\Program Files\dotnet\sdk\10.0.101\Microsoft.Common.CurrentVersion.targets" du projet "C:\Users\Administrateur\Documents\DossierPartage\PROGRAMATION\SystemeCaisse\SystemeCaisse.Core\SystemeCaisse.Core.csproj" (la cible "CoreBuild" en dépend) :
   2:6>Génération de la cible "Compile" terminée dans le projet "SystemeCaisse.Core.csproj".
   2:6>Cible "_GenerateSatelliteAssemblyInputs" dans le fichier "C:\Program Files\dotnet\sdk\10.0.101\Microsoft.Common.CurrentVersion.targets" du projet "C:\Users\Administrateur\Documents\DossierPartage\PROGRAMATION\SystemeCaisse\SystemeCaisse.Core\SystemeCaisse.Core.csproj" (la cible "CreateSatelliteAssemblies" en dépend) :
   2:6>Génération de la cible "_GenerateSatelliteAssemblyInputs" terminée dans le projet "SystemeCaisse.Core.csproj".
   2:6>Cible "CreateSatelliteAssemblies" dans le fichier "C:\Program Files\dotnet\sdk\10.0.101\Microsoft.Common.CurrentVersion.targets" du projet "C:\Users\Administrateur\Documents\DossierPartage\PROGRAMATION\SystemeCaisse\SystemeCaisse.Core\SystemeCaisse.Core.csproj" (la cible "CoreBuild" en dépend) :
   2:6>Génération de la cible "CreateSatelliteAssemblies" terminée dans le projet "SystemeCaisse.Core.csproj".
   2:6>Cible "GetTargetPathWithTargetPlatformMoniker" dans le fichier "C:\Program Files\dotnet\sdk\10.0.101\Microsoft.Common.CurrentVersion.targets" du projet "C:\Users\Administrateur\Documents\DossierPartage\PROGRAMATION\SystemeCaisse\SystemeCaisse.Core\SystemeCaisse.Core.csproj" (la cible "GetTargetPath" en dépend) :
   2:6>Génération de la cible "GetTargetPathWithTargetPlatformMoniker" terminée dans le projet "SystemeCaisse.Core.csproj".
   2:6>Cible "GetTargetPath" dans le fichier "C:\Program Files\dotnet\sdk\10.0.101\Microsoft.Common.CurrentVersion.targets" du projet "C:\Users\Administrateur\Documents\DossierPartage\PROGRAMATION\SystemeCaisse\SystemeCaisse.Core\SystemeCaisse.Core.csproj" (la cible "CoreBuild" en dépend) :
   2:6>Génération de la cible "GetTargetPath" terminée dans le projet "SystemeCaisse.Core.csproj".
       Cible "AssignTargetPaths" ignorée. Elle a été générée.
       Cible "_SplitProjectReferencesByFileExistence" ignorée. Elle a été générée.
       Cible "_GetProjectReferenceTargetFrameworkProperties" ignorée. Elle a été générée.
   2:6>Cible "_PopulateCommonStateForGetCopyToOutputDirectoryItems" dans le fichier "C:\Program Files\dotnet\sdk\10.0.101\Microsoft.Common.CurrentVersion.targets" du projet "C:\Users\Administrateur\Documents\DossierPartage\PROGRAMATION\SystemeCaisse\SystemeCaisse.Core\SystemeCaisse.Core.csproj" (la cible "GetCopyToOutputDirectoryItems" en dépend) :
   2:6>Génération de la cible "_PopulateCommonStateForGetCopyToOutputDirectoryItems" terminée dans le projet "SystemeCaisse.Core.csproj".
   2:6>Cible "GetCopyToOutputDirectoryItems" dans le fichier "C:\Program Files\dotnet\sdk\10.0.101\Microsoft.Common.CurrentVersion.targets" du projet "C:\Users\Administrateur\Documents\DossierPartage\PROGRAMATION\SystemeCaisse\SystemeCaisse.Core\SystemeCaisse.Core.csproj" (la cible "_CopySourceItemsToOutputDirectory" en dépend) :
       Utilisation de la tâche "CallTarget" à partir de l'assembly "Microsoft.Build.Tasks.Core, Version=15.1.0.0, Culture=neutral, PublicKeyToken=b03f5f7f11d50a3a".
       Tâche "CallTarget"
       Cible "_PopulateCommonStateForGetCopyToOutputDirectoryItems" ignorée. Elle a été générée.
       Cible "_AddOutputPathToGlobalPropertiesToRemove" ignorée. Elle a été générée.
   2:6>Cible "_GetCopyToOutputDirectoryItemsFromTransitiveProjectReferences" dans le fichier "C:\Program Files\dotnet\sdk\10.0.101\Microsoft.Common.CurrentVersion.targets" du projet "C:\Users\Administrateur\Documents\DossierPartage\PROGRAMATION\SystemeCaisse\SystemeCaisse.Core\SystemeCaisse.Core.csproj" (la cible "GetCopyToOutputDirectoryItems" en dépend) :
       Tâche "AssignTargetPath"
       Exécution de la tâche "AssignTargetPath" terminée.
   2:6>Génération de la cible "_GetCopyToOutputDirectoryItemsFromTransitiveProjectReferences" terminée dans le projet "SystemeCaisse.Core.csproj".
       Exécution de la tâche "CallTarget" terminée.
       Tâche "CallTarget"
       Cible "AssignTargetPaths" ignorée. Elle a été générée.
       Cible "_PopulateCommonStateForGetCopyToOutputDirectoryItems" ignorée. Elle a été générée.
   2:6>Cible "_GetCopyToOutputDirectoryItemsFromThisProject" dans le fichier "C:\Program Files\dotnet\sdk\10.0.101\Microsoft.Common.CurrentVersion.targets" du projet "C:\Users\Administrateur\Documents\DossierPartage\PROGRAMATION\SystemeCaisse\SystemeCaisse.Core\SystemeCaisse.Core.csproj" (la cible "GetCopyToOutputDirectoryItems" en dépend) :
       Tâche "AssignTargetPath"
       Exécution de la tâche "AssignTargetPath" terminée.
   2:6>Génération de la cible "_GetCopyToOutputDirectoryItemsFromThisProject" terminée dans le projet "SystemeCaisse.Core.csproj".
       Exécution de la tâche "CallTarget" terminée.
   2:6>Génération de la cible "GetCopyToOutputDirectoryItems" terminée dans le projet "SystemeCaisse.Core.csproj".
   2:6>Cible "_CopySourceItemsToOutputDirectory" dans le fichier "C:\Program Files\dotnet\sdk\10.0.101\Microsoft.Common.CurrentVersion.targets" du projet "C:\Users\Administrateur\Documents\DossierPartage\PROGRAMATION\SystemeCaisse\SystemeCaisse.Core\SystemeCaisse.Core.csproj" (la cible "CopyFilesToOutputDirectory" en dépend) :
   2:6>Génération de la cible "_CopySourceItemsToOutputDirectory" terminée dans le projet "SystemeCaisse.Core.csproj".
   2:6>Cible "_CheckForCompileOutputs" dans le fichier "C:\Program Files\dotnet\sdk\10.0.101\Microsoft.Common.CurrentVersion.targets" du projet "C:\Users\Administrateur\Documents\DossierPartage\PROGRAMATION\SystemeCaisse\SystemeCaisse.Core\SystemeCaisse.Core.csproj" (la cible "CopyFilesToOutputDirectory" en dépend) :
   2:6>Génération de la cible "_CheckForCompileOutputs" terminée dans le projet "SystemeCaisse.Core.csproj".
       Cible "_DefaultMicrosoftNETPlatformLibrary" ignorée. Elle a été générée.
       Cible "_HandlePackageFileConflicts" ignorée. Elle a été générée.
       Cible "ResolveAssemblyReferences" ignorée. Elle a été générée.
   2:6>Cible "_ComputeReferenceAssemblies" dans le fichier "C:\Program Files\dotnet\sdk\10.0.101\Sdks\Microsoft.NET.Sdk\targets\Microsoft.NET.Sdk.targets" du projet "C:\Users\Administrateur\Documents\DossierPartage\PROGRAMATION\SystemeCaisse\SystemeCaisse.Core\SystemeCaisse.Core.csproj" (la cible "GenerateBuildDependencyFile" en dépend) :
   2:6>Génération de la cible "_ComputeReferenceAssemblies" terminée dans le projet "SystemeCaisse.Core.csproj".
   2:6>Cible "_ComputeUserRuntimeAssemblies" dans le fichier "C:\Program Files\dotnet\sdk\10.0.101\Sdks\Microsoft.NET.Sdk\targets\Microsoft.NET.Sdk.targets" du projet "C:\Users\Administrateur\Documents\DossierPartage\PROGRAMATION\SystemeCaisse\SystemeCaisse.Core\SystemeCaisse.Core.csproj" (la cible "GenerateBuildDependencyFile" en dépend) :
   2:6>Génération de la cible "_ComputeUserRuntimeAssemblies" terminée dans le projet "SystemeCaisse.Core.csproj".
       Cible "_ComputePackageReferencePublish" ignorée. Elle a été générée.
   2:6>Cible "GenerateBuildDependencyFile" dans le fichier "C:\Program Files\dotnet\sdk\10.0.101\Sdks\Microsoft.NET.Sdk\targets\Microsoft.NET.Sdk.targets" du projet "C:\Users\Administrateur\Documents\DossierPartage\PROGRAMATION\SystemeCaisse\SystemeCaisse.Core\SystemeCaisse.Core.csproj" (la cible "CopyFilesToOutputDirectory" en dépend) :
       La cible est ignorée "GenerateBuildDependencyFile", car tous les fichiers de sortie sont à jour par rapport aux fichiers d'entrée.
       Fichiers d'entrée : 
           C:\Users\Administrateur\Documents\DossierPartage\PROGRAMATION\SystemeCaisse\SystemeCaisse.Core\obj\project.assets.json
           C:\Users\Administrateur\Documents\DossierPartage\PROGRAMATION\SystemeCaisse\SystemeCaisse.Core\obj\Debug\net8.0\SystemeCaisse.Core.assets.cache
           C:\Users\Administrateur\Documents\DossierPartage\PROGRAMATION\SystemeCaisse\SystemeCaisse.Core\obj\SystemeCaisse.Core.csproj.nuget.g.targets
           C:\Program Files\dotnet\sdk\10.0.101\Current\Microsoft.Common.targets\ImportAfter\Microsoft.TestPlatform.ImportAfter.targets
       Fichiers de sortie : C:\Users\Administrateur\Documents\DossierPartage\PROGRAMATION\SystemeCaisse\SystemeCaisse.Core\bin\Debug\net8.0\SystemeCaisse.Core.deps.json
   2:6>Génération de la cible "GenerateBuildDependencyFile" terminée dans le projet "SystemeCaisse.Core.csproj".
   2:6>Cible "CopyFilesToOutputDirectory" dans le fichier "C:\Program Files\dotnet\sdk\10.0.101\Microsoft.Common.CurrentVersion.targets" du projet "C:\Users\Administrateur\Documents\DossierPartage\PROGRAMATION\SystemeCaisse\SystemeCaisse.Core\SystemeCaisse.Core.csproj" (la cible "PrepareForRun" en dépend) :
       Utilisation de la tâche "Copy" à partir de l'assembly "Microsoft.Build.Tasks.Core, Version=15.1.0.0, Culture=neutral, PublicKeyToken=b03f5f7f11d50a3a".
       Tâche "Copy"
         Impossible de copier le fichier "obj\Debug\net8.0\SystemeCaisse.Core.dll" vers le fichier "bin\Debug\net8.0\SystemeCaisse.Core.dll", car le paramètre "SkipUnchangedFiles" a la valeur "true" dans le projet, et la taille des fichiers et les horodatages correspondent.
       Exécution de la tâche "Copy" terminée.
       Utilisation de la tâche "CopyRefAssembly" à partir de l'assembly "C:\Program Files\dotnet\sdk\10.0.101\Sdks\Microsoft.NET.Sdk\targets\..\..\..\Roslyn\Microsoft.Build.Tasks.CodeAnalysis.dll".
       Tâche "CopyRefAssembly"
         Assembly chargé pendant TaskRun (Microsoft.CodeAnalysis.BuildTasks.CopyRefAssembly) : Microsoft.Build.Tasks.CodeAnalysis.resources, Version=5.0.13.7005, Culture=fr, PublicKeyToken=31bf3856ad364e35 (emplacement : C:\Program Files\dotnet\sdk\10.0.101\Roslyn\fr\Microsoft.Build.Tasks.CodeAnalysis.resources.dll, MVID : 12c5f90b-f6fa-4a08-9da7-3011adb68af4, AssemblyLoadContext : MSBuild plugin C:\Program Files\dotnet\sdk\10.0.101\Roslyn\Microsoft.Build.Tasks.CodeAnalysis.dll)
         L'assembly de référence "C:\Users\Administrateur\Documents\DossierPartage\PROGRAMATION\SystemeCaisse\SystemeCaisse.Core\obj\Debug\net8.0\ref\SystemeCaisse.Core.dll" a déjà les informations les plus récentes. Aucun changement ne sera apporté.
       Exécution de la tâche "CopyRefAssembly" terminée.
       Tâche "Message"
         SystemeCaisse.Core -> C:\Users\Administrateur\Documents\DossierPartage\PROGRAMATION\SystemeCaisse\SystemeCaisse.Core\bin\Debug\net8.0\SystemeCaisse.Core.dll
       Exécution de la tâche "Message" terminée.
       Tâche "Copy"
         Impossible de copier le fichier "obj\Debug\net8.0\SystemeCaisse.Core.pdb" vers le fichier "bin\Debug\net8.0\SystemeCaisse.Core.pdb", car le paramètre "SkipUnchangedFiles" a la valeur "true" dans le projet, et la taille des fichiers et les horodatages correspondent.
       Exécution de la tâche "Copy" terminée.
   2:6>Génération de la cible "CopyFilesToOutputDirectory" terminée dans le projet "SystemeCaisse.Core.csproj".
   2:6>Cible "PrepareForRun" dans le fichier "C:\Program Files\dotnet\sdk\10.0.101\Microsoft.Common.CurrentVersion.targets" du projet "C:\Users\Administrateur\Documents\DossierPartage\PROGRAMATION\SystemeCaisse\SystemeCaisse.Core\SystemeCaisse.Core.csproj" (la cible "CoreBuild" en dépend) :
   2:6>Génération de la cible "PrepareForRun" terminée dans le projet "SystemeCaisse.Core.csproj".
       Cible "_CheckForCompileOutputs" ignorée. Elle a été générée.
   2:6>Cible "_CleanGetCurrentAndPriorFileWrites" dans le fichier "C:\Program Files\dotnet\sdk\10.0.101\Microsoft.Common.CurrentVersion.targets" du projet "C:\Users\Administrateur\Documents\DossierPartage\PROGRAMATION\SystemeCaisse\SystemeCaisse.Core\SystemeCaisse.Core.csproj" (la cible "IncrementalClean" en dépend) :
       Utilisation de la tâche "ReadLinesFromFile" à partir de l'assembly "Microsoft.Build.Tasks.Core, Version=15.1.0.0, Culture=neutral, PublicKeyToken=b03f5f7f11d50a3a".
       Tâche "ReadLinesFromFile"
       Exécution de la tâche "ReadLinesFromFile" terminée.
       Tâche "ConvertToAbsolutePath"
       Exécution de la tâche "ConvertToAbsolutePath" terminée.
       Utilisation de la tâche "FindUnderPath" à partir de l'assembly "Microsoft.Build.Tasks.Core, Version=15.1.0.0, Culture=neutral, PublicKeyToken=b03f5f7f11d50a3a".
       Tâche "FindUnderPath"
         Le chemin de comparaison est "C:\Users\Administrateur\Documents\DossierPartage\PROGRAMATION\SystemeCaisse\SystemeCaisse.Core".
       Exécution de la tâche "FindUnderPath" terminée.
       Tâche "FindUnderPath"
         Le chemin de comparaison est "bin\Debug\net8.0\".
       Exécution de la tâche "FindUnderPath" terminée.
       Tâche "FindUnderPath"
         Le chemin de comparaison est "obj\Debug\net8.0\".
       Exécution de la tâche "FindUnderPath" terminée.
       Tâche "RemoveDuplicates"
       Exécution de la tâche "RemoveDuplicates" terminée.
   2:6>Génération de la cible "_CleanGetCurrentAndPriorFileWrites" terminée dans le projet "SystemeCaisse.Core.csproj".
   2:6>Cible "IncrementalClean" dans le fichier "C:\Program Files\dotnet\sdk\10.0.101\Microsoft.Common.CurrentVersion.targets" du projet "C:\Users\Administrateur\Documents\DossierPartage\PROGRAMATION\SystemeCaisse\SystemeCaisse.Core\SystemeCaisse.Core.csproj" (la cible "CoreBuild" en dépend) :
       Tâche "FindUnderPath"
         Le chemin de comparaison est "bin\Debug\net8.0\".
       Exécution de la tâche "FindUnderPath" terminée.
       Tâche "FindUnderPath"
         Le chemin de comparaison est "obj\Debug\net8.0\".
       Exécution de la tâche "FindUnderPath" terminée.
       Utilisation de la tâche "Delete" à partir de l'assembly "Microsoft.Build.Tasks.Core, Version=15.1.0.0, Culture=neutral, PublicKeyToken=b03f5f7f11d50a3a".
       Tâche "Delete"
       Exécution de la tâche "Delete" terminée.
       Tâche "RemoveDuplicates"
       Exécution de la tâche "RemoveDuplicates" terminée.
   2:6>Génération de la cible "IncrementalClean" terminée dans le projet "SystemeCaisse.Core.csproj".
       Cible "GenerateBuildDependencyFile" ignorée. Elle a été générée.
   2:6>Cible "CoreBuild" dans le fichier "C:\Program Files\dotnet\sdk\10.0.101\Microsoft.Common.CurrentVersion.targets" du projet "C:\Users\Administrateur\Documents\DossierPartage\PROGRAMATION\SystemeCaisse\SystemeCaisse.Core\SystemeCaisse.Core.csproj" (la cible "Build" en dépend) :
   2:6>Génération de la cible "CoreBuild" terminée dans le projet "SystemeCaisse.Core.csproj".
   2:6>Cible "AfterBuild" dans le fichier "C:\Program Files\dotnet\sdk\10.0.101\Microsoft.Common.CurrentVersion.targets" du projet "C:\Users\Administrateur\Documents\DossierPartage\PROGRAMATION\SystemeCaisse\SystemeCaisse.Core\SystemeCaisse.Core.csproj" (la cible "Build" en dépend) :
   2:6>Génération de la cible "AfterBuild" terminée dans le projet "SystemeCaisse.Core.csproj".
       Cible "_CheckForInvalidConfigurationAndPlatform" ignorée. Elle a été générée.
       Cible "_CheckForInvalidConfigurationAndPlatform" ignorée. Elle a été générée.
   2:6>Cible "Build" dans le fichier "C:\Program Files\dotnet\sdk\10.0.101\Microsoft.Common.CurrentVersion.targets" du projet "C:\Users\Administrateur\Documents\DossierPartage\PROGRAMATION\SystemeCaisse\SystemeCaisse.Core\SystemeCaisse.Core.csproj" (point d'entrée) :
   2:6>Génération de la cible "Build" terminée dans le projet "SystemeCaisse.Core.csproj".
   2:6>Cible "_CheckContainersPackage" dans le fichier "C:\Program Files\dotnet\sdk\10.0.101\Containers\build\Microsoft.NET.Build.Containers.targets" du projet "C:\Users\Administrateur\Documents\DossierPartage\PROGRAMATION\SystemeCaisse\SystemeCaisse.Core\SystemeCaisse.Core.csproj" (point d'entrée) :
   2:6>Génération de la cible "_CheckContainersPackage" terminée dans le projet "SystemeCaisse.Core.csproj".
   2:6>Génération du projet "C:\Users\Administrateur\Documents\DossierPartage\PROGRAMATION\SystemeCaisse\SystemeCaisse.Core\SystemeCaisse.Core.csproj" terminée (cibles par défaut).
   1:7>Exécution de la tâche "MSBuild" terminée.
       Tâche "MSBuild"
         Suppression des propriétés du projet "..\SystemeCaisse.Core\SystemeCaisse.Core.csproj" :
           TargetFramework
           RuntimeIdentifier
           SelfContained
   1:7>Le projet "C:\Users\Administrateur\Documents\DossierPartage\PROGRAMATION\SystemeCaisse\SystemeCaisse.Infrastructure\SystemeCaisse.Infrastructure.csproj" (1:7) génère "C:\Users\Administrateur\Documents\DossierPartage\PROGRAMATION\SystemeCaisse\SystemeCaisse.Core\SystemeCaisse.Core.csproj" (2:7) sur le nœud 1 (GetNativeManifest cible(s)).
   2:7>Cible "GetNativeManifest" dans le fichier "C:\Program Files\dotnet\sdk\10.0.101\Microsoft.Common.CurrentVersion.targets" du projet "C:\Users\Administrateur\Documents\DossierPartage\PROGRAMATION\SystemeCaisse\SystemeCaisse.Core\SystemeCaisse.Core.csproj" (point d'entrée) :
   2:7>Génération de la cible "GetNativeManifest" terminée dans le projet "SystemeCaisse.Core.csproj".
   2:7>Génération du projet "C:\Users\Administrateur\Documents\DossierPartage\PROGRAMATION\SystemeCaisse\SystemeCaisse.Core\SystemeCaisse.Core.csproj" terminée (GetNativeManifest cible(s)).
   1:7>Exécution de la tâche "MSBuild" terminée.
   1:7>Génération de la cible "ResolveProjectReferences" terminée dans le projet "SystemeCaisse.Infrastructure.csproj".
       Cible "ResolveProjectReferences" ignorée. Elle a été générée.
       Cible "GetFrameworkPaths" ignorée. Elle a été générée.
       Cible "GetReferenceAssemblyPaths" ignorée. Elle a été générée.
       Cible "PrepareForBuild" ignorée. Elle a été générée.
   1:7>Cible "ResolveSDKReferences" dans le fichier "C:\Program Files\dotnet\sdk\10.0.101\Microsoft.Common.CurrentVersion.targets" du projet "C:\Users\Administrateur\Documents\DossierPartage\PROGRAMATION\SystemeCaisse\SystemeCaisse.Infrastructure\SystemeCaisse.Infrastructure.csproj" (la cible "ResolveAssemblyReferences" en dépend) :
   1:7>Génération de la cible "ResolveSDKReferences" terminée dans le projet "SystemeCaisse.Infrastructure.csproj".
       Cible "ResolveSDKReferences" ignorée. Elle a été générée.
   1:7>Cible "ExpandSDKReferences" dans le fichier "C:\Program Files\dotnet\sdk\10.0.101\Microsoft.Common.CurrentVersion.targets" du projet "C:\Users\Administrateur\Documents\DossierPartage\PROGRAMATION\SystemeCaisse\SystemeCaisse.Infrastructure\SystemeCaisse.Infrastructure.csproj" (la cible "ResolveAssemblyReferences" en dépend) :
   1:7>Génération de la cible "ExpandSDKReferences" terminée dans le projet "SystemeCaisse.Infrastructure.csproj".
       Cible "ResolvePackageDependenciesForBuild" ignorée. Elle a été générée.
       Cible "GetFrameworkPaths" ignorée. Elle a été générée.
       Cible "GetReferenceAssemblyPaths" ignorée. Elle a été générée.
       Cible "ProcessFrameworkReferences" ignorée. Elle a été générée.
       Cible "ResolvePackageAssets" ignorée. Elle a été générée.
   1:7>Cible "ResolveFrameworkReferences" dans le fichier "C:\Program Files\dotnet\sdk\10.0.101\Sdks\Microsoft.NET.Sdk\targets\Microsoft.NET.Sdk.FrameworkReferenceResolution.targets" du projet "C:\Users\Administrateur\Documents\DossierPartage\PROGRAMATION\SystemeCaisse\SystemeCaisse.Infrastructure\SystemeCaisse.Infrastructure.csproj" (la cible "ResolveTargetingPackAssets" en dépend) :
       Utilisation de la tâche "GetPackageDirectory" à partir de l'assembly "C:\Program Files\dotnet\sdk\10.0.101\Sdks\Microsoft.NET.Sdk\targets\..\tools\net10.0\Microsoft.NET.Build.Tasks.dll".
       Tâche "GetPackageDirectory"
       Exécution de la tâche "GetPackageDirectory" terminée.
       Tâche "GetPackageDirectory"
       Exécution de la tâche "GetPackageDirectory" terminée.
       Tâche "GetPackageDirectory"
       Exécution de la tâche "GetPackageDirectory" terminée.
       Tâche "GetPackageDirectory"
       Exécution de la tâche "GetPackageDirectory" terminée.
       Tâche "GetPackageDirectory"
       Exécution de la tâche "GetPackageDirectory" terminée.
       Tâche "GetPackageDirectory"
       Exécution de la tâche "GetPackageDirectory" terminée.
       Tâche "GetPackageDirectory"
       Exécution de la tâche "GetPackageDirectory" terminée.
       Tâche "GetPackageDirectory"
       Exécution de la tâche "GetPackageDirectory" terminée.
       Tâche "GetPackageDirectory"
       Exécution de la tâche "GetPackageDirectory" terminée.
       Tâche "GetPackageDirectory"
       Exécution de la tâche "GetPackageDirectory" terminée.
       Utilisation de la tâche "ResolveFrameworkReferences" à partir de l'assembly "C:\Program Files\dotnet\sdk\10.0.101\Sdks\Microsoft.NET.Sdk\targets\..\tools\net10.0\Microsoft.NET.Build.Tasks.dll".
       Tâche "ResolveFrameworkReferences"
       Exécution de la tâche "ResolveFrameworkReferences" terminée.
   1:7>Génération de la cible "ResolveFrameworkReferences" terminée dans le projet "SystemeCaisse.Infrastructure.csproj".
   1:7>Cible "ResolveTargetingPackAssets" dans le fichier "C:\Program Files\dotnet\sdk\10.0.101\Sdks\Microsoft.NET.Sdk\targets\Microsoft.NET.Sdk.FrameworkReferenceResolution.targets" du projet "C:\Users\Administrateur\Documents\DossierPartage\PROGRAMATION\SystemeCaisse\SystemeCaisse.Infrastructure\SystemeCaisse.Infrastructure.csproj" (la cible "_HandlePackageFileConflicts" en dépend) :
       Utilisation de la tâche "ResolveTargetingPackAssets" à partir de l'assembly "C:\Program Files\dotnet\sdk\10.0.101\Sdks\Microsoft.NET.Sdk\targets\..\tools\net10.0\Microsoft.NET.Build.Tasks.dll".
       Tâche "ResolveTargetingPackAssets"
       Exécution de la tâche "ResolveTargetingPackAssets" terminée.
   1:7>Génération de la cible "ResolveTargetingPackAssets" terminée dans le projet "SystemeCaisse.Infrastructure.csproj".
   1:7>Cible "ResolveOffByDefaultAnalyzers" dans le fichier "C:\Program Files\dotnet\sdk\10.0.101\Sdks\Microsoft.NET.Sdk\targets\Microsoft.NET.Sdk.FrameworkReferenceResolution.targets" du projet "C:\Users\Administrateur\Documents\DossierPartage\PROGRAMATION\SystemeCaisse\SystemeCaisse.Infrastructure\SystemeCaisse.Infrastructure.csproj" (la cible "_HandlePackageFileConflicts" en dépend) :
   1:7>Génération de la cible "ResolveOffByDefaultAnalyzers" terminée dans le projet "SystemeCaisse.Infrastructure.csproj".
   1:7>Cible "_HandlePackageFileConflicts" dans le fichier "C:\Program Files\dotnet\sdk\10.0.101\Sdks\Microsoft.NET.Sdk\targets\Microsoft.NET.ConflictResolution.targets" du projet "C:\Users\Administrateur\Documents\DossierPartage\PROGRAMATION\SystemeCaisse\SystemeCaisse.Infrastructure\SystemeCaisse.Infrastructure.csproj" (la cible "ResolveAssemblyReferences" en dépend) :
       Utilisation de la tâche "ResolvePackageFileConflicts" à partir de l'assembly "C:\Program Files\dotnet\sdk\10.0.101\Sdks\Microsoft.NET.Sdk\targets\..\tools\net10.0\Microsoft.NET.Build.Tasks.dll".
       Tâche "ResolvePackageFileConflicts"
         Conflit détecté entre 'Platform:mscorlib.dll' et 'Platform:mscorlib.dll'. Impossible de déterminer le gagnant, car les versions de fichier et d'assembly sont identiques.
         Conflit détecté entre 'Platform:Microsoft.VisualBasic.dll' et 'Platform:Microsoft.VisualBasic.dll'. Impossible de déterminer le gagnant, car les versions de fichier et d'assembly sont identiques.
         Conflit détecté entre 'Platform:System.dll' et 'Platform:System.dll'. Impossible de déterminer le gagnant, car les versions de fichier et d'assembly sont identiques.
         Conflit détecté entre 'Platform:System.ComponentModel.DataAnnotations.dll' et 'Platform:System.ComponentModel.DataAnnotations.dll'. Impossible de déterminer le gagnant, car les versions de fichier et d'assembly sont identiques.
         Conflit détecté entre 'Platform:System.Configuration.dll' et 'Platform:System.Configuration.dll'. Impossible de déterminer le gagnant, car les versions de fichier et d'assembly sont identiques.
         Conflit détecté entre 'Platform:System.Core.dll' et 'Platform:System.Core.dll'. Impossible de déterminer le gagnant, car les versions de fichier et d'assembly sont identiques.
         Conflit détecté entre 'Platform:System.Data.dll' et 'Platform:System.Data.dll'. Impossible de déterminer le gagnant, car les versions de fichier et d'assembly sont identiques.
         Conflit détecté entre 'Platform:System.Drawing.dll' et 'Platform:System.Drawing.dll'. Impossible de déterminer le gagnant, car les versions de fichier et d'assembly sont identiques.
         Conflit détecté entre 'Platform:System.IO.Compression.FileSystem.dll' et 'Platform:System.IO.Compression.FileSystem.dll'. Impossible de déterminer le gagnant, car les versions de fichier et d'assembly sont identiques.
         Conflit détecté entre 'Platform:System.Net.dll' et 'Platform:System.Net.dll'. Impossible de déterminer le gagnant, car les versions de fichier et d'assembly sont identiques.
         Conflit détecté entre 'Platform:System.Numerics.dll' et 'Platform:System.Numerics.dll'. Impossible de déterminer le gagnant, car les versions de fichier et d'assembly sont identiques.
         Conflit détecté entre 'Platform:System.Runtime.Serialization.dll' et 'Platform:System.Runtime.Serialization.dll'. Impossible de déterminer le gagnant, car les versions de fichier et d'assembly sont identiques.
         Conflit détecté entre 'Platform:System.Security.dll' et 'Platform:System.Security.dll'. Impossible de déterminer le gagnant, car les versions de fichier et d'assembly sont identiques.
         Conflit détecté entre 'Platform:System.ServiceProcess.dll' et 'Platform:System.ServiceProcess.dll'. Impossible de déterminer le gagnant, car les versions de fichier et d'assembly sont identiques.
         Conflit détecté entre 'Platform:System.ServiceModel.Web.dll' et 'Platform:System.ServiceModel.Web.dll'. Impossible de déterminer le gagnant, car les versions de fichier et d'assembly sont identiques.
         Conflit détecté entre 'Platform:System.Transactions.dll' et 'Platform:System.Transactions.dll'. Impossible de déterminer le gagnant, car les versions de fichier et d'assembly sont identiques.
         Conflit détecté entre 'Platform:System.Web.dll' et 'Platform:System.Web.dll'. Impossible de déterminer le gagnant, car les versions de fichier et d'assembly sont identiques.
         Conflit détecté entre 'Platform:System.Windows.dll' et 'Platform:System.Windows.dll'. Impossible de déterminer le gagnant, car les versions de fichier et d'assembly sont identiques.
         Conflit détecté entre 'Platform:System.Xml.dll' et 'Platform:System.Xml.dll'. Impossible de déterminer le gagnant, car les versions de fichier et d'assembly sont identiques.
         Conflit détecté entre 'Platform:System.Xml.Serialization.dll' et 'Platform:System.Xml.Serialization.dll'. Impossible de déterminer le gagnant, car les versions de fichier et d'assembly sont identiques.
         Conflit détecté entre 'Platform:System.Xml.Linq.dll' et 'Platform:System.Xml.Linq.dll'. Impossible de déterminer le gagnant, car les versions de fichier et d'assembly sont identiques.
         Conflit détecté entre 'Platform:WindowsBase.dll' et 'Platform:WindowsBase.dll'. Impossible de déterminer le gagnant, car les versions de fichier et d'assembly sont identiques.
         Conflit détecté entre 'Platform:netstandard.dll' et 'Platform:netstandard.dll'. Impossible de déterminer le gagnant, car les versions de fichier et d'assembly sont identiques.
         Conflit détecté entre 'Platform:System.Private.CoreLib.dll' et 'Platform:System.Private.CoreLib.dll'. Impossible de déterminer le gagnant, car les versions de fichier et d'assembly sont identiques.
         Conflit détecté entre 'Platform:System.Private.DataContractSerialization.dll' et 'Platform:System.Private.DataContractSerialization.dll'. Impossible de déterminer le gagnant, car les versions de fichier et d'assembly sont identiques.
         Conflit détecté entre 'Platform:System.Private.Uri.dll' et 'Platform:System.Private.Uri.dll'. Impossible de déterminer le gagnant, car les versions de fichier et d'assembly sont identiques.
         Conflit détecté entre 'Platform:System.Private.Xml.dll' et 'Platform:System.Private.Xml.dll'. Impossible de déterminer le gagnant, car les versions de fichier et d'assembly sont identiques.
         Conflit détecté entre 'Platform:System.Private.Xml.Linq.dll' et 'Platform:System.Private.Xml.Linq.dll'. Impossible de déterminer le gagnant, car les versions de fichier et d'assembly sont identiques.
         Conflit détecté entre 'Platform:mscordaccore_amd64_amd64_8.0.2225.52707.dll' et 'Platform:mscordaccore_amd64_amd64_8.0.2225.52707.dll'. Impossible de déterminer le gagnant, car les versions de fichier et d'assembly sont identiques.
       Exécution de la tâche "ResolvePackageFileConflicts" terminée.
   1:7>Génération de la cible "_HandlePackageFileConflicts" terminée dans le projet "SystemeCaisse.Infrastructure.csproj".
       Cible "ResolveTargetingPackAssets" ignorée. Elle a été générée.
   1:7>Cible "ResolveAssemblyReferences" dans le fichier "C:\Program Files\dotnet\sdk\10.0.101\Microsoft.Common.CurrentVersion.targets" du projet "C:\Users\Administrateur\Documents\DossierPartage\PROGRAMATION\SystemeCaisse\SystemeCaisse.Infrastructure\SystemeCaisse.Infrastructure.csproj" (la cible "ResolveReferences" en dépend) :
       Tâche "ResolveAssemblyReference"
         TargetFrameworkMoniker :
             .NETCoreApp,Version=v8.0
         TargetFrameworkMonikerDisplayName :
             .NET 8.0
         TargetedRuntimeVersion :
             
         Assemblies :
             C:\Users\Administrateur\.nuget\packages\system.io.ports\10.0.1\lib\net8.0\System.IO.Ports.dll
                 Private = 'false'
                 HintPath = 'C:\Users\Administrateur\.nuget\packages\system.io.ports\10.0.1\lib\net8.0\System.IO.Ports.dll'
             C:\Program Files\dotnet\packs\Microsoft.NETCore.App.Ref\8.0.22\ref/net8.0/Microsoft.CSharp.dll
                 Private = 'false'
             C:\Program Files\dotnet\packs\Microsoft.NETCore.App.Ref\8.0.22\ref/net8.0/Microsoft.VisualBasic.Core.dll
                 Private = 'false'
             C:\Program Files\dotnet\packs\Microsoft.NETCore.App.Ref\8.0.22\ref/net8.0/Microsoft.VisualBasic.dll
                 Private = 'false'
             C:\Program Files\dotnet\packs\Microsoft.NETCore.App.Ref\8.0.22\ref/net8.0/Microsoft.Win32.Primitives.dll
                 Private = 'false'
             C:\Program Files\dotnet\packs\Microsoft.NETCore.App.Ref\8.0.22\ref/net8.0/Microsoft.Win32.Registry.dll
                 Private = 'false'
             C:\Program Files\dotnet\packs\Microsoft.NETCore.App.Ref\8.0.22\ref/net8.0/System.AppContext.dll
                 Private = 'false'
             C:\Program Files\dotnet\packs\Microsoft.NETCore.App.Ref\8.0.22\ref/net8.0/System.Buffers.dll
                 Private = 'false'
             C:\Program Files\dotnet\packs\Microsoft.NETCore.App.Ref\8.0.22\ref/net8.0/System.Collections.Concurrent.dll
                 Private = 'false'
             C:\Program Files\dotnet\packs\Microsoft.NETCore.App.Ref\8.0.22\ref/net8.0/System.Collections.Immutable.dll
                 Private = 'false'
             C:\Program Files\dotnet\packs\Microsoft.NETCore.App.Ref\8.0.22\ref/net8.0/System.Collections.NonGeneric.dll
                 Private = 'false'
             C:\Program Files\dotnet\packs\Microsoft.NETCore.App.Ref\8.0.22\ref/net8.0/System.Collections.Specialized.dll
                 Private = 'false'
             C:\Program Files\dotnet\packs\Microsoft.NETCore.App.Ref\8.0.22\ref/net8.0/System.Collections.dll
                 Private = 'false'
             C:\Program Files\dotnet\packs\Microsoft.NETCore.App.Ref\8.0.22\ref/net8.0/System.ComponentModel.Annotations.dll
                 Private = 'false'
             C:\Program Files\dotnet\packs\Microsoft.NETCore.App.Ref\8.0.22\ref/net8.0/System.ComponentModel.DataAnnotations.dll
                 Private = 'false'
             C:\Program Files\dotnet\packs\Microsoft.NETCore.App.Ref\8.0.22\ref/net8.0/System.ComponentModel.EventBasedAsync.dll
                 Private = 'false'
             C:\Program Files\dotnet\packs\Microsoft.NETCore.App.Ref\8.0.22\ref/net8.0/System.ComponentModel.Primitives.dll
                 Private = 'false'
             C:\Program Files\dotnet\packs\Microsoft.NETCore.App.Ref\8.0.22\ref/net8.0/System.ComponentModel.TypeConverter.dll
                 Private = 'false'
             C:\Program Files\dotnet\packs\Microsoft.NETCore.App.Ref\8.0.22\ref/net8.0/System.ComponentModel.dll
                 Private = 'false'
             C:\Program Files\dotnet\packs\Microsoft.NETCore.App.Ref\8.0.22\ref/net8.0/System.Configuration.dll
                 Private = 'false'
             C:\Program Files\dotnet\packs\Microsoft.NETCore.App.Ref\8.0.22\ref/net8.0/System.Console.dll
                 Private = 'false'
             C:\Program Files\dotnet\packs\Microsoft.NETCore.App.Ref\8.0.22\ref/net8.0/System.Core.dll
                 Private = 'false'
             C:\Program Files\dotnet\packs\Microsoft.NETCore.App.Ref\8.0.22\ref/net8.0/System.Data.Common.dll
                 Private = 'false'
             C:\Program Files\dotnet\packs\Microsoft.NETCore.App.Ref\8.0.22\ref/net8.0/System.Data.DataSetExtensions.dll
                 Private = 'false'
             C:\Program Files\dotnet\packs\Microsoft.NETCore.App.Ref\8.0.22\ref/net8.0/System.Data.dll
                 Private = 'false'
             C:\Program Files\dotnet\packs\Microsoft.NETCore.App.Ref\8.0.22\ref/net8.0/System.Diagnostics.Contracts.dll
                 Private = 'false'
             C:\Program Files\dotnet\packs\Microsoft.NETCore.App.Ref\8.0.22\ref/net8.0/System.Diagnostics.Debug.dll
                 Private = 'false'
             C:\Program Files\dotnet\packs\Microsoft.NETCore.App.Ref\8.0.22\ref/net8.0/System.Diagnostics.DiagnosticSource.dll
                 Private = 'false'
             C:\Program Files\dotnet\packs\Microsoft.NETCore.App.Ref\8.0.22\ref/net8.0/System.Diagnostics.FileVersionInfo.dll
                 Private = 'false'
             C:\Program Files\dotnet\packs\Microsoft.NETCore.App.Ref\8.0.22\ref/net8.0/System.Diagnostics.Process.dll
                 Private = 'false'
             C:\Program Files\dotnet\packs\Microsoft.NETCore.App.Ref\8.0.22\ref/net8.0/System.Diagnostics.StackTrace.dll
                 Private = 'false'
             C:\Program Files\dotnet\packs\Microsoft.NETCore.App.Ref\8.0.22\ref/net8.0/System.Diagnostics.TextWriterTraceListener.dll
                 Private = 'false'
             C:\Program Files\dotnet\packs\Microsoft.NETCore.App.Ref\8.0.22\ref/net8.0/System.Diagnostics.Tools.dll
                 Private = 'false'
             C:\Program Files\dotnet\packs\Microsoft.NETCore.App.Ref\8.0.22\ref/net8.0/System.Diagnostics.TraceSource.dll
                 Private = 'false'
             C:\Program Files\dotnet\packs\Microsoft.NETCore.App.Ref\8.0.22\ref/net8.0/System.Diagnostics.Tracing.dll
                 Private = 'false'
             C:\Program Files\dotnet\packs\Microsoft.NETCore.App.Ref\8.0.22\ref/net8.0/System.Drawing.Primitives.dll
                 Private = 'false'
             C:\Program Files\dotnet\packs\Microsoft.NETCore.App.Ref\8.0.22\ref/net8.0/System.Drawing.dll
                 Private = 'false'
             C:\Program Files\dotnet\packs\Microsoft.NETCore.App.Ref\8.0.22\ref/net8.0/System.Dynamic.Runtime.dll
                 Private = 'false'
             C:\Program Files\dotnet\packs\Microsoft.NETCore.App.Ref\8.0.22\ref/net8.0/System.Formats.Asn1.dll
                 Private = 'false'
             C:\Program Files\dotnet\packs\Microsoft.NETCore.App.Ref\8.0.22\ref/net8.0/System.Formats.Tar.dll
                 Private = 'false'
             C:\Program Files\dotnet\packs\Microsoft.NETCore.App.Ref\8.0.22\ref/net8.0/System.Globalization.Calendars.dll
                 Private = 'false'
             C:\Program Files\dotnet\packs\Microsoft.NETCore.App.Ref\8.0.22\ref/net8.0/System.Globalization.Extensions.dll
                 Private = 'false'
             C:\Program Files\dotnet\packs\Microsoft.NETCore.App.Ref\8.0.22\ref/net8.0/System.Globalization.dll
                 Private = 'false'
             C:\Program Files\dotnet\packs\Microsoft.NETCore.App.Ref\8.0.22\ref/net8.0/System.IO.Compression.Brotli.dll
                 Private = 'false'
             C:\Program Files\dotnet\packs\Microsoft.NETCore.App.Ref\8.0.22\ref/net8.0/System.IO.Compression.FileSystem.dll
                 Private = 'false'
             C:\Program Files\dotnet\packs\Microsoft.NETCore.App.Ref\8.0.22\ref/net8.0/System.IO.Compression.ZipFile.dll
                 Private = 'false'
             C:\Program Files\dotnet\packs\Microsoft.NETCore.App.Ref\8.0.22\ref/net8.0/System.IO.Compression.dll
                 Private = 'false'
             C:\Program Files\dotnet\packs\Microsoft.NETCore.App.Ref\8.0.22\ref/net8.0/System.IO.FileSystem.AccessControl.dll
                 Private = 'false'
             C:\Program Files\dotnet\packs\Microsoft.NETCore.App.Ref\8.0.22\ref/net8.0/System.IO.FileSystem.DriveInfo.dll
                 Private = 'false'
             C:\Program Files\dotnet\packs\Microsoft.NETCore.App.Ref\8.0.22\ref/net8.0/System.IO.FileSystem.Primitives.dll
                 Private = 'false'
             C:\Program Files\dotnet\packs\Microsoft.NETCore.App.Ref\8.0.22\ref/net8.0/System.IO.FileSystem.Watcher.dll
                 Private = 'false'
             C:\Program Files\dotnet\packs\Microsoft.NETCore.App.Ref\8.0.22\ref/net8.0/System.IO.FileSystem.dll
                 Private = 'false'
             C:\Program Files\dotnet\packs\Microsoft.NETCore.App.Ref\8.0.22\ref/net8.0/System.IO.IsolatedStorage.dll
                 Private = 'false'
             C:\Program Files\dotnet\packs\Microsoft.NETCore.App.Ref\8.0.22\ref/net8.0/System.IO.MemoryMappedFiles.dll
                 Private = 'false'
             C:\Program Files\dotnet\packs\Microsoft.NETCore.App.Ref\8.0.22\ref/net8.0/System.IO.Pipes.AccessControl.dll
                 Private = 'false'
             C:\Program Files\dotnet\packs\Microsoft.NETCore.App.Ref\8.0.22\ref/net8.0/System.IO.Pipes.dll
                 Private = 'false'
             C:\Program Files\dotnet\packs\Microsoft.NETCore.App.Ref\8.0.22\ref/net8.0/System.IO.UnmanagedMemoryStream.dll
                 Private = 'false'
             C:\Program Files\dotnet\packs\Microsoft.NETCore.App.Ref\8.0.22\ref/net8.0/System.IO.dll
                 Private = 'false'
             C:\Program Files\dotnet\packs\Microsoft.NETCore.App.Ref\8.0.22\ref/net8.0/System.Linq.Expressions.dll
                 Private = 'false'
             C:\Program Files\dotnet\packs\Microsoft.NETCore.App.Ref\8.0.22\ref/net8.0/System.Linq.Parallel.dll
                 Private = 'false'
             C:\Program Files\dotnet\packs\Microsoft.NETCore.App.Ref\8.0.22\ref/net8.0/System.Linq.Queryable.dll
                 Private = 'false'
             C:\Program Files\dotnet\packs\Microsoft.NETCore.App.Ref\8.0.22\ref/net8.0/System.Linq.dll
                 Private = 'false'
             C:\Program Files\dotnet\packs\Microsoft.NETCore.App.Ref\8.0.22\ref/net8.0/System.Memory.dll
                 Private = 'false'
             C:\Program Files\dotnet\packs\Microsoft.NETCore.App.Ref\8.0.22\ref/net8.0/System.Net.Http.Json.dll
                 Private = 'false'
             C:\Program Files\dotnet\packs\Microsoft.NETCore.App.Ref\8.0.22\ref/net8.0/System.Net.Http.dll
                 Private = 'false'
             C:\Program Files\dotnet\packs\Microsoft.NETCore.App.Ref\8.0.22\ref/net8.0/System.Net.HttpListener.dll
                 Private = 'false'
             C:\Program Files\dotnet\packs\Microsoft.NETCore.App.Ref\8.0.22\ref/net8.0/System.Net.Mail.dll
                 Private = 'false'
             C:\Program Files\dotnet\packs\Microsoft.NETCore.App.Ref\8.0.22\ref/net8.0/System.Net.NameResolution.dll
                 Private = 'false'
             C:\Program Files\dotnet\packs\Microsoft.NETCore.App.Ref\8.0.22\ref/net8.0/System.Net.NetworkInformation.dll
                 Private = 'false'
             C:\Program Files\dotnet\packs\Microsoft.NETCore.App.Ref\8.0.22\ref/net8.0/System.Net.Ping.dll
                 Private = 'false'
             C:\Program Files\dotnet\packs\Microsoft.NETCore.App.Ref\8.0.22\ref/net8.0/System.Net.Primitives.dll
                 Private = 'false'
             C:\Program Files\dotnet\packs\Microsoft.NETCore.App.Ref\8.0.22\ref/net8.0/System.Net.Quic.dll
                 Private = 'false'
             C:\Program Files\dotnet\packs\Microsoft.NETCore.App.Ref\8.0.22\ref/net8.0/System.Net.Requests.dll
                 Private = 'false'
             C:\Program Files\dotnet\packs\Microsoft.NETCore.App.Ref\8.0.22\ref/net8.0/System.Net.Security.dll
                 Private = 'false'
             C:\Program Files\dotnet\packs\Microsoft.NETCore.App.Ref\8.0.22\ref/net8.0/System.Net.ServicePoint.dll
                 Private = 'false'
             C:\Program Files\dotnet\packs\Microsoft.NETCore.App.Ref\8.0.22\ref/net8.0/System.Net.Sockets.dll
                 Private = 'false'
             C:\Program Files\dotnet\packs\Microsoft.NETCore.App.Ref\8.0.22\ref/net8.0/System.Net.WebClient.dll
                 Private = 'false'
             C:\Program Files\dotnet\packs\Microsoft.NETCore.App.Ref\8.0.22\ref/net8.0/System.Net.WebHeaderCollection.dll
                 Private = 'false'
             C:\Program Files\dotnet\packs\Microsoft.NETCore.App.Ref\8.0.22\ref/net8.0/System.Net.WebProxy.dll
                 Private = 'false'
             C:\Program Files\dotnet\packs\Microsoft.NETCore.App.Ref\8.0.22\ref/net8.0/System.Net.WebSockets.Client.dll
                 Private = 'false'
             C:\Program Files\dotnet\packs\Microsoft.NETCore.App.Ref\8.0.22\ref/net8.0/System.Net.WebSockets.dll
                 Private = 'false'
             C:\Program Files\dotnet\packs\Microsoft.NETCore.App.Ref\8.0.22\ref/net8.0/System.Net.dll
                 Private = 'false'
             C:\Program Files\dotnet\packs\Microsoft.NETCore.App.Ref\8.0.22\ref/net8.0/System.Numerics.Vectors.dll
                 Private = 'false'
             C:\Program Files\dotnet\packs\Microsoft.NETCore.App.Ref\8.0.22\ref/net8.0/System.Numerics.dll
                 Private = 'false'
             C:\Program Files\dotnet\packs\Microsoft.NETCore.App.Ref\8.0.22\ref/net8.0/System.ObjectModel.dll
                 Private = 'false'
             C:\Program Files\dotnet\packs\Microsoft.NETCore.App.Ref\8.0.22\ref/net8.0/System.Reflection.DispatchProxy.dll
                 Private = 'false'
             C:\Program Files\dotnet\packs\Microsoft.NETCore.App.Ref\8.0.22\ref/net8.0/System.Reflection.Emit.ILGeneration.dll
                 Private = 'false'
             C:\Program Files\dotnet\packs\Microsoft.NETCore.App.Ref\8.0.22\ref/net8.0/System.Reflection.Emit.Lightweight.dll
                 Private = 'false'
             C:\Program Files\dotnet\packs\Microsoft.NETCore.App.Ref\8.0.22\ref/net8.0/System.Reflection.Emit.dll
                 Private = 'false'
             C:\Program Files\dotnet\packs\Microsoft.NETCore.App.Ref\8.0.22\ref/net8.0/System.Reflection.Extensions.dll
                 Private = 'false'
             C:\Program Files\dotnet\packs\Microsoft.NETCore.App.Ref\8.0.22\ref/net8.0/System.Reflection.Metadata.dll
                 Private = 'false'
             C:\Program Files\dotnet\packs\Microsoft.NETCore.App.Ref\8.0.22\ref/net8.0/System.Reflection.Primitives.dll
                 Private = 'false'
             C:\Program Files\dotnet\packs\Microsoft.NETCore.App.Ref\8.0.22\ref/net8.0/System.Reflection.TypeExtensions.dll
                 Private = 'false'
             C:\Program Files\dotnet\packs\Microsoft.NETCore.App.Ref\8.0.22\ref/net8.0/System.Reflection.dll
                 Private = 'false'
             C:\Program Files\dotnet\packs\Microsoft.NETCore.App.Ref\8.0.22\ref/net8.0/System.Resources.Reader.dll
                 Private = 'false'
             C:\Program Files\dotnet\packs\Microsoft.NETCore.App.Ref\8.0.22\ref/net8.0/System.Resources.ResourceManager.dll
                 Private = 'false'
             C:\Program Files\dotnet\packs\Microsoft.NETCore.App.Ref\8.0.22\ref/net8.0/System.Resources.Writer.dll
                 Private = 'false'
             C:\Program Files\dotnet\packs\Microsoft.NETCore.App.Ref\8.0.22\ref/net8.0/System.Runtime.CompilerServices.Unsafe.dll
                 Private = 'false'
             C:\Program Files\dotnet\packs\Microsoft.NETCore.App.Ref\8.0.22\ref/net8.0/System.Runtime.CompilerServices.VisualC.dll
                 Private = 'false'
             C:\Program Files\dotnet\packs\Microsoft.NETCore.App.Ref\8.0.22\ref/net8.0/System.Runtime.Extensions.dll
                 Private = 'false'
             C:\Program Files\dotnet\packs\Microsoft.NETCore.App.Ref\8.0.22\ref/net8.0/System.Runtime.Handles.dll
                 Private = 'false'
             C:\Program Files\dotnet\packs\Microsoft.NETCore.App.Ref\8.0.22\ref/net8.0/System.Runtime.InteropServices.JavaScript.dll
                 Private = 'false'
             C:\Program Files\dotnet\packs\Microsoft.NETCore.App.Ref\8.0.22\ref/net8.0/System.Runtime.InteropServices.RuntimeInformation.dll
                 Private = 'false'
             C:\Program Files\dotnet\packs\Microsoft.NETCore.App.Ref\8.0.22\ref/net8.0/System.Runtime.InteropServices.dll
                 Private = 'false'
             C:\Program Files\dotnet\packs\Microsoft.NETCore.App.Ref\8.0.22\ref/net8.0/System.Runtime.Intrinsics.dll
                 Private = 'false'
             C:\Program Files\dotnet\packs\Microsoft.NETCore.App.Ref\8.0.22\ref/net8.0/System.Runtime.Loader.dll
                 Private = 'false'
             C:\Program Files\dotnet\packs\Microsoft.NETCore.App.Ref\8.0.22\ref/net8.0/System.Runtime.Numerics.dll
                 Private = 'false'
             C:\Program Files\dotnet\packs\Microsoft.NETCore.App.Ref\8.0.22\ref/net8.0/System.Runtime.Serialization.Formatters.dll
                 Private = 'false'
             C:\Program Files\dotnet\packs\Microsoft.NETCore.App.Ref\8.0.22\ref/net8.0/System.Runtime.Serialization.Json.dll
                 Private = 'false'
             C:\Program Files\dotnet\packs\Microsoft.NETCore.App.Ref\8.0.22\ref/net8.0/System.Runtime.Serialization.Primitives.dll
                 Private = 'false'
             C:\Program Files\dotnet\packs\Microsoft.NETCore.App.Ref\8.0.22\ref/net8.0/System.Runtime.Serialization.Xml.dll
                 Private = 'false'
             C:\Program Files\dotnet\packs\Microsoft.NETCore.App.Ref\8.0.22\ref/net8.0/System.Runtime.Serialization.dll
                 Private = 'false'
             C:\Program Files\dotnet\packs\Microsoft.NETCore.App.Ref\8.0.22\ref/net8.0/System.Runtime.dll
                 Private = 'false'
             C:\Program Files\dotnet\packs\Microsoft.NETCore.App.Ref\8.0.22\ref/net8.0/System.Security.AccessControl.dll
                 Private = 'false'
             C:\Program Files\dotnet\packs\Microsoft.NETCore.App.Ref\8.0.22\ref/net8.0/System.Security.Claims.dll
                 Private = 'false'
             C:\Program Files\dotnet\packs\Microsoft.NETCore.App.Ref\8.0.22\ref/net8.0/System.Security.Cryptography.Algorithms.dll
                 Private = 'false'
             C:\Program Files\dotnet\packs\Microsoft.NETCore.App.Ref\8.0.22\ref/net8.0/System.Security.Cryptography.Cng.dll
                 Private = 'false'
             C:\Program Files\dotnet\packs\Microsoft.NETCore.App.Ref\8.0.22\ref/net8.0/System.Security.Cryptography.Csp.dll
                 Private = 'false'
             C:\Program Files\dotnet\packs\Microsoft.NETCore.App.Ref\8.0.22\ref/net8.0/System.Security.Cryptography.Encoding.dll
                 Private = 'false'
             C:\Program Files\dotnet\packs\Microsoft.NETCore.App.Ref\8.0.22\ref/net8.0/System.Security.Cryptography.OpenSsl.dll
                 Private = 'false'
             C:\Program Files\dotnet\packs\Microsoft.NETCore.App.Ref\8.0.22\ref/net8.0/System.Security.Cryptography.Primitives.dll
                 Private = 'false'
             C:\Program Files\dotnet\packs\Microsoft.NETCore.App.Ref\8.0.22\ref/net8.0/System.Security.Cryptography.X509Certificates.dll
                 Private = 'false'
             C:\Program Files\dotnet\packs\Microsoft.NETCore.App.Ref\8.0.22\ref/net8.0/System.Security.Cryptography.dll
                 Private = 'false'
             C:\Program Files\dotnet\packs\Microsoft.NETCore.App.Ref\8.0.22\ref/net8.0/System.Security.Principal.Windows.dll
                 Private = 'false'
             C:\Program Files\dotnet\packs\Microsoft.NETCore.App.Ref\8.0.22\ref/net8.0/System.Security.Principal.dll
                 Private = 'false'
             C:\Program Files\dotnet\packs\Microsoft.NETCore.App.Ref\8.0.22\ref/net8.0/System.Security.SecureString.dll
                 Private = 'false'
             C:\Program Files\dotnet\packs\Microsoft.NETCore.App.Ref\8.0.22\ref/net8.0/System.Security.dll
                 Private = 'false'
             C:\Program Files\dotnet\packs\Microsoft.NETCore.App.Ref\8.0.22\ref/net8.0/System.ServiceModel.Web.dll
                 Private = 'false'
             C:\Program Files\dotnet\packs\Microsoft.NETCore.App.Ref\8.0.22\ref/net8.0/System.ServiceProcess.dll
                 Private = 'false'
             C:\Program Files\dotnet\packs\Microsoft.NETCore.App.Ref\8.0.22\ref/net8.0/System.Text.Encoding.CodePages.dll
                 Private = 'false'
             C:\Program Files\dotnet\packs\Microsoft.NETCore.App.Ref\8.0.22\ref/net8.0/System.Text.Encoding.Extensions.dll
                 Private = 'false'
             C:\Program Files\dotnet\packs\Microsoft.NETCore.App.Ref\8.0.22\ref/net8.0/System.Text.Encoding.dll
                 Private = 'false'
             C:\Program Files\dotnet\packs\Microsoft.NETCore.App.Ref\8.0.22\ref/net8.0/System.Text.Encodings.Web.dll
                 Private = 'false'
             C:\Program Files\dotnet\packs\Microsoft.NETCore.App.Ref\8.0.22\ref/net8.0/System.Text.Json.dll
                 Private = 'false'
             C:\Program Files\dotnet\packs\Microsoft.NETCore.App.Ref\8.0.22\ref/net8.0/System.Text.RegularExpressions.dll
                 Private = 'false'
             C:\Program Files\dotnet\packs\Microsoft.NETCore.App.Ref\8.0.22\ref/net8.0/System.Threading.Channels.dll
                 Private = 'false'
             C:\Program Files\dotnet\packs\Microsoft.NETCore.App.Ref\8.0.22\ref/net8.0/System.Threading.Overlapped.dll
                 Private = 'false'
             C:\Program Files\dotnet\packs\Microsoft.NETCore.App.Ref\8.0.22\ref/net8.0/System.Threading.Tasks.Dataflow.dll
                 Private = 'false'
             C:\Program Files\dotnet\packs\Microsoft.NETCore.App.Ref\8.0.22\ref/net8.0/System.Threading.Tasks.Extensions.dll
                 Private = 'false'
             C:\Program Files\dotnet\packs\Microsoft.NETCore.App.Ref\8.0.22\ref/net8.0/System.Threading.Tasks.Parallel.dll
                 Private = 'false'
             C:\Program Files\dotnet\packs\Microsoft.NETCore.App.Ref\8.0.22\ref/net8.0/System.Threading.Tasks.dll
                 Private = 'false'
             C:\Program Files\dotnet\packs\Microsoft.NETCore.App.Ref\8.0.22\ref/net8.0/System.Threading.Thread.dll
                 Private = 'false'
             C:\Program Files\dotnet\packs\Microsoft.NETCore.App.Ref\8.0.22\ref/net8.0/System.Threading.ThreadPool.dll
                 Private = 'false'
             C:\Program Files\dotnet\packs\Microsoft.NETCore.App.Ref\8.0.22\ref/net8.0/System.Threading.Timer.dll
                 Private = 'false'
             C:\Program Files\dotnet\packs\Microsoft.NETCore.App.Ref\8.0.22\ref/net8.0/System.Threading.dll
                 Private = 'false'
             C:\Program Files\dotnet\packs\Microsoft.NETCore.App.Ref\8.0.22\ref/net8.0/System.Transactions.Local.dll
                 Private = 'false'
             C:\Program Files\dotnet\packs\Microsoft.NETCore.App.Ref\8.0.22\ref/net8.0/System.Transactions.dll
                 Private = 'false'
             C:\Program Files\dotnet\packs\Microsoft.NETCore.App.Ref\8.0.22\ref/net8.0/System.ValueTuple.dll
                 Private = 'false'
             C:\Program Files\dotnet\packs\Microsoft.NETCore.App.Ref\8.0.22\ref/net8.0/System.Web.HttpUtility.dll
                 Private = 'false'
             C:\Program Files\dotnet\packs\Microsoft.NETCore.App.Ref\8.0.22\ref/net8.0/System.Web.dll
                 Private = 'false'
             C:\Program Files\dotnet\packs\Microsoft.NETCore.App.Ref\8.0.22\ref/net8.0/System.Windows.dll
                 Private = 'false'
             C:\Program Files\dotnet\packs\Microsoft.NETCore.App.Ref\8.0.22\ref/net8.0/System.Xml.Linq.dll
                 Private = 'false'
             C:\Program Files\dotnet\packs\Microsoft.NETCore.App.Ref\8.0.22\ref/net8.0/System.Xml.ReaderWriter.dll
                 Private = 'false'
             C:\Program Files\dotnet\packs\Microsoft.NETCore.App.Ref\8.0.22\ref/net8.0/System.Xml.Serialization.dll
                 Private = 'false'
             C:\Program Files\dotnet\packs\Microsoft.NETCore.App.Ref\8.0.22\ref/net8.0/System.Xml.XDocument.dll
                 Private = 'false'
             C:\Program Files\dotnet\packs\Microsoft.NETCore.App.Ref\8.0.22\ref/net8.0/System.Xml.XPath.XDocument.dll
                 Private = 'false'
             C:\Program Files\dotnet\packs\Microsoft.NETCore.App.Ref\8.0.22\ref/net8.0/System.Xml.XPath.dll
                 Private = 'false'
             C:\Program Files\dotnet\packs\Microsoft.NETCore.App.Ref\8.0.22\ref/net8.0/System.Xml.XmlDocument.dll
                 Private = 'false'
             C:\Program Files\dotnet\packs\Microsoft.NETCore.App.Ref\8.0.22\ref/net8.0/System.Xml.XmlSerializer.dll
                 Private = 'false'
             C:\Program Files\dotnet\packs\Microsoft.NETCore.App.Ref\8.0.22\ref/net8.0/System.Xml.dll
                 Private = 'false'
             C:\Program Files\dotnet\packs\Microsoft.NETCore.App.Ref\8.0.22\ref/net8.0/System.dll
                 Private = 'false'
             C:\Program Files\dotnet\packs\Microsoft.NETCore.App.Ref\8.0.22\ref/net8.0/WindowsBase.dll
                 Private = 'false'
             C:\Program Files\dotnet\packs\Microsoft.NETCore.App.Ref\8.0.22\ref/net8.0/mscorlib.dll
                 Private = 'false'
             C:\Program Files\dotnet\packs\Microsoft.NETCore.App.Ref\8.0.22\ref/net8.0/netstandard.dll
                 Private = 'false'
         AssemblyFiles :
             C:\Users\Administrateur\Documents\DossierPartage\PROGRAMATION\SystemeCaisse\SystemeCaisse.Core\bin\Debug\net8.0\SystemeCaisse.Core.dll
         CandidateAssemblyFiles :
         TargetFrameworkDirectories :
             
         NonCultureResourceDirectories :
             
         InstalledAssemblyTables :
         IgnoreInstalledAssemblyTable :
             False
         SearchPaths :
             {CandidateAssemblyFiles}
             {HintPathFromItem}
             {TargetFrameworkDirectory}
             {RawFileName}
         AllowedAssemblyExtensions :
             .winmd
             .dll
             .exe
         AllowedRelatedFileExtensions :
             .pdb
             .xml
             .pri
             .dll.config
             .exe.config
         AppConfigFile :
             
         AutoUnify :
             True
         EnableCustomCulture :
             False
         EnableCustomCulture :
             False
         CopyLocalDependenciesWhenParentReferenceInGac :
             True
         FindDependencies :
             True
         TargetProcessorArchitecture :
             msil
         StateFile :
             obj\Debug\net8.0\SystemeCaisse.Infrastructure.csproj.AssemblyReference.cache
         InstalledAssemblySubsetTables :
         IgnoreInstalledAssemblySubsetTable :
             False
         TargetFrameworkSubsets :
         FullTargetFrameworkSubsetNames :
             Full
         ProfileName :
             
         FullFrameworkFolders :
         LatestTargetFrameworkDirectories :
         ProfileTablesLocation :
         Référence primaire "SystemeCaisse.Core, Version=1.0.0.0, Culture=neutral, PublicKeyToken=null".
             Le chemin de fichier résolu est "C:\Users\Administrateur\Documents\DossierPartage\PROGRAMATION\SystemeCaisse\SystemeCaisse.Core\bin\Debug\net8.0\SystemeCaisse.Core.dll".
             Référence trouvée dans l'emplacement du chemin d'accès de recherche "C:\Users\Administrateur\Documents\DossierPartage\PROGRAMATION\SystemeCaisse\SystemeCaisse.Core\bin\Debug\net8.0\SystemeCaisse.Core.dll".
             Fichier associé "C:\Users\Administrateur\Documents\DossierPartage\PROGRAMATION\SystemeCaisse\SystemeCaisse.Core\bin\Debug\net8.0\SystemeCaisse.Core.pdb" trouvé.
         Référence primaire "System.IO.Ports, Version=10.0.0.1, Culture=neutral, PublicKeyToken=cc7b13ffcd2ddd51".
             Le chemin de fichier résolu est "C:\Users\Administrateur\.nuget\packages\system.io.ports\10.0.1\lib\net8.0\System.IO.Ports.dll".
             Référence trouvée dans l'emplacement du chemin d'accès de recherche "{HintPathFromItem}".
             Cette référence n'est pas "CopyLocal", car le paramètre "Private" d'au moins un élément source avait la valeur "false" et aucun élément source ne présentait de paramètre "Private" dont la valeur était "true".
         Référence primaire "Microsoft.CSharp, Version=8.0.0.0, Culture=neutral, PublicKeyToken=b03f5f7f11d50a3a".
             Le chemin de fichier résolu est "C:\Program Files\dotnet\packs\Microsoft.NETCore.App.Ref\8.0.22\ref\net8.0\Microsoft.CSharp.dll".
             Référence trouvée dans l'emplacement du chemin d'accès de recherche "{RawFileName}".
             Cette référence n'est pas "CopyLocal", car le paramètre "Private" d'au moins un élément source avait la valeur "false" et aucun élément source ne présentait de paramètre "Private" dont la valeur était "true".
         Référence primaire "Microsoft.VisualBasic.Core, Version=13.0.0.0, Culture=neutral, PublicKeyToken=b03f5f7f11d50a3a".
             Le chemin de fichier résolu est "C:\Program Files\dotnet\packs\Microsoft.NETCore.App.Ref\8.0.22\ref\net8.0\Microsoft.VisualBasic.Core.dll".
             Référence trouvée dans l'emplacement du chemin d'accès de recherche "{RawFileName}".
             Cette référence n'est pas "CopyLocal", car le paramètre "Private" d'au moins un élément source avait la valeur "false" et aucun élément source ne présentait de paramètre "Private" dont la valeur était "true".
         Référence primaire "Microsoft.VisualBasic, Version=10.0.0.0, Culture=neutral, PublicKeyToken=b03f5f7f11d50a3a".
             Le chemin de fichier résolu est "C:\Program Files\dotnet\packs\Microsoft.NETCore.App.Ref\8.0.22\ref\net8.0\Microsoft.VisualBasic.dll".
             Référence trouvée dans l'emplacement du chemin d'accès de recherche "{RawFileName}".
             Cette référence n'est pas "CopyLocal", car le paramètre "Private" d'au moins un élément source avait la valeur "false" et aucun élément source ne présentait de paramètre "Private" dont la valeur était "true".
         Référence primaire "Microsoft.Win32.Primitives, Version=8.0.0.0, Culture=neutral, PublicKeyToken=b03f5f7f11d50a3a".
             Le chemin de fichier résolu est "C:\Program Files\dotnet\packs\Microsoft.NETCore.App.Ref\8.0.22\ref\net8.0\Microsoft.Win32.Primitives.dll".
             Référence trouvée dans l'emplacement du chemin d'accès de recherche "{RawFileName}".
             Cette référence n'est pas "CopyLocal", car le paramètre "Private" d'au moins un élément source avait la valeur "false" et aucun élément source ne présentait de paramètre "Private" dont la valeur était "true".
         Référence primaire "Microsoft.Win32.Registry, Version=8.0.0.0, Culture=neutral, PublicKeyToken=b03f5f7f11d50a3a".
             Le chemin de fichier résolu est "C:\Program Files\dotnet\packs\Microsoft.NETCore.App.Ref\8.0.22\ref\net8.0\Microsoft.Win32.Registry.dll".
             Référence trouvée dans l'emplacement du chemin d'accès de recherche "{RawFileName}".
             Cette référence n'est pas "CopyLocal", car le paramètre "Private" d'au moins un élément source avait la valeur "false" et aucun élément source ne présentait de paramètre "Private" dont la valeur était "true".
         Référence primaire "System.AppContext, Version=8.0.0.0, Culture=neutral, PublicKeyToken=b03f5f7f11d50a3a".
             Le chemin de fichier résolu est "C:\Program Files\dotnet\packs\Microsoft.NETCore.App.Ref\8.0.22\ref\net8.0\System.AppContext.dll".
             Référence trouvée dans l'emplacement du chemin d'accès de recherche "{RawFileName}".
             Cette référence n'est pas "CopyLocal", car le paramètre "Private" d'au moins un élément source avait la valeur "false" et aucun élément source ne présentait de paramètre "Private" dont la valeur était "true".
         Référence primaire "System.Buffers, Version=8.0.0.0, Culture=neutral, PublicKeyToken=cc7b13ffcd2ddd51".
             Le chemin de fichier résolu est "C:\Program Files\dotnet\packs\Microsoft.NETCore.App.Ref\8.0.22\ref\net8.0\System.Buffers.dll".
             Référence trouvée dans l'emplacement du chemin d'accès de recherche "{RawFileName}".
             Cette référence n'est pas "CopyLocal", car le paramètre "Private" d'au moins un élément source avait la valeur "false" et aucun élément source ne présentait de paramètre "Private" dont la valeur était "true".
         Référence primaire "System.Collections.Concurrent, Version=8.0.0.0, Culture=neutral, PublicKeyToken=b03f5f7f11d50a3a".
             Le chemin de fichier résolu est "C:\Program Files\dotnet\packs\Microsoft.NETCore.App.Ref\8.0.22\ref\net8.0\System.Collections.Concurrent.dll".
             Référence trouvée dans l'emplacement du chemin d'accès de recherche "{RawFileName}".
             Cette référence n'est pas "CopyLocal", car le paramètre "Private" d'au moins un élément source avait la valeur "false" et aucun élément source ne présentait de paramètre "Private" dont la valeur était "true".
         Référence primaire "System.Collections.Immutable, Version=8.0.0.0, Culture=neutral, PublicKeyToken=b03f5f7f11d50a3a".
             Le chemin de fichier résolu est "C:\Program Files\dotnet\packs\Microsoft.NETCore.App.Ref\8.0.22\ref\net8.0\System.Collections.Immutable.dll".
             Référence trouvée dans l'emplacement du chemin d'accès de recherche "{RawFileName}".
             Cette référence n'est pas "CopyLocal", car le paramètre "Private" d'au moins un élément source avait la valeur "false" et aucun élément source ne présentait de paramètre "Private" dont la valeur était "true".
         Référence primaire "System.Collections.NonGeneric, Version=8.0.0.0, Culture=neutral, PublicKeyToken=b03f5f7f11d50a3a".
             Le chemin de fichier résolu est "C:\Program Files\dotnet\packs\Microsoft.NETCore.App.Ref\8.0.22\ref\net8.0\System.Collections.NonGeneric.dll".
             Référence trouvée dans l'emplacement du chemin d'accès de recherche "{RawFileName}".
             Cette référence n'est pas "CopyLocal", car le paramètre "Private" d'au moins un élément source avait la valeur "false" et aucun élément source ne présentait de paramètre "Private" dont la valeur était "true".
         Référence primaire "System.Collections.Specialized, Version=8.0.0.0, Culture=neutral, PublicKeyToken=b03f5f7f11d50a3a".
             Le chemin de fichier résolu est "C:\Program Files\dotnet\packs\Microsoft.NETCore.App.Ref\8.0.22\ref\net8.0\System.Collections.Specialized.dll".
             Référence trouvée dans l'emplacement du chemin d'accès de recherche "{RawFileName}".
             Cette référence n'est pas "CopyLocal", car le paramètre "Private" d'au moins un élément source avait la valeur "false" et aucun élément source ne présentait de paramètre "Private" dont la valeur était "true".
         Référence primaire "System.Collections, Version=8.0.0.0, Culture=neutral, PublicKeyToken=b03f5f7f11d50a3a".
             Le chemin de fichier résolu est "C:\Program Files\dotnet\packs\Microsoft.NETCore.App.Ref\8.0.22\ref\net8.0\System.Collections.dll".
             Référence trouvée dans l'emplacement du chemin d'accès de recherche "{RawFileName}".
             Cette référence n'est pas "CopyLocal", car le paramètre "Private" d'au moins un élément source avait la valeur "false" et aucun élément source ne présentait de paramètre "Private" dont la valeur était "true".
         Référence primaire "System.ComponentModel.Annotations, Version=8.0.0.0, Culture=neutral, PublicKeyToken=b03f5f7f11d50a3a".
             Le chemin de fichier résolu est "C:\Program Files\dotnet\packs\Microsoft.NETCore.App.Ref\8.0.22\ref\net8.0\System.ComponentModel.Annotations.dll".
             Référence trouvée dans l'emplacement du chemin d'accès de recherche "{RawFileName}".
             Cette référence n'est pas "CopyLocal", car le paramètre "Private" d'au moins un élément source avait la valeur "false" et aucun élément source ne présentait de paramètre "Private" dont la valeur était "true".
         Référence primaire "System.ComponentModel.DataAnnotations, Version=4.0.0.0, Culture=neutral, PublicKeyToken=31bf3856ad364e35".
             Le chemin de fichier résolu est "C:\Program Files\dotnet\packs\Microsoft.NETCore.App.Ref\8.0.22\ref\net8.0\System.ComponentModel.DataAnnotations.dll".
             Référence trouvée dans l'emplacement du chemin d'accès de recherche "{RawFileName}".
             Cette référence n'est pas "CopyLocal", car le paramètre "Private" d'au moins un élément source avait la valeur "false" et aucun élément source ne présentait de paramètre "Private" dont la valeur était "true".
         Référence primaire "System.ComponentModel.EventBasedAsync, Version=8.0.0.0, Culture=neutral, PublicKeyToken=b03f5f7f11d50a3a".
             Le chemin de fichier résolu est "C:\Program Files\dotnet\packs\Microsoft.NETCore.App.Ref\8.0.22\ref\net8.0\System.ComponentModel.EventBasedAsync.dll".
             Référence trouvée dans l'emplacement du chemin d'accès de recherche "{RawFileName}".
             Cette référence n'est pas "CopyLocal", car le paramètre "Private" d'au moins un élément source avait la valeur "false" et aucun élément source ne présentait de paramètre "Private" dont la valeur était "true".
         Référence primaire "System.ComponentModel.Primitives, Version=8.0.0.0, Culture=neutral, PublicKeyToken=b03f5f7f11d50a3a".
             Le chemin de fichier résolu est "C:\Program Files\dotnet\packs\Microsoft.NETCore.App.Ref\8.0.22\ref\net8.0\System.ComponentModel.Primitives.dll".
             Référence trouvée dans l'emplacement du chemin d'accès de recherche "{RawFileName}".
             Cette référence n'est pas "CopyLocal", car le paramètre "Private" d'au moins un élément source avait la valeur "false" et aucun élément source ne présentait de paramètre "Private" dont la valeur était "true".
         Référence primaire "System.ComponentModel.TypeConverter, Version=8.0.0.0, Culture=neutral, PublicKeyToken=b03f5f7f11d50a3a".
             Le chemin de fichier résolu est "C:\Program Files\dotnet\packs\Microsoft.NETCore.App.Ref\8.0.22\ref\net8.0\System.ComponentModel.TypeConverter.dll".
             Référence trouvée dans l'emplacement du chemin d'accès de recherche "{RawFileName}".
             Cette référence n'est pas "CopyLocal", car le paramètre "Private" d'au moins un élément source avait la valeur "false" et aucun élément source ne présentait de paramètre "Private" dont la valeur était "true".
         Référence primaire "System.ComponentModel, Version=8.0.0.0, Culture=neutral, PublicKeyToken=b03f5f7f11d50a3a".
             Le chemin de fichier résolu est "C:\Program Files\dotnet\packs\Microsoft.NETCore.App.Ref\8.0.22\ref\net8.0\System.ComponentModel.dll".
             Référence trouvée dans l'emplacement du chemin d'accès de recherche "{RawFileName}".
             Cette référence n'est pas "CopyLocal", car le paramètre "Private" d'au moins un élément source avait la valeur "false" et aucun élément source ne présentait de paramètre "Private" dont la valeur était "true".
         Référence primaire "System.Configuration, Version=4.0.0.0, Culture=neutral, PublicKeyToken=b03f5f7f11d50a3a".
             Le chemin de fichier résolu est "C:\Program Files\dotnet\packs\Microsoft.NETCore.App.Ref\8.0.22\ref\net8.0\System.Configuration.dll".
             Référence trouvée dans l'emplacement du chemin d'accès de recherche "{RawFileName}".
             Cette référence n'est pas "CopyLocal", car le paramètre "Private" d'au moins un élément source avait la valeur "false" et aucun élément source ne présentait de paramètre "Private" dont la valeur était "true".
         Référence primaire "System.Console, Version=8.0.0.0, Culture=neutral, PublicKeyToken=b03f5f7f11d50a3a".
             Le chemin de fichier résolu est "C:\Program Files\dotnet\packs\Microsoft.NETCore.App.Ref\8.0.22\ref\net8.0\System.Console.dll".
             Référence trouvée dans l'emplacement du chemin d'accès de recherche "{RawFileName}".
             Cette référence n'est pas "CopyLocal", car le paramètre "Private" d'au moins un élément source avait la valeur "false" et aucun élément source ne présentait de paramètre "Private" dont la valeur était "true".
         Référence primaire "System.Core, Version=4.0.0.0, Culture=neutral, PublicKeyToken=b77a5c561934e089".
             Le chemin de fichier résolu est "C:\Program Files\dotnet\packs\Microsoft.NETCore.App.Ref\8.0.22\ref\net8.0\System.Core.dll".
             Référence trouvée dans l'emplacement du chemin d'accès de recherche "{RawFileName}".
             Cette référence n'est pas "CopyLocal", car le paramètre "Private" d'au moins un élément source avait la valeur "false" et aucun élément source ne présentait de paramètre "Private" dont la valeur était "true".
         Référence primaire "System.Data.Common, Version=8.0.0.0, Culture=neutral, PublicKeyToken=b03f5f7f11d50a3a".
             Le chemin de fichier résolu est "C:\Program Files\dotnet\packs\Microsoft.NETCore.App.Ref\8.0.22\ref\net8.0\System.Data.Common.dll".
             Référence trouvée dans l'emplacement du chemin d'accès de recherche "{RawFileName}".
             Cette référence n'est pas "CopyLocal", car le paramètre "Private" d'au moins un élément source avait la valeur "false" et aucun élément source ne présentait de paramètre "Private" dont la valeur était "true".
         Référence primaire "System.Data.DataSetExtensions, Version=8.0.0.0, Culture=neutral, PublicKeyToken=b77a5c561934e089".
             Le chemin de fichier résolu est "C:\Program Files\dotnet\packs\Microsoft.NETCore.App.Ref\8.0.22\ref\net8.0\System.Data.DataSetExtensions.dll".
             Référence trouvée dans l'emplacement du chemin d'accès de recherche "{RawFileName}".
             Cette référence n'est pas "CopyLocal", car le paramètre "Private" d'au moins un élément source avait la valeur "false" et aucun élément source ne présentait de paramètre "Private" dont la valeur était "true".
         Référence primaire "System.Data, Version=4.0.0.0, Culture=neutral, PublicKeyToken=b77a5c561934e089".
             Le chemin de fichier résolu est "C:\Program Files\dotnet\packs\Microsoft.NETCore.App.Ref\8.0.22\ref\net8.0\System.Data.dll".
             Référence trouvée dans l'emplacement du chemin d'accès de recherche "{RawFileName}".
             Cette référence n'est pas "CopyLocal", car le paramètre "Private" d'au moins un élément source avait la valeur "false" et aucun élément source ne présentait de paramètre "Private" dont la valeur était "true".
         Référence primaire "System.Diagnostics.Contracts, Version=8.0.0.0, Culture=neutral, PublicKeyToken=b03f5f7f11d50a3a".
             Le chemin de fichier résolu est "C:\Program Files\dotnet\packs\Microsoft.NETCore.App.Ref\8.0.22\ref\net8.0\System.Diagnostics.Contracts.dll".
             Référence trouvée dans l'emplacement du chemin d'accès de recherche "{RawFileName}".
             Cette référence n'est pas "CopyLocal", car le paramètre "Private" d'au moins un élément source avait la valeur "false" et aucun élément source ne présentait de paramètre "Private" dont la valeur était "true".
         Référence primaire "System.Diagnostics.Debug, Version=8.0.0.0, Culture=neutral, PublicKeyToken=b03f5f7f11d50a3a".
             Le chemin de fichier résolu est "C:\Program Files\dotnet\packs\Microsoft.NETCore.App.Ref\8.0.22\ref\net8.0\System.Diagnostics.Debug.dll".
             Référence trouvée dans l'emplacement du chemin d'accès de recherche "{RawFileName}".
             Cette référence n'est pas "CopyLocal", car le paramètre "Private" d'au moins un élément source avait la valeur "false" et aucun élément source ne présentait de paramètre "Private" dont la valeur était "true".
         Référence primaire "System.Diagnostics.DiagnosticSource, Version=8.0.0.0, Culture=neutral, PublicKeyToken=cc7b13ffcd2ddd51".
             Le chemin de fichier résolu est "C:\Program Files\dotnet\packs\Microsoft.NETCore.App.Ref\8.0.22\ref\net8.0\System.Diagnostics.DiagnosticSource.dll".
             Référence trouvée dans l'emplacement du chemin d'accès de recherche "{RawFileName}".
             Cette référence n'est pas "CopyLocal", car le paramètre "Private" d'au moins un élément source avait la valeur "false" et aucun élément source ne présentait de paramètre "Private" dont la valeur était "true".
         Référence primaire "System.Diagnostics.FileVersionInfo, Version=8.0.0.0, Culture=neutral, PublicKeyToken=b03f5f7f11d50a3a".
             Le chemin de fichier résolu est "C:\Program Files\dotnet\packs\Microsoft.NETCore.App.Ref\8.0.22\ref\net8.0\System.Diagnostics.FileVersionInfo.dll".
             Référence trouvée dans l'emplacement du chemin d'accès de recherche "{RawFileName}".
             Cette référence n'est pas "CopyLocal", car le paramètre "Private" d'au moins un élément source avait la valeur "false" et aucun élément source ne présentait de paramètre "Private" dont la valeur était "true".
         Référence primaire "System.Diagnostics.Process, Version=8.0.0.0, Culture=neutral, PublicKeyToken=b03f5f7f11d50a3a".
             Le chemin de fichier résolu est "C:\Program Files\dotnet\packs\Microsoft.NETCore.App.Ref\8.0.22\ref\net8.0\System.Diagnostics.Process.dll".
             Référence trouvée dans l'emplacement du chemin d'accès de recherche "{RawFileName}".
             Cette référence n'est pas "CopyLocal", car le paramètre "Private" d'au moins un élément source avait la valeur "false" et aucun élément source ne présentait de paramètre "Private" dont la valeur était "true".
         Référence primaire "System.Diagnostics.StackTrace, Version=8.0.0.0, Culture=neutral, PublicKeyToken=b03f5f7f11d50a3a".
             Le chemin de fichier résolu est "C:\Program Files\dotnet\packs\Microsoft.NETCore.App.Ref\8.0.22\ref\net8.0\System.Diagnostics.StackTrace.dll".
             Référence trouvée dans l'emplacement du chemin d'accès de recherche "{RawFileName}".
             Cette référence n'est pas "CopyLocal", car le paramètre "Private" d'au moins un élément source avait la valeur "false" et aucun élément source ne présentait de paramètre "Private" dont la valeur était "true".
         Référence primaire "System.Diagnostics.TextWriterTraceListener, Version=8.0.0.0, Culture=neutral, PublicKeyToken=b03f5f7f11d50a3a".
             Le chemin de fichier résolu est "C:\Program Files\dotnet\packs\Microsoft.NETCore.App.Ref\8.0.22\ref\net8.0\System.Diagnostics.TextWriterTraceListener.dll".
             Référence trouvée dans l'emplacement du chemin d'accès de recherche "{RawFileName}".
             Cette référence n'est pas "CopyLocal", car le paramètre "Private" d'au moins un élément source avait la valeur "false" et aucun élément source ne présentait de paramètre "Private" dont la valeur était "true".
         Référence primaire "System.Diagnostics.Tools, Version=8.0.0.0, Culture=neutral, PublicKeyToken=b03f5f7f11d50a3a".
             Le chemin de fichier résolu est "C:\Program Files\dotnet\packs\Microsoft.NETCore.App.Ref\8.0.22\ref\net8.0\System.Diagnostics.Tools.dll".
             Référence trouvée dans l'emplacement du chemin d'accès de recherche "{RawFileName}".
             Cette référence n'est pas "CopyLocal", car le paramètre "Private" d'au moins un élément source avait la valeur "false" et aucun élément source ne présentait de paramètre "Private" dont la valeur était "true".
         Référence primaire "System.Diagnostics.TraceSource, Version=8.0.0.0, Culture=neutral, PublicKeyToken=b03f5f7f11d50a3a".
             Le chemin de fichier résolu est "C:\Program Files\dotnet\packs\Microsoft.NETCore.App.Ref\8.0.22\ref\net8.0\System.Diagnostics.TraceSource.dll".
             Référence trouvée dans l'emplacement du chemin d'accès de recherche "{RawFileName}".
             Cette référence n'est pas "CopyLocal", car le paramètre "Private" d'au moins un élément source avait la valeur "false" et aucun élément source ne présentait de paramètre "Private" dont la valeur était "true".
         Référence primaire "System.Diagnostics.Tracing, Version=8.0.0.0, Culture=neutral, PublicKeyToken=b03f5f7f11d50a3a".
             Le chemin de fichier résolu est "C:\Program Files\dotnet\packs\Microsoft.NETCore.App.Ref\8.0.22\ref\net8.0\System.Diagnostics.Tracing.dll".
             Référence trouvée dans l'emplacement du chemin d'accès de recherche "{RawFileName}".
             Cette référence n'est pas "CopyLocal", car le paramètre "Private" d'au moins un élément source avait la valeur "false" et aucun élément source ne présentait de paramètre "Private" dont la valeur était "true".
         Référence primaire "System.Drawing.Primitives, Version=8.0.0.0, Culture=neutral, PublicKeyToken=b03f5f7f11d50a3a".
             Le chemin de fichier résolu est "C:\Program Files\dotnet\packs\Microsoft.NETCore.App.Ref\8.0.22\ref\net8.0\System.Drawing.Primitives.dll".
             Référence trouvée dans l'emplacement du chemin d'accès de recherche "{RawFileName}".
             Cette référence n'est pas "CopyLocal", car le paramètre "Private" d'au moins un élément source avait la valeur "false" et aucun élément source ne présentait de paramètre "Private" dont la valeur était "true".
         Référence primaire "System.Drawing, Version=4.0.0.0, Culture=neutral, PublicKeyToken=b03f5f7f11d50a3a".
             Le chemin de fichier résolu est "C:\Program Files\dotnet\packs\Microsoft.NETCore.App.Ref\8.0.22\ref\net8.0\System.Drawing.dll".
             Référence trouvée dans l'emplacement du chemin d'accès de recherche "{RawFileName}".
             Cette référence n'est pas "CopyLocal", car le paramètre "Private" d'au moins un élément source avait la valeur "false" et aucun élément source ne présentait de paramètre "Private" dont la valeur était "true".
         Référence primaire "System.Dynamic.Runtime, Version=8.0.0.0, Culture=neutral, PublicKeyToken=b03f5f7f11d50a3a".
             Le chemin de fichier résolu est "C:\Program Files\dotnet\packs\Microsoft.NETCore.App.Ref\8.0.22\ref\net8.0\System.Dynamic.Runtime.dll".
             Référence trouvée dans l'emplacement du chemin d'accès de recherche "{RawFileName}".
             Cette référence n'est pas "CopyLocal", car le paramètre "Private" d'au moins un élément source avait la valeur "false" et aucun élément source ne présentait de paramètre "Private" dont la valeur était "true".
         Référence primaire "System.Formats.Asn1, Version=8.0.0.0, Culture=neutral, PublicKeyToken=cc7b13ffcd2ddd51".
             Le chemin de fichier résolu est "C:\Program Files\dotnet\packs\Microsoft.NETCore.App.Ref\8.0.22\ref\net8.0\System.Formats.Asn1.dll".
             Référence trouvée dans l'emplacement du chemin d'accès de recherche "{RawFileName}".
             Cette référence n'est pas "CopyLocal", car le paramètre "Private" d'au moins un élément source avait la valeur "false" et aucun élément source ne présentait de paramètre "Private" dont la valeur était "true".
         Référence primaire "System.Formats.Tar, Version=8.0.0.0, Culture=neutral, PublicKeyToken=cc7b13ffcd2ddd51".
             Le chemin de fichier résolu est "C:\Program Files\dotnet\packs\Microsoft.NETCore.App.Ref\8.0.22\ref\net8.0\System.Formats.Tar.dll".
             Référence trouvée dans l'emplacement du chemin d'accès de recherche "{RawFileName}".
             Cette référence n'est pas "CopyLocal", car le paramètre "Private" d'au moins un élément source avait la valeur "false" et aucun élément source ne présentait de paramètre "Private" dont la valeur était "true".
         Référence primaire "System.Globalization.Calendars, Version=8.0.0.0, Culture=neutral, PublicKeyToken=b03f5f7f11d50a3a".
             Le chemin de fichier résolu est "C:\Program Files\dotnet\packs\Microsoft.NETCore.App.Ref\8.0.22\ref\net8.0\System.Globalization.Calendars.dll".
             Référence trouvée dans l'emplacement du chemin d'accès de recherche "{RawFileName}".
             Cette référence n'est pas "CopyLocal", car le paramètre "Private" d'au moins un élément source avait la valeur "false" et aucun élément source ne présentait de paramètre "Private" dont la valeur était "true".
         Référence primaire "System.Globalization.Extensions, Version=8.0.0.0, Culture=neutral, PublicKeyToken=b03f5f7f11d50a3a".
             Le chemin de fichier résolu est "C:\Program Files\dotnet\packs\Microsoft.NETCore.App.Ref\8.0.22\ref\net8.0\System.Globalization.Extensions.dll".
             Référence trouvée dans l'emplacement du chemin d'accès de recherche "{RawFileName}".
             Cette référence n'est pas "CopyLocal", car le paramètre "Private" d'au moins un élément source avait la valeur "false" et aucun élément source ne présentait de paramètre "Private" dont la valeur était "true".
         Référence primaire "System.Globalization, Version=8.0.0.0, Culture=neutral, PublicKeyToken=b03f5f7f11d50a3a".
             Le chemin de fichier résolu est "C:\Program Files\dotnet\packs\Microsoft.NETCore.App.Ref\8.0.22\ref\net8.0\System.Globalization.dll".
             Référence trouvée dans l'emplacement du chemin d'accès de recherche "{RawFileName}".
             Cette référence n'est pas "CopyLocal", car le paramètre "Private" d'au moins un élément source avait la valeur "false" et aucun élément source ne présentait de paramètre "Private" dont la valeur était "true".
         Référence primaire "System.IO.Compression.Brotli, Version=8.0.0.0, Culture=neutral, PublicKeyToken=b77a5c561934e089".
             Le chemin de fichier résolu est "C:\Program Files\dotnet\packs\Microsoft.NETCore.App.Ref\8.0.22\ref\net8.0\System.IO.Compression.Brotli.dll".
             Référence trouvée dans l'emplacement du chemin d'accès de recherche "{RawFileName}".
             Cette référence n'est pas "CopyLocal", car le paramètre "Private" d'au moins un élément source avait la valeur "false" et aucun élément source ne présentait de paramètre "Private" dont la valeur était "true".
         Référence primaire "System.IO.Compression.FileSystem, Version=4.0.0.0, Culture=neutral, PublicKeyToken=b77a5c561934e089".
             Le chemin de fichier résolu est "C:\Program Files\dotnet\packs\Microsoft.NETCore.App.Ref\8.0.22\ref\net8.0\System.IO.Compression.FileSystem.dll".
             Référence trouvée dans l'emplacement du chemin d'accès de recherche "{RawFileName}".
             Cette référence n'est pas "CopyLocal", car le paramètre "Private" d'au moins un élément source avait la valeur "false" et aucun élément source ne présentait de paramètre "Private" dont la valeur était "true".
         Référence primaire "System.IO.Compression.ZipFile, Version=8.0.0.0, Culture=neutral, PublicKeyToken=b77a5c561934e089".
             Le chemin de fichier résolu est "C:\Program Files\dotnet\packs\Microsoft.NETCore.App.Ref\8.0.22\ref\net8.0\System.IO.Compression.ZipFile.dll".
             Référence trouvée dans l'emplacement du chemin d'accès de recherche "{RawFileName}".
             Cette référence n'est pas "CopyLocal", car le paramètre "Private" d'au moins un élément source avait la valeur "false" et aucun élément source ne présentait de paramètre "Private" dont la valeur était "true".
         Référence primaire "System.IO.Compression, Version=8.0.0.0, Culture=neutral, PublicKeyToken=b77a5c561934e089".
             Le chemin de fichier résolu est "C:\Program Files\dotnet\packs\Microsoft.NETCore.App.Ref\8.0.22\ref\net8.0\System.IO.Compression.dll".
             Référence trouvée dans l'emplacement du chemin d'accès de recherche "{RawFileName}".
             Cette référence n'est pas "CopyLocal", car le paramètre "Private" d'au moins un élément source avait la valeur "false" et aucun élément source ne présentait de paramètre "Private" dont la valeur était "true".
         Référence primaire "System.IO.FileSystem.AccessControl, Version=8.0.0.0, Culture=neutral, PublicKeyToken=b03f5f7f11d50a3a".
             Le chemin de fichier résolu est "C:\Program Files\dotnet\packs\Microsoft.NETCore.App.Ref\8.0.22\ref\net8.0\System.IO.FileSystem.AccessControl.dll".
             Référence trouvée dans l'emplacement du chemin d'accès de recherche "{RawFileName}".
             Cette référence n'est pas "CopyLocal", car le paramètre "Private" d'au moins un élément source avait la valeur "false" et aucun élément source ne présentait de paramètre "Private" dont la valeur était "true".
         Référence primaire "System.IO.FileSystem.DriveInfo, Version=8.0.0.0, Culture=neutral, PublicKeyToken=b03f5f7f11d50a3a".
             Le chemin de fichier résolu est "C:\Program Files\dotnet\packs\Microsoft.NETCore.App.Ref\8.0.22\ref\net8.0\System.IO.FileSystem.DriveInfo.dll".
             Référence trouvée dans l'emplacement du chemin d'accès de recherche "{RawFileName}".
             Cette référence n'est pas "CopyLocal", car le paramètre "Private" d'au moins un élément source avait la valeur "false" et aucun élément source ne présentait de paramètre "Private" dont la valeur était "true".
         Référence primaire "System.IO.FileSystem.Primitives, Version=8.0.0.0, Culture=neutral, PublicKeyToken=b03f5f7f11d50a3a".
             Le chemin de fichier résolu est "C:\Program Files\dotnet\packs\Microsoft.NETCore.App.Ref\8.0.22\ref\net8.0\System.IO.FileSystem.Primitives.dll".
             Référence trouvée dans l'emplacement du chemin d'accès de recherche "{RawFileName}".
             Cette référence n'est pas "CopyLocal", car le paramètre "Private" d'au moins un élément source avait la valeur "false" et aucun élément source ne présentait de paramètre "Private" dont la valeur était "true".
         Référence primaire "System.IO.FileSystem.Watcher, Version=8.0.0.0, Culture=neutral, PublicKeyToken=b03f5f7f11d50a3a".
             Le chemin de fichier résolu est "C:\Program Files\dotnet\packs\Microsoft.NETCore.App.Ref\8.0.22\ref\net8.0\System.IO.FileSystem.Watcher.dll".
             Référence trouvée dans l'emplacement du chemin d'accès de recherche "{RawFileName}".
             Cette référence n'est pas "CopyLocal", car le paramètre "Private" d'au moins un élément source avait la valeur "false" et aucun élément source ne présentait de paramètre "Private" dont la valeur était "true".
         Référence primaire "System.IO.FileSystem, Version=8.0.0.0, Culture=neutral, PublicKeyToken=b03f5f7f11d50a3a".
             Le chemin de fichier résolu est "C:\Program Files\dotnet\packs\Microsoft.NETCore.App.Ref\8.0.22\ref\net8.0\System.IO.FileSystem.dll".
             Référence trouvée dans l'emplacement du chemin d'accès de recherche "{RawFileName}".
             Cette référence n'est pas "CopyLocal", car le paramètre "Private" d'au moins un élément source avait la valeur "false" et aucun élément source ne présentait de paramètre "Private" dont la valeur était "true".
         Référence primaire "System.IO.IsolatedStorage, Version=8.0.0.0, Culture=neutral, PublicKeyToken=b03f5f7f11d50a3a".
             Le chemin de fichier résolu est "C:\Program Files\dotnet\packs\Microsoft.NETCore.App.Ref\8.0.22\ref\net8.0\System.IO.IsolatedStorage.dll".
             Référence trouvée dans l'emplacement du chemin d'accès de recherche "{RawFileName}".
             Cette référence n'est pas "CopyLocal", car le paramètre "Private" d'au moins un élément source avait la valeur "false" et aucun élément source ne présentait de paramètre "Private" dont la valeur était "true".
         Référence primaire "System.IO.MemoryMappedFiles, Version=8.0.0.0, Culture=neutral, PublicKeyToken=b03f5f7f11d50a3a".
             Le chemin de fichier résolu est "C:\Program Files\dotnet\packs\Microsoft.NETCore.App.Ref\8.0.22\ref\net8.0\System.IO.MemoryMappedFiles.dll".
             Référence trouvée dans l'emplacement du chemin d'accès de recherche "{RawFileName}".
             Cette référence n'est pas "CopyLocal", car le paramètre "Private" d'au moins un élément source avait la valeur "false" et aucun élément source ne présentait de paramètre "Private" dont la valeur était "true".
         Référence primaire "System.IO.Pipes.AccessControl, Version=8.0.0.0, Culture=neutral, PublicKeyToken=b03f5f7f11d50a3a".
             Le chemin de fichier résolu est "C:\Program Files\dotnet\packs\Microsoft.NETCore.App.Ref\8.0.22\ref\net8.0\System.IO.Pipes.AccessControl.dll".
             Référence trouvée dans l'emplacement du chemin d'accès de recherche "{RawFileName}".
             Cette référence n'est pas "CopyLocal", car le paramètre "Private" d'au moins un élément source avait la valeur "false" et aucun élément source ne présentait de paramètre "Private" dont la valeur était "true".
         Référence primaire "System.IO.Pipes, Version=8.0.0.0, Culture=neutral, PublicKeyToken=b03f5f7f11d50a3a".
             Le chemin de fichier résolu est "C:\Program Files\dotnet\packs\Microsoft.NETCore.App.Ref\8.0.22\ref\net8.0\System.IO.Pipes.dll".
             Référence trouvée dans l'emplacement du chemin d'accès de recherche "{RawFileName}".
             Cette référence n'est pas "CopyLocal", car le paramètre "Private" d'au moins un élément source avait la valeur "false" et aucun élément source ne présentait de paramètre "Private" dont la valeur était "true".
         Référence primaire "System.IO.UnmanagedMemoryStream, Version=8.0.0.0, Culture=neutral, PublicKeyToken=b03f5f7f11d50a3a".
             Le chemin de fichier résolu est "C:\Program Files\dotnet\packs\Microsoft.NETCore.App.Ref\8.0.22\ref\net8.0\System.IO.UnmanagedMemoryStream.dll".
             Référence trouvée dans l'emplacement du chemin d'accès de recherche "{RawFileName}".
             Cette référence n'est pas "CopyLocal", car le paramètre "Private" d'au moins un élément source avait la valeur "false" et aucun élément source ne présentait de paramètre "Private" dont la valeur était "true".
         Référence primaire "System.IO, Version=8.0.0.0, Culture=neutral, PublicKeyToken=b03f5f7f11d50a3a".
             Le chemin de fichier résolu est "C:\Program Files\dotnet\packs\Microsoft.NETCore.App.Ref\8.0.22\ref\net8.0\System.IO.dll".
             Référence trouvée dans l'emplacement du chemin d'accès de recherche "{RawFileName}".
             Cette référence n'est pas "CopyLocal", car le paramètre "Private" d'au moins un élément source avait la valeur "false" et aucun élément source ne présentait de paramètre "Private" dont la valeur était "true".
         Référence primaire "System.Linq.Expressions, Version=8.0.0.0, Culture=neutral, PublicKeyToken=b03f5f7f11d50a3a".
             Le chemin de fichier résolu est "C:\Program Files\dotnet\packs\Microsoft.NETCore.App.Ref\8.0.22\ref\net8.0\System.Linq.Expressions.dll".
             Référence trouvée dans l'emplacement du chemin d'accès de recherche "{RawFileName}".
             Cette référence n'est pas "CopyLocal", car le paramètre "Private" d'au moins un élément source avait la valeur "false" et aucun élément source ne présentait de paramètre "Private" dont la valeur était "true".
         Référence primaire "System.Linq.Parallel, Version=8.0.0.0, Culture=neutral, PublicKeyToken=b03f5f7f11d50a3a".
             Le chemin de fichier résolu est "C:\Program Files\dotnet\packs\Microsoft.NETCore.App.Ref\8.0.22\ref\net8.0\System.Linq.Parallel.dll".
             Référence trouvée dans l'emplacement du chemin d'accès de recherche "{RawFileName}".
             Cette référence n'est pas "CopyLocal", car le paramètre "Private" d'au moins un élément source avait la valeur "false" et aucun élément source ne présentait de paramètre "Private" dont la valeur était "true".
         Référence primaire "System.Linq.Queryable, Version=8.0.0.0, Culture=neutral, PublicKeyToken=b03f5f7f11d50a3a".
             Le chemin de fichier résolu est "C:\Program Files\dotnet\packs\Microsoft.NETCore.App.Ref\8.0.22\ref\net8.0\System.Linq.Queryable.dll".
             Référence trouvée dans l'emplacement du chemin d'accès de recherche "{RawFileName}".
             Cette référence n'est pas "CopyLocal", car le paramètre "Private" d'au moins un élément source avait la valeur "false" et aucun élément source ne présentait de paramètre "Private" dont la valeur était "true".
         Référence primaire "System.Linq, Version=8.0.0.0, Culture=neutral, PublicKeyToken=b03f5f7f11d50a3a".
             Le chemin de fichier résolu est "C:\Program Files\dotnet\packs\Microsoft.NETCore.App.Ref\8.0.22\ref\net8.0\System.Linq.dll".
             Référence trouvée dans l'emplacement du chemin d'accès de recherche "{RawFileName}".
             Cette référence n'est pas "CopyLocal", car le paramètre "Private" d'au moins un élément source avait la valeur "false" et aucun élément source ne présentait de paramètre "Private" dont la valeur était "true".
         Référence primaire "System.Memory, Version=8.0.0.0, Culture=neutral, PublicKeyToken=cc7b13ffcd2ddd51".
             Le chemin de fichier résolu est "C:\Program Files\dotnet\packs\Microsoft.NETCore.App.Ref\8.0.22\ref\net8.0\System.Memory.dll".
             Référence trouvée dans l'emplacement du chemin d'accès de recherche "{RawFileName}".
             Cette référence n'est pas "CopyLocal", car le paramètre "Private" d'au moins un élément source avait la valeur "false" et aucun élément source ne présentait de paramètre "Private" dont la valeur était "true".
         Référence primaire "System.Net.Http.Json, Version=8.0.0.0, Culture=neutral, PublicKeyToken=cc7b13ffcd2ddd51".
             Le chemin de fichier résolu est "C:\Program Files\dotnet\packs\Microsoft.NETCore.App.Ref\8.0.22\ref\net8.0\System.Net.Http.Json.dll".
             Référence trouvée dans l'emplacement du chemin d'accès de recherche "{RawFileName}".
             Cette référence n'est pas "CopyLocal", car le paramètre "Private" d'au moins un élément source avait la valeur "false" et aucun élément source ne présentait de paramètre "Private" dont la valeur était "true".
         Référence primaire "System.Net.Http, Version=8.0.0.0, Culture=neutral, PublicKeyToken=b03f5f7f11d50a3a".
             Le chemin de fichier résolu est "C:\Program Files\dotnet\packs\Microsoft.NETCore.App.Ref\8.0.22\ref\net8.0\System.Net.Http.dll".
             Référence trouvée dans l'emplacement du chemin d'accès de recherche "{RawFileName}".
             Cette référence n'est pas "CopyLocal", car le paramètre "Private" d'au moins un élément source avait la valeur "false" et aucun élément source ne présentait de paramètre "Private" dont la valeur était "true".
         Référence primaire "System.Net.HttpListener, Version=8.0.0.0, Culture=neutral, PublicKeyToken=cc7b13ffcd2ddd51".
             Le chemin de fichier résolu est "C:\Program Files\dotnet\packs\Microsoft.NETCore.App.Ref\8.0.22\ref\net8.0\System.Net.HttpListener.dll".
             Référence trouvée dans l'emplacement du chemin d'accès de recherche "{RawFileName}".
             Cette référence n'est pas "CopyLocal", car le paramètre "Private" d'au moins un élément source avait la valeur "false" et aucun élément source ne présentait de paramètre "Private" dont la valeur était "true".
         Référence primaire "System.Net.Mail, Version=8.0.0.0, Culture=neutral, PublicKeyToken=cc7b13ffcd2ddd51".
             Le chemin de fichier résolu est "C:\Program Files\dotnet\packs\Microsoft.NETCore.App.Ref\8.0.22\ref\net8.0\System.Net.Mail.dll".
             Référence trouvée dans l'emplacement du chemin d'accès de recherche "{RawFileName}".
             Cette référence n'est pas "CopyLocal", car le paramètre "Private" d'au moins un élément source avait la valeur "false" et aucun élément source ne présentait de paramètre "Private" dont la valeur était "true".
         Référence primaire "System.Net.NameResolution, Version=8.0.0.0, Culture=neutral, PublicKeyToken=b03f5f7f11d50a3a".
             Le chemin de fichier résolu est "C:\Program Files\dotnet\packs\Microsoft.NETCore.App.Ref\8.0.22\ref\net8.0\System.Net.NameResolution.dll".
             Référence trouvée dans l'emplacement du chemin d'accès de recherche "{RawFileName}".
             Cette référence n'est pas "CopyLocal", car le paramètre "Private" d'au moins un élément source avait la valeur "false" et aucun élément source ne présentait de paramètre "Private" dont la valeur était "true".
         Référence primaire "System.Net.NetworkInformation, Version=8.0.0.0, Culture=neutral, PublicKeyToken=b03f5f7f11d50a3a".
             Le chemin de fichier résolu est "C:\Program Files\dotnet\packs\Microsoft.NETCore.App.Ref\8.0.22\ref\net8.0\System.Net.NetworkInformation.dll".
             Référence trouvée dans l'emplacement du chemin d'accès de recherche "{RawFileName}".
             Cette référence n'est pas "CopyLocal", car le paramètre "Private" d'au moins un élément source avait la valeur "false" et aucun élément source ne présentait de paramètre "Private" dont la valeur était "true".
         Référence primaire "System.Net.Ping, Version=8.0.0.0, Culture=neutral, PublicKeyToken=b03f5f7f11d50a3a".
             Le chemin de fichier résolu est "C:\Program Files\dotnet\packs\Microsoft.NETCore.App.Ref\8.0.22\ref\net8.0\System.Net.Ping.dll".
             Référence trouvée dans l'emplacement du chemin d'accès de recherche "{RawFileName}".
             Cette référence n'est pas "CopyLocal", car le paramètre "Private" d'au moins un élément source avait la valeur "false" et aucun élément source ne présentait de paramètre "Private" dont la valeur était "true".
         Référence primaire "System.Net.Primitives, Version=8.0.0.0, Culture=neutral, PublicKeyToken=b03f5f7f11d50a3a".
             Le chemin de fichier résolu est "C:\Program Files\dotnet\packs\Microsoft.NETCore.App.Ref\8.0.22\ref\net8.0\System.Net.Primitives.dll".
             Référence trouvée dans l'emplacement du chemin d'accès de recherche "{RawFileName}".
             Cette référence n'est pas "CopyLocal", car le paramètre "Private" d'au moins un élément source avait la valeur "false" et aucun élément source ne présentait de paramètre "Private" dont la valeur était "true".
         Référence primaire "System.Net.Quic, Version=8.0.0.0, Culture=neutral, PublicKeyToken=b03f5f7f11d50a3a".
             Le chemin de fichier résolu est "C:\Program Files\dotnet\packs\Microsoft.NETCore.App.Ref\8.0.22\ref\net8.0\System.Net.Quic.dll".
             Référence trouvée dans l'emplacement du chemin d'accès de recherche "{RawFileName}".
             Cette référence n'est pas "CopyLocal", car le paramètre "Private" d'au moins un élément source avait la valeur "false" et aucun élément source ne présentait de paramètre "Private" dont la valeur était "true".
         Référence primaire "System.Net.Requests, Version=8.0.0.0, Culture=neutral, PublicKeyToken=b03f5f7f11d50a3a".
             Le chemin de fichier résolu est "C:\Program Files\dotnet\packs\Microsoft.NETCore.App.Ref\8.0.22\ref\net8.0\System.Net.Requests.dll".
             Référence trouvée dans l'emplacement du chemin d'accès de recherche "{RawFileName}".
             Cette référence n'est pas "CopyLocal", car le paramètre "Private" d'au moins un élément source avait la valeur "false" et aucun élément source ne présentait de paramètre "Private" dont la valeur était "true".
         Référence primaire "System.Net.Security, Version=8.0.0.0, Culture=neutral, PublicKeyToken=b03f5f7f11d50a3a".
             Le chemin de fichier résolu est "C:\Program Files\dotnet\packs\Microsoft.NETCore.App.Ref\8.0.22\ref\net8.0\System.Net.Security.dll".
             Référence trouvée dans l'emplacement du chemin d'accès de recherche "{RawFileName}".
             Cette référence n'est pas "CopyLocal", car le paramètre "Private" d'au moins un élément source avait la valeur "false" et aucun élément source ne présentait de paramètre "Private" dont la valeur était "true".
         Référence primaire "System.Net.ServicePoint, Version=8.0.0.0, Culture=neutral, PublicKeyToken=cc7b13ffcd2ddd51".
             Le chemin de fichier résolu est "C:\Program Files\dotnet\packs\Microsoft.NETCore.App.Ref\8.0.22\ref\net8.0\System.Net.ServicePoint.dll".
             Référence trouvée dans l'emplacement du chemin d'accès de recherche "{RawFileName}".
             Cette référence n'est pas "CopyLocal", car le paramètre "Private" d'au moins un élément source avait la valeur "false" et aucun élément source ne présentait de paramètre "Private" dont la valeur était "true".
         Référence primaire "System.Net.Sockets, Version=8.0.0.0, Culture=neutral, PublicKeyToken=b03f5f7f11d50a3a".
             Le chemin de fichier résolu est "C:\Program Files\dotnet\packs\Microsoft.NETCore.App.Ref\8.0.22\ref\net8.0\System.Net.Sockets.dll".
             Référence trouvée dans l'emplacement du chemin d'accès de recherche "{RawFileName}".
             Cette référence n'est pas "CopyLocal", car le paramètre "Private" d'au moins un élément source avait la valeur "false" et aucun élément source ne présentait de paramètre "Private" dont la valeur était "true".
         Référence primaire "System.Net.WebClient, Version=8.0.0.0, Culture=neutral, PublicKeyToken=cc7b13ffcd2ddd51".
             Le chemin de fichier résolu est "C:\Program Files\dotnet\packs\Microsoft.NETCore.App.Ref\8.0.22\ref\net8.0\System.Net.WebClient.dll".
             Référence trouvée dans l'emplacement du chemin d'accès de recherche "{RawFileName}".
             Cette référence n'est pas "CopyLocal", car le paramètre "Private" d'au moins un élément source avait la valeur "false" et aucun élément source ne présentait de paramètre "Private" dont la valeur était "true".
         Référence primaire "System.Net.WebHeaderCollection, Version=8.0.0.0, Culture=neutral, PublicKeyToken=b03f5f7f11d50a3a".
             Le chemin de fichier résolu est "C:\Program Files\dotnet\packs\Microsoft.NETCore.App.Ref\8.0.22\ref\net8.0\System.Net.WebHeaderCollection.dll".
             Référence trouvée dans l'emplacement du chemin d'accès de recherche "{RawFileName}".
             Cette référence n'est pas "CopyLocal", car le paramètre "Private" d'au moins un élément source avait la valeur "false" et aucun élément source ne présentait de paramètre "Private" dont la valeur était "true".
         Référence primaire "System.Net.WebProxy, Version=8.0.0.0, Culture=neutral, PublicKeyToken=cc7b13ffcd2ddd51".
             Le chemin de fichier résolu est "C:\Program Files\dotnet\packs\Microsoft.NETCore.App.Ref\8.0.22\ref\net8.0\System.Net.WebProxy.dll".
             Référence trouvée dans l'emplacement du chemin d'accès de recherche "{RawFileName}".
             Cette référence n'est pas "CopyLocal", car le paramètre "Private" d'au moins un élément source avait la valeur "false" et aucun élément source ne présentait de paramètre "Private" dont la valeur était "true".
         Référence primaire "System.Net.WebSockets.Client, Version=8.0.0.0, Culture=neutral, PublicKeyToken=b03f5f7f11d50a3a".
             Le chemin de fichier résolu est "C:\Program Files\dotnet\packs\Microsoft.NETCore.App.Ref\8.0.22\ref\net8.0\System.Net.WebSockets.Client.dll".
             Référence trouvée dans l'emplacement du chemin d'accès de recherche "{RawFileName}".
             Cette référence n'est pas "CopyLocal", car le paramètre "Private" d'au moins un élément source avait la valeur "false" et aucun élément source ne présentait de paramètre "Private" dont la valeur était "true".
         Référence primaire "System.Net.WebSockets, Version=8.0.0.0, Culture=neutral, PublicKeyToken=b03f5f7f11d50a3a".
             Le chemin de fichier résolu est "C:\Program Files\dotnet\packs\Microsoft.NETCore.App.Ref\8.0.22\ref\net8.0\System.Net.WebSockets.dll".
             Référence trouvée dans l'emplacement du chemin d'accès de recherche "{RawFileName}".
             Cette référence n'est pas "CopyLocal", car le paramètre "Private" d'au moins un élément source avait la valeur "false" et aucun élément source ne présentait de paramètre "Private" dont la valeur était "true".
         Référence primaire "System.Net, Version=4.0.0.0, Culture=neutral, PublicKeyToken=b03f5f7f11d50a3a".
             Le chemin de fichier résolu est "C:\Program Files\dotnet\packs\Microsoft.NETCore.App.Ref\8.0.22\ref\net8.0\System.Net.dll".
             Référence trouvée dans l'emplacement du chemin d'accès de recherche "{RawFileName}".
             Cette référence n'est pas "CopyLocal", car le paramètre "Private" d'au moins un élément source avait la valeur "false" et aucun élément source ne présentait de paramètre "Private" dont la valeur était "true".
         Référence primaire "System.Numerics.Vectors, Version=8.0.0.0, Culture=neutral, PublicKeyToken=b03f5f7f11d50a3a".
             Le chemin de fichier résolu est "C:\Program Files\dotnet\packs\Microsoft.NETCore.App.Ref\8.0.22\ref\net8.0\System.Numerics.Vectors.dll".
             Référence trouvée dans l'emplacement du chemin d'accès de recherche "{RawFileName}".
             Cette référence n'est pas "CopyLocal", car le paramètre "Private" d'au moins un élément source avait la valeur "false" et aucun élément source ne présentait de paramètre "Private" dont la valeur était "true".
         Référence primaire "System.Numerics, Version=4.0.0.0, Culture=neutral, PublicKeyToken=b77a5c561934e089".
             Le chemin de fichier résolu est "C:\Program Files\dotnet\packs\Microsoft.NETCore.App.Ref\8.0.22\ref\net8.0\System.Numerics.dll".
             Référence trouvée dans l'emplacement du chemin d'accès de recherche "{RawFileName}".
             Cette référence n'est pas "CopyLocal", car le paramètre "Private" d'au moins un élément source avait la valeur "false" et aucun élément source ne présentait de paramètre "Private" dont la valeur était "true".
         Référence primaire "System.ObjectModel, Version=8.0.0.0, Culture=neutral, PublicKeyToken=b03f5f7f11d50a3a".
             Le chemin de fichier résolu est "C:\Program Files\dotnet\packs\Microsoft.NETCore.App.Ref\8.0.22\ref\net8.0\System.ObjectModel.dll".
             Référence trouvée dans l'emplacement du chemin d'accès de recherche "{RawFileName}".
             Cette référence n'est pas "CopyLocal", car le paramètre "Private" d'au moins un élément source avait la valeur "false" et aucun élément source ne présentait de paramètre "Private" dont la valeur était "true".
         Référence primaire "System.Reflection.DispatchProxy, Version=8.0.0.0, Culture=neutral, PublicKeyToken=b03f5f7f11d50a3a".
             Le chemin de fichier résolu est "C:\Program Files\dotnet\packs\Microsoft.NETCore.App.Ref\8.0.22\ref\net8.0\System.Reflection.DispatchProxy.dll".
             Référence trouvée dans l'emplacement du chemin d'accès de recherche "{RawFileName}".
             Cette référence n'est pas "CopyLocal", car le paramètre "Private" d'au moins un élément source avait la valeur "false" et aucun élément source ne présentait de paramètre "Private" dont la valeur était "true".
         Référence primaire "System.Reflection.Emit.ILGeneration, Version=8.0.0.0, Culture=neutral, PublicKeyToken=b03f5f7f11d50a3a".
             Le chemin de fichier résolu est "C:\Program Files\dotnet\packs\Microsoft.NETCore.App.Ref\8.0.22\ref\net8.0\System.Reflection.Emit.ILGeneration.dll".
             Référence trouvée dans l'emplacement du chemin d'accès de recherche "{RawFileName}".
             Cette référence n'est pas "CopyLocal", car le paramètre "Private" d'au moins un élément source avait la valeur "false" et aucun élément source ne présentait de paramètre "Private" dont la valeur était "true".
         Référence primaire "System.Reflection.Emit.Lightweight, Version=8.0.0.0, Culture=neutral, PublicKeyToken=b03f5f7f11d50a3a".
             Le chemin de fichier résolu est "C:\Program Files\dotnet\packs\Microsoft.NETCore.App.Ref\8.0.22\ref\net8.0\System.Reflection.Emit.Lightweight.dll".
             Référence trouvée dans l'emplacement du chemin d'accès de recherche "{RawFileName}".
             Cette référence n'est pas "CopyLocal", car le paramètre "Private" d'au moins un élément source avait la valeur "false" et aucun élément source ne présentait de paramètre "Private" dont la valeur était "true".
         Référence primaire "System.Reflection.Emit, Version=8.0.0.0, Culture=neutral, PublicKeyToken=b03f5f7f11d50a3a".
             Le chemin de fichier résolu est "C:\Program Files\dotnet\packs\Microsoft.NETCore.App.Ref\8.0.22\ref\net8.0\System.Reflection.Emit.dll".
             Référence trouvée dans l'emplacement du chemin d'accès de recherche "{RawFileName}".
             Cette référence n'est pas "CopyLocal", car le paramètre "Private" d'au moins un élément source avait la valeur "false" et aucun élément source ne présentait de paramètre "Private" dont la valeur était "true".
         Référence primaire "System.Reflection.Extensions, Version=8.0.0.0, Culture=neutral, PublicKeyToken=b03f5f7f11d50a3a".
             Le chemin de fichier résolu est "C:\Program Files\dotnet\packs\Microsoft.NETCore.App.Ref\8.0.22\ref\net8.0\System.Reflection.Extensions.dll".
             Référence trouvée dans l'emplacement du chemin d'accès de recherche "{RawFileName}".
             Cette référence n'est pas "CopyLocal", car le paramètre "Private" d'au moins un élément source avait la valeur "false" et aucun élément source ne présentait de paramètre "Private" dont la valeur était "true".
         Référence primaire "System.Reflection.Metadata, Version=8.0.0.0, Culture=neutral, PublicKeyToken=b03f5f7f11d50a3a".
             Le chemin de fichier résolu est "C:\Program Files\dotnet\packs\Microsoft.NETCore.App.Ref\8.0.22\ref\net8.0\System.Reflection.Metadata.dll".
             Référence trouvée dans l'emplacement du chemin d'accès de recherche "{RawFileName}".
             Cette référence n'est pas "CopyLocal", car le paramètre "Private" d'au moins un élément source avait la valeur "false" et aucun élément source ne présentait de paramètre "Private" dont la valeur était "true".
         Référence primaire "System.Reflection.Primitives, Version=8.0.0.0, Culture=neutral, PublicKeyToken=b03f5f7f11d50a3a".
             Le chemin de fichier résolu est "C:\Program Files\dotnet\packs\Microsoft.NETCore.App.Ref\8.0.22\ref\net8.0\System.Reflection.Primitives.dll".
             Référence trouvée dans l'emplacement du chemin d'accès de recherche "{RawFileName}".
             Cette référence n'est pas "CopyLocal", car le paramètre "Private" d'au moins un élément source avait la valeur "false" et aucun élément source ne présentait de paramètre "Private" dont la valeur était "true".
         Référence primaire "System.Reflection.TypeExtensions, Version=8.0.0.0, Culture=neutral, PublicKeyToken=b03f5f7f11d50a3a".
             Le chemin de fichier résolu est "C:\Program Files\dotnet\packs\Microsoft.NETCore.App.Ref\8.0.22\ref\net8.0\System.Reflection.TypeExtensions.dll".
             Référence trouvée dans l'emplacement du chemin d'accès de recherche "{RawFileName}".
             Cette référence n'est pas "CopyLocal", car le paramètre "Private" d'au moins un élément source avait la valeur "false" et aucun élément source ne présentait de paramètre "Private" dont la valeur était "true".
         Référence primaire "System.Reflection, Version=8.0.0.0, Culture=neutral, PublicKeyToken=b03f5f7f11d50a3a".
             Le chemin de fichier résolu est "C:\Program Files\dotnet\packs\Microsoft.NETCore.App.Ref\8.0.22\ref\net8.0\System.Reflection.dll".
             Référence trouvée dans l'emplacement du chemin d'accès de recherche "{RawFileName}".
             Cette référence n'est pas "CopyLocal", car le paramètre "Private" d'au moins un élément source avait la valeur "false" et aucun élément source ne présentait de paramètre "Private" dont la valeur était "true".
         Référence primaire "System.Resources.Reader, Version=8.0.0.0, Culture=neutral, PublicKeyToken=b03f5f7f11d50a3a".
             Le chemin de fichier résolu est "C:\Program Files\dotnet\packs\Microsoft.NETCore.App.Ref\8.0.22\ref\net8.0\System.Resources.Reader.dll".
             Référence trouvée dans l'emplacement du chemin d'accès de recherche "{RawFileName}".
             Cette référence n'est pas "CopyLocal", car le paramètre "Private" d'au moins un élément source avait la valeur "false" et aucun élément source ne présentait de paramètre "Private" dont la valeur était "true".
         Référence primaire "System.Resources.ResourceManager, Version=8.0.0.0, Culture=neutral, PublicKeyToken=b03f5f7f11d50a3a".
             Le chemin de fichier résolu est "C:\Program Files\dotnet\packs\Microsoft.NETCore.App.Ref\8.0.22\ref\net8.0\System.Resources.ResourceManager.dll".
             Référence trouvée dans l'emplacement du chemin d'accès de recherche "{RawFileName}".
             Cette référence n'est pas "CopyLocal", car le paramètre "Private" d'au moins un élément source avait la valeur "false" et aucun élément source ne présentait de paramètre "Private" dont la valeur était "true".
         Référence primaire "System.Resources.Writer, Version=8.0.0.0, Culture=neutral, PublicKeyToken=b03f5f7f11d50a3a".
             Le chemin de fichier résolu est "C:\Program Files\dotnet\packs\Microsoft.NETCore.App.Ref\8.0.22\ref\net8.0\System.Resources.Writer.dll".
             Référence trouvée dans l'emplacement du chemin d'accès de recherche "{RawFileName}".
             Cette référence n'est pas "CopyLocal", car le paramètre "Private" d'au moins un élément source avait la valeur "false" et aucun élément source ne présentait de paramètre "Private" dont la valeur était "true".
         Référence primaire "System.Runtime.CompilerServices.Unsafe, Version=8.0.0.0, Culture=neutral, PublicKeyToken=b03f5f7f11d50a3a".
             Le chemin de fichier résolu est "C:\Program Files\dotnet\packs\Microsoft.NETCore.App.Ref\8.0.22\ref\net8.0\System.Runtime.CompilerServices.Unsafe.dll".
             Référence trouvée dans l'emplacement du chemin d'accès de recherche "{RawFileName}".
             Cette référence n'est pas "CopyLocal", car le paramètre "Private" d'au moins un élément source avait la valeur "false" et aucun élément source ne présentait de paramètre "Private" dont la valeur était "true".
         Référence primaire "System.Runtime.CompilerServices.VisualC, Version=8.0.0.0, Culture=neutral, PublicKeyToken=b03f5f7f11d50a3a".
             Le chemin de fichier résolu est "C:\Program Files\dotnet\packs\Microsoft.NETCore.App.Ref\8.0.22\ref\net8.0\System.Runtime.CompilerServices.VisualC.dll".
             Référence trouvée dans l'emplacement du chemin d'accès de recherche "{RawFileName}".
             Cette référence n'est pas "CopyLocal", car le paramètre "Private" d'au moins un élément source avait la valeur "false" et aucun élément source ne présentait de paramètre "Private" dont la valeur était "true".
         Référence primaire "System.Runtime.Extensions, Version=8.0.0.0, Culture=neutral, PublicKeyToken=b03f5f7f11d50a3a".
             Le chemin de fichier résolu est "C:\Program Files\dotnet\packs\Microsoft.NETCore.App.Ref\8.0.22\ref\net8.0\System.Runtime.Extensions.dll".
             Référence trouvée dans l'emplacement du chemin d'accès de recherche "{RawFileName}".
             Cette référence n'est pas "CopyLocal", car le paramètre "Private" d'au moins un élément source avait la valeur "false" et aucun élément source ne présentait de paramètre "Private" dont la valeur était "true".
         Référence primaire "System.Runtime.Handles, Version=8.0.0.0, Culture=neutral, PublicKeyToken=b03f5f7f11d50a3a".
             Le chemin de fichier résolu est "C:\Program Files\dotnet\packs\Microsoft.NETCore.App.Ref\8.0.22\ref\net8.0\System.Runtime.Handles.dll".
             Référence trouvée dans l'emplacement du chemin d'accès de recherche "{RawFileName}".
             Cette référence n'est pas "CopyLocal", car le paramètre "Private" d'au moins un élément source avait la valeur "false" et aucun élément source ne présentait de paramètre "Private" dont la valeur était "true".
         Référence primaire "System.Runtime.InteropServices.JavaScript, Version=8.0.0.0, Culture=neutral, PublicKeyToken=b03f5f7f11d50a3a".
             Le chemin de fichier résolu est "C:\Program Files\dotnet\packs\Microsoft.NETCore.App.Ref\8.0.22\ref\net8.0\System.Runtime.InteropServices.JavaScript.dll".
             Référence trouvée dans l'emplacement du chemin d'accès de recherche "{RawFileName}".
             Cette référence n'est pas "CopyLocal", car le paramètre "Private" d'au moins un élément source avait la valeur "false" et aucun élément source ne présentait de paramètre "Private" dont la valeur était "true".
         Référence primaire "System.Runtime.InteropServices.RuntimeInformation, Version=8.0.0.0, Culture=neutral, PublicKeyToken=b03f5f7f11d50a3a".
             Le chemin de fichier résolu est "C:\Program Files\dotnet\packs\Microsoft.NETCore.App.Ref\8.0.22\ref\net8.0\System.Runtime.InteropServices.RuntimeInformation.dll".
             Référence trouvée dans l'emplacement du chemin d'accès de recherche "{RawFileName}".
             Cette référence n'est pas "CopyLocal", car le paramètre "Private" d'au moins un élément source avait la valeur "false" et aucun élément source ne présentait de paramètre "Private" dont la valeur était "true".
         Référence primaire "System.Runtime.InteropServices, Version=8.0.0.0, Culture=neutral, PublicKeyToken=b03f5f7f11d50a3a".
             Le chemin de fichier résolu est "C:\Program Files\dotnet\packs\Microsoft.NETCore.App.Ref\8.0.22\ref\net8.0\System.Runtime.InteropServices.dll".
             Référence trouvée dans l'emplacement du chemin d'accès de recherche "{RawFileName}".
             Cette référence n'est pas "CopyLocal", car le paramètre "Private" d'au moins un élément source avait la valeur "false" et aucun élément source ne présentait de paramètre "Private" dont la valeur était "true".
         Référence primaire "System.Runtime.Intrinsics, Version=8.0.0.0, Culture=neutral, PublicKeyToken=cc7b13ffcd2ddd51".
             Le chemin de fichier résolu est "C:\Program Files\dotnet\packs\Microsoft.NETCore.App.Ref\8.0.22\ref\net8.0\System.Runtime.Intrinsics.dll".
             Référence trouvée dans l'emplacement du chemin d'accès de recherche "{RawFileName}".
             Cette référence n'est pas "CopyLocal", car le paramètre "Private" d'au moins un élément source avait la valeur "false" et aucun élément source ne présentait de paramètre "Private" dont la valeur était "true".
         Référence primaire "System.Runtime.Loader, Version=8.0.0.0, Culture=neutral, PublicKeyToken=b03f5f7f11d50a3a".
             Le chemin de fichier résolu est "C:\Program Files\dotnet\packs\Microsoft.NETCore.App.Ref\8.0.22\ref\net8.0\System.Runtime.Loader.dll".
             Référence trouvée dans l'emplacement du chemin d'accès de recherche "{RawFileName}".
             Cette référence n'est pas "CopyLocal", car le paramètre "Private" d'au moins un élément source avait la valeur "false" et aucun élément source ne présentait de paramètre "Private" dont la valeur était "true".
         Référence primaire "System.Runtime.Numerics, Version=8.0.0.0, Culture=neutral, PublicKeyToken=b03f5f7f11d50a3a".
             Le chemin de fichier résolu est "C:\Program Files\dotnet\packs\Microsoft.NETCore.App.Ref\8.0.22\ref\net8.0\System.Runtime.Numerics.dll".
             Référence trouvée dans l'emplacement du chemin d'accès de recherche "{RawFileName}".
             Cette référence n'est pas "CopyLocal", car le paramètre "Private" d'au moins un élément source avait la valeur "false" et aucun élément source ne présentait de paramètre "Private" dont la valeur était "true".
         Référence primaire "System.Runtime.Serialization.Formatters, Version=8.0.0.0, Culture=neutral, PublicKeyToken=b03f5f7f11d50a3a".
             Le chemin de fichier résolu est "C:\Program Files\dotnet\packs\Microsoft.NETCore.App.Ref\8.0.22\ref\net8.0\System.Runtime.Serialization.Formatters.dll".
             Référence trouvée dans l'emplacement du chemin d'accès de recherche "{RawFileName}".
             Cette référence n'est pas "CopyLocal", car le paramètre "Private" d'au moins un élément source avait la valeur "false" et aucun élément source ne présentait de paramètre "Private" dont la valeur était "true".
         Référence primaire "System.Runtime.Serialization.Json, Version=8.0.0.0, Culture=neutral, PublicKeyToken=b03f5f7f11d50a3a".
             Le chemin de fichier résolu est "C:\Program Files\dotnet\packs\Microsoft.NETCore.App.Ref\8.0.22\ref\net8.0\System.Runtime.Serialization.Json.dll".
             Référence trouvée dans l'emplacement du chemin d'accès de recherche "{RawFileName}".
             Cette référence n'est pas "CopyLocal", car le paramètre "Private" d'au moins un élément source avait la valeur "false" et aucun élément source ne présentait de paramètre "Private" dont la valeur était "true".
         Référence primaire "System.Runtime.Serialization.Primitives, Version=8.0.0.0, Culture=neutral, PublicKeyToken=b03f5f7f11d50a3a".
             Le chemin de fichier résolu est "C:\Program Files\dotnet\packs\Microsoft.NETCore.App.Ref\8.0.22\ref\net8.0\System.Runtime.Serialization.Primitives.dll".
             Référence trouvée dans l'emplacement du chemin d'accès de recherche "{RawFileName}".
             Cette référence n'est pas "CopyLocal", car le paramètre "Private" d'au moins un élément source avait la valeur "false" et aucun élément source ne présentait de paramètre "Private" dont la valeur était "true".
         Référence primaire "System.Runtime.Serialization.Xml, Version=8.0.0.0, Culture=neutral, PublicKeyToken=b03f5f7f11d50a3a".
             Le chemin de fichier résolu est "C:\Program Files\dotnet\packs\Microsoft.NETCore.App.Ref\8.0.22\ref\net8.0\System.Runtime.Serialization.Xml.dll".
             Référence trouvée dans l'emplacement du chemin d'accès de recherche "{RawFileName}".
             Cette référence n'est pas "CopyLocal", car le paramètre "Private" d'au moins un élément source avait la valeur "false" et aucun élément source ne présentait de paramètre "Private" dont la valeur était "true".
         Référence primaire "System.Runtime.Serialization, Version=4.0.0.0, Culture=neutral, PublicKeyToken=b77a5c561934e089".
             Le chemin de fichier résolu est "C:\Program Files\dotnet\packs\Microsoft.NETCore.App.Ref\8.0.22\ref\net8.0\System.Runtime.Serialization.dll".
             Référence trouvée dans l'emplacement du chemin d'accès de recherche "{RawFileName}".
             Cette référence n'est pas "CopyLocal", car le paramètre "Private" d'au moins un élément source avait la valeur "false" et aucun élément source ne présentait de paramètre "Private" dont la valeur était "true".
         Référence primaire "System.Runtime, Version=8.0.0.0, Culture=neutral, PublicKeyToken=b03f5f7f11d50a3a".
             Le chemin de fichier résolu est "C:\Program Files\dotnet\packs\Microsoft.NETCore.App.Ref\8.0.22\ref\net8.0\System.Runtime.dll".
             Référence trouvée dans l'emplacement du chemin d'accès de recherche "{RawFileName}".
             Cette référence n'est pas "CopyLocal", car le paramètre "Private" d'au moins un élément source avait la valeur "false" et aucun élément source ne présentait de paramètre "Private" dont la valeur était "true".
         Référence primaire "System.Security.AccessControl, Version=8.0.0.0, Culture=neutral, PublicKeyToken=b03f5f7f11d50a3a".
             Le chemin de fichier résolu est "C:\Program Files\dotnet\packs\Microsoft.NETCore.App.Ref\8.0.22\ref\net8.0\System.Security.AccessControl.dll".
             Référence trouvée dans l'emplacement du chemin d'accès de recherche "{RawFileName}".
             Cette référence n'est pas "CopyLocal", car le paramètre "Private" d'au moins un élément source avait la valeur "false" et aucun élément source ne présentait de paramètre "Private" dont la valeur était "true".
         Référence primaire "System.Security.Claims, Version=8.0.0.0, Culture=neutral, PublicKeyToken=b03f5f7f11d50a3a".
             Le chemin de fichier résolu est "C:\Program Files\dotnet\packs\Microsoft.NETCore.App.Ref\8.0.22\ref\net8.0\System.Security.Claims.dll".
             Référence trouvée dans l'emplacement du chemin d'accès de recherche "{RawFileName}".
             Cette référence n'est pas "CopyLocal", car le paramètre "Private" d'au moins un élément source avait la valeur "false" et aucun élément source ne présentait de paramètre "Private" dont la valeur était "true".
         Référence primaire "System.Security.Cryptography.Algorithms, Version=8.0.0.0, Culture=neutral, PublicKeyToken=b03f5f7f11d50a3a".
             Le chemin de fichier résolu est "C:\Program Files\dotnet\packs\Microsoft.NETCore.App.Ref\8.0.22\ref\net8.0\System.Security.Cryptography.Algorithms.dll".
             Référence trouvée dans l'emplacement du chemin d'accès de recherche "{RawFileName}".
             Cette référence n'est pas "CopyLocal", car le paramètre "Private" d'au moins un élément source avait la valeur "false" et aucun élément source ne présentait de paramètre "Private" dont la valeur était "true".
         Référence primaire "System.Security.Cryptography.Cng, Version=8.0.0.0, Culture=neutral, PublicKeyToken=b03f5f7f11d50a3a".
             Le chemin de fichier résolu est "C:\Program Files\dotnet\packs\Microsoft.NETCore.App.Ref\8.0.22\ref\net8.0\System.Security.Cryptography.Cng.dll".
             Référence trouvée dans l'emplacement du chemin d'accès de recherche "{RawFileName}".
             Cette référence n'est pas "CopyLocal", car le paramètre "Private" d'au moins un élément source avait la valeur "false" et aucun élément source ne présentait de paramètre "Private" dont la valeur était "true".
         Référence primaire "System.Security.Cryptography.Csp, Version=8.0.0.0, Culture=neutral, PublicKeyToken=b03f5f7f11d50a3a".
             Le chemin de fichier résolu est "C:\Program Files\dotnet\packs\Microsoft.NETCore.App.Ref\8.0.22\ref\net8.0\System.Security.Cryptography.Csp.dll".
             Référence trouvée dans l'emplacement du chemin d'accès de recherche "{RawFileName}".
             Cette référence n'est pas "CopyLocal", car le paramètre "Private" d'au moins un élément source avait la valeur "false" et aucun élément source ne présentait de paramètre "Private" dont la valeur était "true".
         Référence primaire "System.Security.Cryptography.Encoding, Version=8.0.0.0, Culture=neutral, PublicKeyToken=b03f5f7f11d50a3a".
             Le chemin de fichier résolu est "C:\Program Files\dotnet\packs\Microsoft.NETCore.App.Ref\8.0.22\ref\net8.0\System.Security.Cryptography.Encoding.dll".
             Référence trouvée dans l'emplacement du chemin d'accès de recherche "{RawFileName}".
             Cette référence n'est pas "CopyLocal", car le paramètre "Private" d'au moins un élément source avait la valeur "false" et aucun élément source ne présentait de paramètre "Private" dont la valeur était "true".
         Référence primaire "System.Security.Cryptography.OpenSsl, Version=8.0.0.0, Culture=neutral, PublicKeyToken=b03f5f7f11d50a3a".
             Le chemin de fichier résolu est "C:\Program Files\dotnet\packs\Microsoft.NETCore.App.Ref\8.0.22\ref\net8.0\System.Security.Cryptography.OpenSsl.dll".
             Référence trouvée dans l'emplacement du chemin d'accès de recherche "{RawFileName}".
             Cette référence n'est pas "CopyLocal", car le paramètre "Private" d'au moins un élément source avait la valeur "false" et aucun élément source ne présentait de paramètre "Private" dont la valeur était "true".
         Référence primaire "System.Security.Cryptography.Primitives, Version=8.0.0.0, Culture=neutral, PublicKeyToken=b03f5f7f11d50a3a".
             Le chemin de fichier résolu est "C:\Program Files\dotnet\packs\Microsoft.NETCore.App.Ref\8.0.22\ref\net8.0\System.Security.Cryptography.Primitives.dll".
             Référence trouvée dans l'emplacement du chemin d'accès de recherche "{RawFileName}".
             Cette référence n'est pas "CopyLocal", car le paramètre "Private" d'au moins un élément source avait la valeur "false" et aucun élément source ne présentait de paramètre "Private" dont la valeur était "true".
         Référence primaire "System.Security.Cryptography.X509Certificates, Version=8.0.0.0, Culture=neutral, PublicKeyToken=b03f5f7f11d50a3a".
             Le chemin de fichier résolu est "C:\Program Files\dotnet\packs\Microsoft.NETCore.App.Ref\8.0.22\ref\net8.0\System.Security.Cryptography.X509Certificates.dll".
             Référence trouvée dans l'emplacement du chemin d'accès de recherche "{RawFileName}".
             Cette référence n'est pas "CopyLocal", car le paramètre "Private" d'au moins un élément source avait la valeur "false" et aucun élément source ne présentait de paramètre "Private" dont la valeur était "true".
         Référence primaire "System.Security.Cryptography, Version=8.0.0.0, Culture=neutral, PublicKeyToken=b03f5f7f11d50a3a".
             Le chemin de fichier résolu est "C:\Program Files\dotnet\packs\Microsoft.NETCore.App.Ref\8.0.22\ref\net8.0\System.Security.Cryptography.dll".
             Référence trouvée dans l'emplacement du chemin d'accès de recherche "{RawFileName}".
             Cette référence n'est pas "CopyLocal", car le paramètre "Private" d'au moins un élément source avait la valeur "false" et aucun élément source ne présentait de paramètre "Private" dont la valeur était "true".
         Référence primaire "System.Security.Principal.Windows, Version=8.0.0.0, Culture=neutral, PublicKeyToken=b03f5f7f11d50a3a".
             Le chemin de fichier résolu est "C:\Program Files\dotnet\packs\Microsoft.NETCore.App.Ref\8.0.22\ref\net8.0\System.Security.Principal.Windows.dll".
             Référence trouvée dans l'emplacement du chemin d'accès de recherche "{RawFileName}".
             Cette référence n'est pas "CopyLocal", car le paramètre "Private" d'au moins un élément source avait la valeur "false" et aucun élément source ne présentait de paramètre "Private" dont la valeur était "true".
         Référence primaire "System.Security.Principal, Version=8.0.0.0, Culture=neutral, PublicKeyToken=b03f5f7f11d50a3a".
             Le chemin de fichier résolu est "C:\Program Files\dotnet\packs\Microsoft.NETCore.App.Ref\8.0.22\ref\net8.0\System.Security.Principal.dll".
             Référence trouvée dans l'emplacement du chemin d'accès de recherche "{RawFileName}".
             Cette référence n'est pas "CopyLocal", car le paramètre "Private" d'au moins un élément source avait la valeur "false" et aucun élément source ne présentait de paramètre "Private" dont la valeur était "true".
         Référence primaire "System.Security.SecureString, Version=8.0.0.0, Culture=neutral, PublicKeyToken=b03f5f7f11d50a3a".
             Le chemin de fichier résolu est "C:\Program Files\dotnet\packs\Microsoft.NETCore.App.Ref\8.0.22\ref\net8.0\System.Security.SecureString.dll".
             Référence trouvée dans l'emplacement du chemin d'accès de recherche "{RawFileName}".
             Cette référence n'est pas "CopyLocal", car le paramètre "Private" d'au moins un élément source avait la valeur "false" et aucun élément source ne présentait de paramètre "Private" dont la valeur était "true".
         Référence primaire "System.Security, Version=4.0.0.0, Culture=neutral, PublicKeyToken=b03f5f7f11d50a3a".
             Le chemin de fichier résolu est "C:\Program Files\dotnet\packs\Microsoft.NETCore.App.Ref\8.0.22\ref\net8.0\System.Security.dll".
             Référence trouvée dans l'emplacement du chemin d'accès de recherche "{RawFileName}".
             Cette référence n'est pas "CopyLocal", car le paramètre "Private" d'au moins un élément source avait la valeur "false" et aucun élément source ne présentait de paramètre "Private" dont la valeur était "true".
         Référence primaire "System.ServiceModel.Web, Version=4.0.0.0, Culture=neutral, PublicKeyToken=31bf3856ad364e35".
             Le chemin de fichier résolu est "C:\Program Files\dotnet\packs\Microsoft.NETCore.App.Ref\8.0.22\ref\net8.0\System.ServiceModel.Web.dll".
             Référence trouvée dans l'emplacement du chemin d'accès de recherche "{RawFileName}".
             Cette référence n'est pas "CopyLocal", car le paramètre "Private" d'au moins un élément source avait la valeur "false" et aucun élément source ne présentait de paramètre "Private" dont la valeur était "true".
         Référence primaire "System.ServiceProcess, Version=4.0.0.0, Culture=neutral, PublicKeyToken=b03f5f7f11d50a3a".
             Le chemin de fichier résolu est "C:\Program Files\dotnet\packs\Microsoft.NETCore.App.Ref\8.0.22\ref\net8.0\System.ServiceProcess.dll".
             Référence trouvée dans l'emplacement du chemin d'accès de recherche "{RawFileName}".
             Cette référence n'est pas "CopyLocal", car le paramètre "Private" d'au moins un élément source avait la valeur "false" et aucun élément source ne présentait de paramètre "Private" dont la valeur était "true".
         Référence primaire "System.Text.Encoding.CodePages, Version=8.0.0.0, Culture=neutral, PublicKeyToken=b03f5f7f11d50a3a".
             Le chemin de fichier résolu est "C:\Program Files\dotnet\packs\Microsoft.NETCore.App.Ref\8.0.22\ref\net8.0\System.Text.Encoding.CodePages.dll".
             Référence trouvée dans l'emplacement du chemin d'accès de recherche "{RawFileName}".
             Cette référence n'est pas "CopyLocal", car le paramètre "Private" d'au moins un élément source avait la valeur "false" et aucun élément source ne présentait de paramètre "Private" dont la valeur était "true".
         Référence primaire "System.Text.Encoding.Extensions, Version=8.0.0.0, Culture=neutral, PublicKeyToken=b03f5f7f11d50a3a".
             Le chemin de fichier résolu est "C:\Program Files\dotnet\packs\Microsoft.NETCore.App.Ref\8.0.22\ref\net8.0\System.Text.Encoding.Extensions.dll".
             Référence trouvée dans l'emplacement du chemin d'accès de recherche "{RawFileName}".
             Cette référence n'est pas "CopyLocal", car le paramètre "Private" d'au moins un élément source avait la valeur "false" et aucun élément source ne présentait de paramètre "Private" dont la valeur était "true".
         Référence primaire "System.Text.Encoding, Version=8.0.0.0, Culture=neutral, PublicKeyToken=b03f5f7f11d50a3a".
             Le chemin de fichier résolu est "C:\Program Files\dotnet\packs\Microsoft.NETCore.App.Ref\8.0.22\ref\net8.0\System.Text.Encoding.dll".
             Référence trouvée dans l'emplacement du chemin d'accès de recherche "{RawFileName}".
             Cette référence n'est pas "CopyLocal", car le paramètre "Private" d'au moins un élément source avait la valeur "false" et aucun élément source ne présentait de paramètre "Private" dont la valeur était "true".
         Référence primaire "System.Text.Encodings.Web, Version=8.0.0.0, Culture=neutral, PublicKeyToken=cc7b13ffcd2ddd51".
             Le chemin de fichier résolu est "C:\Program Files\dotnet\packs\Microsoft.NETCore.App.Ref\8.0.22\ref\net8.0\System.Text.Encodings.Web.dll".
             Référence trouvée dans l'emplacement du chemin d'accès de recherche "{RawFileName}".
             Cette référence n'est pas "CopyLocal", car le paramètre "Private" d'au moins un élément source avait la valeur "false" et aucun élément source ne présentait de paramètre "Private" dont la valeur était "true".
         Référence primaire "System.Text.Json, Version=8.0.0.0, Culture=neutral, PublicKeyToken=cc7b13ffcd2ddd51".
             Le chemin de fichier résolu est "C:\Program Files\dotnet\packs\Microsoft.NETCore.App.Ref\8.0.22\ref\net8.0\System.Text.Json.dll".
             Référence trouvée dans l'emplacement du chemin d'accès de recherche "{RawFileName}".
             Cette référence n'est pas "CopyLocal", car le paramètre "Private" d'au moins un élément source avait la valeur "false" et aucun élément source ne présentait de paramètre "Private" dont la valeur était "true".
         Référence primaire "System.Text.RegularExpressions, Version=8.0.0.0, Culture=neutral, PublicKeyToken=b03f5f7f11d50a3a".
             Le chemin de fichier résolu est "C:\Program Files\dotnet\packs\Microsoft.NETCore.App.Ref\8.0.22\ref\net8.0\System.Text.RegularExpressions.dll".
             Référence trouvée dans l'emplacement du chemin d'accès de recherche "{RawFileName}".
             Cette référence n'est pas "CopyLocal", car le paramètre "Private" d'au moins un élément source avait la valeur "false" et aucun élément source ne présentait de paramètre "Private" dont la valeur était "true".
         Référence primaire "System.Threading.Channels, Version=8.0.0.0, Culture=neutral, PublicKeyToken=cc7b13ffcd2ddd51".
             Le chemin de fichier résolu est "C:\Program Files\dotnet\packs\Microsoft.NETCore.App.Ref\8.0.22\ref\net8.0\System.Threading.Channels.dll".
             Référence trouvée dans l'emplacement du chemin d'accès de recherche "{RawFileName}".
             Cette référence n'est pas "CopyLocal", car le paramètre "Private" d'au moins un élément source avait la valeur "false" et aucun élément source ne présentait de paramètre "Private" dont la valeur était "true".
         Référence primaire "System.Threading.Overlapped, Version=8.0.0.0, Culture=neutral, PublicKeyToken=b03f5f7f11d50a3a".
             Le chemin de fichier résolu est "C:\Program Files\dotnet\packs\Microsoft.NETCore.App.Ref\8.0.22\ref\net8.0\System.Threading.Overlapped.dll".
             Référence trouvée dans l'emplacement du chemin d'accès de recherche "{RawFileName}".
             Cette référence n'est pas "CopyLocal", car le paramètre "Private" d'au moins un élément source avait la valeur "false" et aucun élément source ne présentait de paramètre "Private" dont la valeur était "true".
         Référence primaire "System.Threading.Tasks.Dataflow, Version=8.0.0.0, Culture=neutral, PublicKeyToken=b03f5f7f11d50a3a".
             Le chemin de fichier résolu est "C:\Program Files\dotnet\packs\Microsoft.NETCore.App.Ref\8.0.22\ref\net8.0\System.Threading.Tasks.Dataflow.dll".
             Référence trouvée dans l'emplacement du chemin d'accès de recherche "{RawFileName}".
             Cette référence n'est pas "CopyLocal", car le paramètre "Private" d'au moins un élément source avait la valeur "false" et aucun élément source ne présentait de paramètre "Private" dont la valeur était "true".
         Référence primaire "System.Threading.Tasks.Extensions, Version=8.0.0.0, Culture=neutral, PublicKeyToken=cc7b13ffcd2ddd51".
             Le chemin de fichier résolu est "C:\Program Files\dotnet\packs\Microsoft.NETCore.App.Ref\8.0.22\ref\net8.0\System.Threading.Tasks.Extensions.dll".
             Référence trouvée dans l'emplacement du chemin d'accès de recherche "{RawFileName}".
             Cette référence n'est pas "CopyLocal", car le paramètre "Private" d'au moins un élément source avait la valeur "false" et aucun élément source ne présentait de paramètre "Private" dont la valeur était "true".
         Référence primaire "System.Threading.Tasks.Parallel, Version=8.0.0.0, Culture=neutral, PublicKeyToken=b03f5f7f11d50a3a".
             Le chemin de fichier résolu est "C:\Program Files\dotnet\packs\Microsoft.NETCore.App.Ref\8.0.22\ref\net8.0\System.Threading.Tasks.Parallel.dll".
             Référence trouvée dans l'emplacement du chemin d'accès de recherche "{RawFileName}".
             Cette référence n'est pas "CopyLocal", car le paramètre "Private" d'au moins un élément source avait la valeur "false" et aucun élément source ne présentait de paramètre "Private" dont la valeur était "true".
         Référence primaire "System.Threading.Tasks, Version=8.0.0.0, Culture=neutral, PublicKeyToken=b03f5f7f11d50a3a".
             Le chemin de fichier résolu est "C:\Program Files\dotnet\packs\Microsoft.NETCore.App.Ref\8.0.22\ref\net8.0\System.Threading.Tasks.dll".
             Référence trouvée dans l'emplacement du chemin d'accès de recherche "{RawFileName}".
             Cette référence n'est pas "CopyLocal", car le paramètre "Private" d'au moins un élément source avait la valeur "false" et aucun élément source ne présentait de paramètre "Private" dont la valeur était "true".
         Référence primaire "System.Threading.Thread, Version=8.0.0.0, Culture=neutral, PublicKeyToken=b03f5f7f11d50a3a".
             Le chemin de fichier résolu est "C:\Program Files\dotnet\packs\Microsoft.NETCore.App.Ref\8.0.22\ref\net8.0\System.Threading.Thread.dll".
             Référence trouvée dans l'emplacement du chemin d'accès de recherche "{RawFileName}".
             Cette référence n'est pas "CopyLocal", car le paramètre "Private" d'au moins un élément source avait la valeur "false" et aucun élément source ne présentait de paramètre "Private" dont la valeur était "true".
         Référence primaire "System.Threading.ThreadPool, Version=8.0.0.0, Culture=neutral, PublicKeyToken=b03f5f7f11d50a3a".
             Le chemin de fichier résolu est "C:\Program Files\dotnet\packs\Microsoft.NETCore.App.Ref\8.0.22\ref\net8.0\System.Threading.ThreadPool.dll".
             Référence trouvée dans l'emplacement du chemin d'accès de recherche "{RawFileName}".
             Cette référence n'est pas "CopyLocal", car le paramètre "Private" d'au moins un élément source avait la valeur "false" et aucun élément source ne présentait de paramètre "Private" dont la valeur était "true".
         Référence primaire "System.Threading.Timer, Version=8.0.0.0, Culture=neutral, PublicKeyToken=b03f5f7f11d50a3a".
             Le chemin de fichier résolu est "C:\Program Files\dotnet\packs\Microsoft.NETCore.App.Ref\8.0.22\ref\net8.0\System.Threading.Timer.dll".
             Référence trouvée dans l'emplacement du chemin d'accès de recherche "{RawFileName}".
             Cette référence n'est pas "CopyLocal", car le paramètre "Private" d'au moins un élément source avait la valeur "false" et aucun élément source ne présentait de paramètre "Private" dont la valeur était "true".
         Référence primaire "System.Threading, Version=8.0.0.0, Culture=neutral, PublicKeyToken=b03f5f7f11d50a3a".
             Le chemin de fichier résolu est "C:\Program Files\dotnet\packs\Microsoft.NETCore.App.Ref\8.0.22\ref\net8.0\System.Threading.dll".
             Référence trouvée dans l'emplacement du chemin d'accès de recherche "{RawFileName}".
             Cette référence n'est pas "CopyLocal", car le paramètre "Private" d'au moins un élément source avait la valeur "false" et aucun élément source ne présentait de paramètre "Private" dont la valeur était "true".
         Référence primaire "System.Transactions.Local, Version=8.0.0.0, Culture=neutral, PublicKeyToken=cc7b13ffcd2ddd51".
             Le chemin de fichier résolu est "C:\Program Files\dotnet\packs\Microsoft.NETCore.App.Ref\8.0.22\ref\net8.0\System.Transactions.Local.dll".
             Référence trouvée dans l'emplacement du chemin d'accès de recherche "{RawFileName}".
             Cette référence n'est pas "CopyLocal", car le paramètre "Private" d'au moins un élément source avait la valeur "false" et aucun élément source ne présentait de paramètre "Private" dont la valeur était "true".
         Référence primaire "System.Transactions, Version=4.0.0.0, Culture=neutral, PublicKeyToken=b77a5c561934e089".
             Le chemin de fichier résolu est "C:\Program Files\dotnet\packs\Microsoft.NETCore.App.Ref\8.0.22\ref\net8.0\System.Transactions.dll".
             Référence trouvée dans l'emplacement du chemin d'accès de recherche "{RawFileName}".
             Cette référence n'est pas "CopyLocal", car le paramètre "Private" d'au moins un élément source avait la valeur "false" et aucun élément source ne présentait de paramètre "Private" dont la valeur était "true".
         Référence primaire "System.ValueTuple, Version=8.0.0.0, Culture=neutral, PublicKeyToken=cc7b13ffcd2ddd51".
             Le chemin de fichier résolu est "C:\Program Files\dotnet\packs\Microsoft.NETCore.App.Ref\8.0.22\ref\net8.0\System.ValueTuple.dll".
             Référence trouvée dans l'emplacement du chemin d'accès de recherche "{RawFileName}".
             Cette référence n'est pas "CopyLocal", car le paramètre "Private" d'au moins un élément source avait la valeur "false" et aucun élément source ne présentait de paramètre "Private" dont la valeur était "true".
         Référence primaire "System.Web.HttpUtility, Version=8.0.0.0, Culture=neutral, PublicKeyToken=cc7b13ffcd2ddd51".
             Le chemin de fichier résolu est "C:\Program Files\dotnet\packs\Microsoft.NETCore.App.Ref\8.0.22\ref\net8.0\System.Web.HttpUtility.dll".
             Référence trouvée dans l'emplacement du chemin d'accès de recherche "{RawFileName}".
             Cette référence n'est pas "CopyLocal", car le paramètre "Private" d'au moins un élément source avait la valeur "false" et aucun élément source ne présentait de paramètre "Private" dont la valeur était "true".
         Référence primaire "System.Web, Version=4.0.0.0, Culture=neutral, PublicKeyToken=b03f5f7f11d50a3a".
             Le chemin de fichier résolu est "C:\Program Files\dotnet\packs\Microsoft.NETCore.App.Ref\8.0.22\ref\net8.0\System.Web.dll".
             Référence trouvée dans l'emplacement du chemin d'accès de recherche "{RawFileName}".
             Cette référence n'est pas "CopyLocal", car le paramètre "Private" d'au moins un élément source avait la valeur "false" et aucun élément source ne présentait de paramètre "Private" dont la valeur était "true".
         Référence primaire "System.Windows, Version=4.0.0.0, Culture=neutral, PublicKeyToken=b03f5f7f11d50a3a".
             Le chemin de fichier résolu est "C:\Program Files\dotnet\packs\Microsoft.NETCore.App.Ref\8.0.22\ref\net8.0\System.Windows.dll".
             Référence trouvée dans l'emplacement du chemin d'accès de recherche "{RawFileName}".
             Cette référence n'est pas "CopyLocal", car le paramètre "Private" d'au moins un élément source avait la valeur "false" et aucun élément source ne présentait de paramètre "Private" dont la valeur était "true".
         Référence primaire "System.Xml.Linq, Version=4.0.0.0, Culture=neutral, PublicKeyToken=b77a5c561934e089".
             Le chemin de fichier résolu est "C:\Program Files\dotnet\packs\Microsoft.NETCore.App.Ref\8.0.22\ref\net8.0\System.Xml.Linq.dll".
             Référence trouvée dans l'emplacement du chemin d'accès de recherche "{RawFileName}".
             Cette référence n'est pas "CopyLocal", car le paramètre "Private" d'au moins un élément source avait la valeur "false" et aucun élément source ne présentait de paramètre "Private" dont la valeur était "true".
         Référence primaire "System.Xml.ReaderWriter, Version=8.0.0.0, Culture=neutral, PublicKeyToken=b03f5f7f11d50a3a".
             Le chemin de fichier résolu est "C:\Program Files\dotnet\packs\Microsoft.NETCore.App.Ref\8.0.22\ref\net8.0\System.Xml.ReaderWriter.dll".
             Référence trouvée dans l'emplacement du chemin d'accès de recherche "{RawFileName}".
             Cette référence n'est pas "CopyLocal", car le paramètre "Private" d'au moins un élément source avait la valeur "false" et aucun élément source ne présentait de paramètre "Private" dont la valeur était "true".
         Référence primaire "System.Xml.Serialization, Version=4.0.0.0, Culture=neutral, PublicKeyToken=b77a5c561934e089".
             Le chemin de fichier résolu est "C:\Program Files\dotnet\packs\Microsoft.NETCore.App.Ref\8.0.22\ref\net8.0\System.Xml.Serialization.dll".
             Référence trouvée dans l'emplacement du chemin d'accès de recherche "{RawFileName}".
             Cette référence n'est pas "CopyLocal", car le paramètre "Private" d'au moins un élément source avait la valeur "false" et aucun élément source ne présentait de paramètre "Private" dont la valeur était "true".
         Référence primaire "System.Xml.XDocument, Version=8.0.0.0, Culture=neutral, PublicKeyToken=b03f5f7f11d50a3a".
             Le chemin de fichier résolu est "C:\Program Files\dotnet\packs\Microsoft.NETCore.App.Ref\8.0.22\ref\net8.0\System.Xml.XDocument.dll".
             Référence trouvée dans l'emplacement du chemin d'accès de recherche "{RawFileName}".
             Cette référence n'est pas "CopyLocal", car le paramètre "Private" d'au moins un élément source avait la valeur "false" et aucun élément source ne présentait de paramètre "Private" dont la valeur était "true".
         Référence primaire "System.Xml.XPath.XDocument, Version=8.0.0.0, Culture=neutral, PublicKeyToken=b03f5f7f11d50a3a".
             Le chemin de fichier résolu est "C:\Program Files\dotnet\packs\Microsoft.NETCore.App.Ref\8.0.22\ref\net8.0\System.Xml.XPath.XDocument.dll".
             Référence trouvée dans l'emplacement du chemin d'accès de recherche "{RawFileName}".
             Cette référence n'est pas "CopyLocal", car le paramètre "Private" d'au moins un élément source avait la valeur "false" et aucun élément source ne présentait de paramètre "Private" dont la valeur était "true".
         Référence primaire "System.Xml.XPath, Version=8.0.0.0, Culture=neutral, PublicKeyToken=b03f5f7f11d50a3a".
             Le chemin de fichier résolu est "C:\Program Files\dotnet\packs\Microsoft.NETCore.App.Ref\8.0.22\ref\net8.0\System.Xml.XPath.dll".
             Référence trouvée dans l'emplacement du chemin d'accès de recherche "{RawFileName}".
             Cette référence n'est pas "CopyLocal", car le paramètre "Private" d'au moins un élément source avait la valeur "false" et aucun élément source ne présentait de paramètre "Private" dont la valeur était "true".
         Référence primaire "System.Xml.XmlDocument, Version=8.0.0.0, Culture=neutral, PublicKeyToken=b03f5f7f11d50a3a".
             Le chemin de fichier résolu est "C:\Program Files\dotnet\packs\Microsoft.NETCore.App.Ref\8.0.22\ref\net8.0\System.Xml.XmlDocument.dll".
             Référence trouvée dans l'emplacement du chemin d'accès de recherche "{RawFileName}".
             Cette référence n'est pas "CopyLocal", car le paramètre "Private" d'au moins un élément source avait la valeur "false" et aucun élément source ne présentait de paramètre "Private" dont la valeur était "true".
         Référence primaire "System.Xml.XmlSerializer, Version=8.0.0.0, Culture=neutral, PublicKeyToken=b03f5f7f11d50a3a".
             Le chemin de fichier résolu est "C:\Program Files\dotnet\packs\Microsoft.NETCore.App.Ref\8.0.22\ref\net8.0\System.Xml.XmlSerializer.dll".
             Référence trouvée dans l'emplacement du chemin d'accès de recherche "{RawFileName}".
             Cette référence n'est pas "CopyLocal", car le paramètre "Private" d'au moins un élément source avait la valeur "false" et aucun élément source ne présentait de paramètre "Private" dont la valeur était "true".
         Référence primaire "System.Xml, Version=4.0.0.0, Culture=neutral, PublicKeyToken=b77a5c561934e089".
             Le chemin de fichier résolu est "C:\Program Files\dotnet\packs\Microsoft.NETCore.App.Ref\8.0.22\ref\net8.0\System.Xml.dll".
             Référence trouvée dans l'emplacement du chemin d'accès de recherche "{RawFileName}".
             Cette référence n'est pas "CopyLocal", car le paramètre "Private" d'au moins un élément source avait la valeur "false" et aucun élément source ne présentait de paramètre "Private" dont la valeur était "true".
         Référence primaire "System, Version=4.0.0.0, Culture=neutral, PublicKeyToken=b77a5c561934e089".
             Le chemin de fichier résolu est "C:\Program Files\dotnet\packs\Microsoft.NETCore.App.Ref\8.0.22\ref\net8.0\System.dll".
             Référence trouvée dans l'emplacement du chemin d'accès de recherche "{RawFileName}".
             Cette référence n'est pas "CopyLocal", car le paramètre "Private" d'au moins un élément source avait la valeur "false" et aucun élément source ne présentait de paramètre "Private" dont la valeur était "true".
         Référence primaire "WindowsBase, Version=4.0.0.0, Culture=neutral, PublicKeyToken=31bf3856ad364e35".
             Le chemin de fichier résolu est "C:\Program Files\dotnet\packs\Microsoft.NETCore.App.Ref\8.0.22\ref\net8.0\WindowsBase.dll".
             Référence trouvée dans l'emplacement du chemin d'accès de recherche "{RawFileName}".
             Cette référence n'est pas "CopyLocal", car le paramètre "Private" d'au moins un élément source avait la valeur "false" et aucun élément source ne présentait de paramètre "Private" dont la valeur était "true".
         Référence primaire "mscorlib, Version=4.0.0.0, Culture=neutral, PublicKeyToken=b77a5c561934e089".
             Le chemin de fichier résolu est "C:\Program Files\dotnet\packs\Microsoft.NETCore.App.Ref\8.0.22\ref\net8.0\mscorlib.dll".
             Référence trouvée dans l'emplacement du chemin d'accès de recherche "{RawFileName}".
             Cette référence n'est pas "CopyLocal", car le paramètre "Private" d'au moins un élément source avait la valeur "false" et aucun élément source ne présentait de paramètre "Private" dont la valeur était "true".
         Référence primaire "netstandard, Version=2.1.0.0, Culture=neutral, PublicKeyToken=cc7b13ffcd2ddd51".
             Le chemin de fichier résolu est "C:\Program Files\dotnet\packs\Microsoft.NETCore.App.Ref\8.0.22\ref\net8.0\netstandard.dll".
             Référence trouvée dans l'emplacement du chemin d'accès de recherche "{RawFileName}".
             Cette référence n'est pas "CopyLocal", car le paramètre "Private" d'au moins un élément source avait la valeur "false" et aucun élément source ne présentait de paramètre "Private" dont la valeur était "true".
       Exécution de la tâche "ResolveAssemblyReference" terminée.
   1:7>Génération de la cible "ResolveAssemblyReferences" terminée dans le projet "SystemeCaisse.Infrastructure.csproj".
   1:7>Cible "AfterResolveReferences" dans le fichier "C:\Program Files\dotnet\sdk\10.0.101\Microsoft.Common.CurrentVersion.targets" du projet "C:\Users\Administrateur\Documents\DossierPartage\PROGRAMATION\SystemeCaisse\SystemeCaisse.Infrastructure\SystemeCaisse.Infrastructure.csproj" (la cible "ResolveReferences" en dépend) :
   1:7>Génération de la cible "AfterResolveReferences" terminée dans le projet "SystemeCaisse.Infrastructure.csproj".
   1:7>Cible "ResolveReferences" dans le fichier "C:\Program Files\dotnet\sdk\10.0.101\Microsoft.Common.CurrentVersion.targets" du projet "C:\Users\Administrateur\Documents\DossierPartage\PROGRAMATION\SystemeCaisse\SystemeCaisse.Infrastructure\SystemeCaisse.Infrastructure.csproj" (la cible "_BlockWinMDsOnUnsupportedTFMs" en dépend) :
   1:7>Génération de la cible "ResolveReferences" terminée dans le projet "SystemeCaisse.Infrastructure.csproj".
   1:7>Cible "_BlockWinMDsOnUnsupportedTFMs" dans le fichier "C:\Program Files\dotnet\sdk\10.0.101\Sdks\Microsoft.NET.Sdk\targets\Microsoft.NET.Sdk.targets" du projet "C:\Users\Administrateur\Documents\DossierPartage\PROGRAMATION\SystemeCaisse\SystemeCaisse.Infrastructure\SystemeCaisse.Infrastructure.csproj" (la cible "CoreBuild" en dépend) :
       Utilisation de la tâche "CheckForUnsupportedWinMDReferences" à partir de l'assembly "C:\Program Files\dotnet\sdk\10.0.101\Sdks\Microsoft.NET.Sdk\targets\..\tools\net10.0\Microsoft.NET.Build.Tasks.dll".
       Tâche "CheckForUnsupportedWinMDReferences"
       Exécution de la tâche "CheckForUnsupportedWinMDReferences" terminée.
   1:7>Génération de la cible "_BlockWinMDsOnUnsupportedTFMs" terminée dans le projet "SystemeCaisse.Infrastructure.csproj".
       Cible "ResolveReferences" ignorée. Elle a été générée.
       Cible "ResolvePackageDependenciesForBuild" ignorée. Elle a été générée.
       Cible "_HandlePackageFileConflicts" ignorée. Elle a été générée.
   1:7>Cible "CopyAdditionalFiles" dans le fichier "C:\Program Files\dotnet\sdk\10.0.101\Roslyn\Microsoft.Managed.Core.targets" du projet "C:\Users\Administrateur\Documents\DossierPartage\PROGRAMATION\SystemeCaisse\SystemeCaisse.Infrastructure\SystemeCaisse.Infrastructure.csproj" (la cible "AssignTargetPaths" en dépend) :
   1:7>Génération de la cible "CopyAdditionalFiles" terminée dans le projet "SystemeCaisse.Infrastructure.csproj".
   1:7>Cible "_ComputeNETCoreBuildOutputFiles" dans le fichier "C:\Program Files\dotnet\sdk\10.0.101\Sdks\Microsoft.NET.Sdk\targets\Microsoft.NET.Sdk.targets" du projet "C:\Users\Administrateur\Documents\DossierPartage\PROGRAMATION\SystemeCaisse\SystemeCaisse.Infrastructure\SystemeCaisse.Infrastructure.csproj" (la cible "AssignTargetPaths" en dépend) :
   1:7>Génération de la cible "_ComputeNETCoreBuildOutputFiles" terminée dans le projet "SystemeCaisse.Infrastructure.csproj".
   1:7>Cible "AssignTargetPaths" dans le fichier "C:\Program Files\dotnet\sdk\10.0.101\Microsoft.Common.CurrentVersion.targets" du projet "C:\Users\Administrateur\Documents\DossierPartage\PROGRAMATION\SystemeCaisse\SystemeCaisse.Infrastructure\SystemeCaisse.Infrastructure.csproj" (la cible "PrepareResourceNames" en dépend) :
       Tâche "AssignTargetPath"
       Exécution de la tâche "AssignTargetPath" terminée.
       Tâche "AssignTargetPath"
       Exécution de la tâche "AssignTargetPath" terminée.
       Tâche "AssignTargetPath"
       Exécution de la tâche "AssignTargetPath" terminée.
       Tâche "AssignTargetPath"
       Exécution de la tâche "AssignTargetPath" terminée.
   1:7>Génération de la cible "AssignTargetPaths" terminée dans le projet "SystemeCaisse.Infrastructure.csproj".
       Cible "AssignTargetPaths" ignorée. Elle a été générée.
   1:7>Cible "SplitResourcesByCulture" dans le fichier "C:\Program Files\dotnet\sdk\10.0.101\Microsoft.Common.CurrentVersion.targets" du projet "C:\Users\Administrateur\Documents\DossierPartage\PROGRAMATION\SystemeCaisse\SystemeCaisse.Infrastructure\SystemeCaisse.Infrastructure.csproj" (la cible "PrepareResourceNames" en dépend) :
       Tâche "AssignCulture"
       Exécution de la tâche "AssignCulture" terminée.
   1:7>Génération de la cible "SplitResourcesByCulture" terminée dans le projet "SystemeCaisse.Infrastructure.csproj".
   1:7>Cible "CreateCustomManifestResourceNames" dans le fichier "C:\Program Files\dotnet\sdk\10.0.101\Microsoft.Common.CurrentVersion.targets" du projet "C:\Users\Administrateur\Documents\DossierPartage\PROGRAMATION\SystemeCaisse\SystemeCaisse.Infrastructure\SystemeCaisse.Infrastructure.csproj" (la cible "PrepareResourceNames" en dépend) :
   1:7>Génération de la cible "CreateCustomManifestResourceNames" terminée dans le projet "SystemeCaisse.Infrastructure.csproj".
   1:7>Cible "PrepareResourceNames" dans le fichier "C:\Program Files\dotnet\sdk\10.0.101\Microsoft.Common.CurrentVersion.targets" du projet "C:\Users\Administrateur\Documents\DossierPartage\PROGRAMATION\SystemeCaisse\SystemeCaisse.Infrastructure\SystemeCaisse.Infrastructure.csproj" (la cible "PrepareResources" en dépend) :
   1:7>Génération de la cible "PrepareResourceNames" terminée dans le projet "SystemeCaisse.Infrastructure.csproj".
       Cible "ResolveAssemblyReferences" ignorée. Elle a été générée.
       Cible "SplitResourcesByCulture" ignorée. Elle a été générée.
   1:7>Cible "BeforeResGen" dans le fichier "C:\Program Files\dotnet\sdk\10.0.101\Microsoft.Common.CurrentVersion.targets" du projet "C:\Users\Administrateur\Documents\DossierPartage\PROGRAMATION\SystemeCaisse\SystemeCaisse.Infrastructure\SystemeCaisse.Infrastructure.csproj" (la cible "ResGen" en dépend) :
   1:7>Génération de la cible "BeforeResGen" terminée dans le projet "SystemeCaisse.Infrastructure.csproj".
       Cible "ResolveReferences" ignorée. Elle a été générée.
   1:7>Cible "FindReferenceAssembliesForReferences" dans le fichier "C:\Program Files\dotnet\sdk\10.0.101\Microsoft.Common.CurrentVersion.targets" du projet "C:\Users\Administrateur\Documents\DossierPartage\PROGRAMATION\SystemeCaisse\SystemeCaisse.Infrastructure\SystemeCaisse.Infrastructure.csproj" (la cible "CoreResGen" en dépend) :
   1:7>Génération de la cible "FindReferenceAssembliesForReferences" terminée dans le projet "SystemeCaisse.Infrastructure.csproj".
   1:7>Cible "CoreResGen" dans le fichier "C:\Program Files\dotnet\sdk\10.0.101\Microsoft.Common.CurrentVersion.targets" du projet "C:\Users\Administrateur\Documents\DossierPartage\PROGRAMATION\SystemeCaisse\SystemeCaisse.Infrastructure\SystemeCaisse.Infrastructure.csproj" (la cible "ResGen" en dépend) :
   1:7>Génération de la cible "CoreResGen" terminée dans le projet "SystemeCaisse.Infrastructure.csproj".
   1:7>Cible "AfterResGen" dans le fichier "C:\Program Files\dotnet\sdk\10.0.101\Microsoft.Common.CurrentVersion.targets" du projet "C:\Users\Administrateur\Documents\DossierPartage\PROGRAMATION\SystemeCaisse\SystemeCaisse.Infrastructure\SystemeCaisse.Infrastructure.csproj" (la cible "ResGen" en dépend) :
   1:7>Génération de la cible "AfterResGen" terminée dans le projet "SystemeCaisse.Infrastructure.csproj".
   1:7>Cible "ResGen" dans le fichier "C:\Program Files\dotnet\sdk\10.0.101\Microsoft.Common.CurrentVersion.targets" du projet "C:\Users\Administrateur\Documents\DossierPartage\PROGRAMATION\SystemeCaisse\SystemeCaisse.Infrastructure\SystemeCaisse.Infrastructure.csproj" (la cible "PrepareResources" en dépend) :
   1:7>Génération de la cible "ResGen" terminée dans le projet "SystemeCaisse.Infrastructure.csproj".
   1:7>Cible "PrepareResources" dans le fichier "C:\Program Files\dotnet\sdk\10.0.101\Microsoft.Common.CurrentVersion.targets" du projet "C:\Users\Administrateur\Documents\DossierPartage\PROGRAMATION\SystemeCaisse\SystemeCaisse.Infrastructure\SystemeCaisse.Infrastructure.csproj" (la cible "CoreBuild" en dépend) :
   1:7>Génération de la cible "PrepareResources" terminée dans le projet "SystemeCaisse.Infrastructure.csproj".
       Cible "ResolveReferences" ignorée. Elle a été générée.
   1:7>Cible "_SetEmbeddedWin32ManifestProperties" dans le fichier "C:\Program Files\dotnet\sdk\10.0.101\Microsoft.Common.CurrentVersion.targets" du projet "C:\Users\Administrateur\Documents\DossierPartage\PROGRAMATION\SystemeCaisse\SystemeCaisse.Infrastructure\SystemeCaisse.Infrastructure.csproj" (la cible "SetWin32ManifestProperties" en dépend) :
       Tâche "GetFrameworkPath"
       Exécution de la tâche "GetFrameworkPath" terminée.
   1:7>Génération de la cible "_SetEmbeddedWin32ManifestProperties" terminée dans le projet "SystemeCaisse.Infrastructure.csproj".
   1:7>Cible "SetWin32ManifestProperties" dans le fichier "C:\Program Files\dotnet\sdk\10.0.101\Microsoft.Common.CurrentVersion.targets" du projet "C:\Users\Administrateur\Documents\DossierPartage\PROGRAMATION\SystemeCaisse\SystemeCaisse.Infrastructure\SystemeCaisse.Infrastructure.csproj" (la cible "Compile" en dépend) :
   1:7>Génération de la cible "SetWin32ManifestProperties" terminée dans le projet "SystemeCaisse.Infrastructure.csproj".
       Cible "FindReferenceAssembliesForReferences" ignorée. Elle a été générée.
   1:7>Cible "_GenerateCompileInputs" dans le fichier "C:\Program Files\dotnet\sdk\10.0.101\Microsoft.Common.CurrentVersion.targets" du projet "C:\Users\Administrateur\Documents\DossierPartage\PROGRAMATION\SystemeCaisse\SystemeCaisse.Infrastructure\SystemeCaisse.Infrastructure.csproj" (la cible "Compile" en dépend) :
   1:7>Génération de la cible "_GenerateCompileInputs" terminée dans le projet "SystemeCaisse.Infrastructure.csproj".
       Cible "PrepareForBuild" ignorée. Elle a été générée.
   1:7>Cible "GenerateMSBuildEditorConfigFileShouldRun" dans le fichier "C:\Program Files\dotnet\sdk\10.0.101\Roslyn\Microsoft.Managed.Core.targets" du projet "C:\Users\Administrateur\Documents\DossierPartage\PROGRAMATION\SystemeCaisse\SystemeCaisse.Infrastructure\SystemeCaisse.Infrastructure.csproj" (la cible "GenerateMSBuildEditorConfigFile" en dépend) :
   1:7>Génération de la cible "GenerateMSBuildEditorConfigFileShouldRun" terminée dans le projet "SystemeCaisse.Infrastructure.csproj".
   1:7>Cible "AddGlobalAnalyzerConfigForPackage_MicrosoftCodeAnalysisCSharpCodeStyle" dans le fichier "C:\Program Files\dotnet\sdk\10.0.101\Sdks\Microsoft.NET.Sdk\codestyle\cs\build\Microsoft.CodeAnalysis.CSharp.CodeStyle.targets" du projet "C:\Users\Administrateur\Documents\DossierPartage\PROGRAMATION\SystemeCaisse\SystemeCaisse.Infrastructure\SystemeCaisse.Infrastructure.csproj" (la cible "GenerateMSBuildEditorConfigFileCore" en dépend) :
   1:7>Génération de la cible "AddGlobalAnalyzerConfigForPackage_MicrosoftCodeAnalysisCSharpCodeStyle" terminée dans le projet "SystemeCaisse.Infrastructure.csproj".
   1:7>Cible "GenerateMSBuildEditorConfigFileCore" dans le fichier "C:\Program Files\dotnet\sdk\10.0.101\Roslyn\Microsoft.Managed.Core.targets" du projet "C:\Users\Administrateur\Documents\DossierPartage\PROGRAMATION\SystemeCaisse\SystemeCaisse.Infrastructure\SystemeCaisse.Infrastructure.csproj" (la cible "GenerateMSBuildEditorConfigFile" en dépend) :
       Génération complète de la cible "GenerateMSBuildEditorConfigFileCore".
       Aucun fichier d'entrée n'a été spécifié.
       Utilisation de la tâche "GenerateMSBuildEditorConfig" à partir de l'assembly "C:\Program Files\dotnet\sdk\10.0.101\Sdks\Microsoft.NET.Sdk\targets\..\..\..\Roslyn\Microsoft.Build.Tasks.CodeAnalysis.dll".
       Tâche "GenerateMSBuildEditorConfig"
       Exécution de la tâche "GenerateMSBuildEditorConfig" terminée.
   1:7>Génération de la cible "GenerateMSBuildEditorConfigFileCore" terminée dans le projet "SystemeCaisse.Infrastructure.csproj".
   1:7>Cible "GenerateMSBuildEditorConfigFile" dans le fichier "C:\Program Files\dotnet\sdk\10.0.101\Roslyn\Microsoft.Managed.Core.targets" du projet "C:\Users\Administrateur\Documents\DossierPartage\PROGRAMATION\SystemeCaisse\SystemeCaisse.Infrastructure\SystemeCaisse.Infrastructure.csproj" (la cible "BeforeCompile" en dépend) :
   1:7>Génération de la cible "GenerateMSBuildEditorConfigFile" terminée dans le projet "SystemeCaisse.Infrastructure.csproj".
       Cible "PrepareForBuild" ignorée. Elle a été générée.
       Cible "GetReferenceAssemblyPaths" ignorée. Elle a été générée.
   1:7>Cible "_SetTargetFrameworkMonikerAttribute" dans le fichier "C:\Program Files\dotnet\sdk\10.0.101\Microsoft.CSharp.CurrentVersion.targets" du projet "C:\Users\Administrateur\Documents\DossierPartage\PROGRAMATION\SystemeCaisse\SystemeCaisse.Infrastructure\SystemeCaisse.Infrastructure.csproj" (la cible "GenerateTargetFrameworkMonikerAttribute" en dépend) :
   1:7>Génération de la cible "_SetTargetFrameworkMonikerAttribute" terminée dans le projet "SystemeCaisse.Infrastructure.csproj".
   1:7>Cible "GenerateTargetFrameworkMonikerAttribute" dans le fichier "C:\Program Files\dotnet\sdk\10.0.101\Microsoft.Common.CurrentVersion.targets" du projet "C:\Users\Administrateur\Documents\DossierPartage\PROGRAMATION\SystemeCaisse\SystemeCaisse.Infrastructure\SystemeCaisse.Infrastructure.csproj" (la cible "BeforeCompile" en dépend) :
       La cible est ignorée "GenerateTargetFrameworkMonikerAttribute", car tous les fichiers de sortie sont à jour par rapport aux fichiers d'entrée.
       Fichiers d'entrée : C:\Program Files\dotnet\sdk\10.0.101\Microsoft.Common.targets
       Fichiers de sortie : obj\Debug\net8.0\.NETCoreApp,Version=v8.0.AssemblyAttributes.cs
   1:7>Génération de la cible "GenerateTargetFrameworkMonikerAttribute" terminée dans le projet "SystemeCaisse.Infrastructure.csproj".
       Cible "PrepareForBuild" ignorée. Elle a été générée.
   1:7>Cible "GetAssemblyVersion" dans le fichier "C:\Program Files\dotnet\sdk\10.0.101\Sdks\Microsoft.NET.Sdk\targets\Microsoft.NET.GenerateAssemblyInfo.targets" du projet "C:\Users\Administrateur\Documents\DossierPartage\PROGRAMATION\SystemeCaisse\SystemeCaisse.Infrastructure\SystemeCaisse.Infrastructure.csproj" (la cible "GetAssemblyAttributes" en dépend) :
       Utilisation de la tâche "GetAssemblyVersion" à partir de l'assembly "C:\Program Files\dotnet\sdk\10.0.101\Sdks\Microsoft.NET.Sdk\targets\..\tools\net10.0\Microsoft.NET.Build.Tasks.dll".
       Tâche "GetAssemblyVersion"
       Exécution de la tâche "GetAssemblyVersion" terminée.
   1:7>Génération de la cible "GetAssemblyVersion" terminée dans le projet "SystemeCaisse.Infrastructure.csproj".
   1:7>Cible "InitializeSourceControlInformationFromSourceControlManager" dans le fichier "C:\Program Files\dotnet\sdk\10.0.101\Sdks\Microsoft.Build.Tasks.Git\build\Microsoft.Build.Tasks.Git.targets" du projet "C:\Users\Administrateur\Documents\DossierPartage\PROGRAMATION\SystemeCaisse\SystemeCaisse.Infrastructure\SystemeCaisse.Infrastructure.csproj" (la cible "_InitializeSourceControlInformationFromSourceControlManager" en dépend) :
       Utilisation de la tâche "Microsoft.Build.Tasks.Git.LocateRepository" à partir de l'assembly "C:\Program Files\dotnet\sdk\10.0.101\Sdks\Microsoft.Build.Tasks.Git\build\..\tools\net\Microsoft.Build.Tasks.Git.dll".
       Tâche "Microsoft.Build.Tasks.Git.LocateRepository"
       Exécution de la tâche "Microsoft.Build.Tasks.Git.LocateRepository" terminée.
   1:7>Génération de la cible "InitializeSourceControlInformationFromSourceControlManager" terminée dans le projet "SystemeCaisse.Infrastructure.csproj".
   1:7>Cible "_SourceLinkHasSingleProvider" dans le fichier "C:\Program Files\dotnet\sdk\10.0.101\Sdks\Microsoft.SourceLink.Common\build\InitializeSourceControlInformation.targets" du projet "C:\Users\Administrateur\Documents\DossierPartage\PROGRAMATION\SystemeCaisse\SystemeCaisse.Infrastructure\SystemeCaisse.Infrastructure.csproj" (la cible "_InitializeSourceControlInformationFromSourceControlManager" en dépend) :
       Utilisation de la tâche "Microsoft.SourceLink.Common.SourceLinkHasSingleProvider" à partir de l'assembly "C:\Program Files\dotnet\sdk\10.0.101\Sdks\Microsoft.SourceLink.Common\build\..\tools\net\Microsoft.SourceLink.Common.dll".
       Tâche "Microsoft.SourceLink.Common.SourceLinkHasSingleProvider"
       Exécution de la tâche "Microsoft.SourceLink.Common.SourceLinkHasSingleProvider" terminée.
   1:7>Génération de la cible "_SourceLinkHasSingleProvider" terminée dans le projet "SystemeCaisse.Infrastructure.csproj".
   1:7>Cible "TranslateGitHubUrlsInSourceControlInformation" dans le fichier "C:\Program Files\dotnet\sdk\10.0.101\Sdks\Microsoft.SourceLink.GitHub\build\Microsoft.SourceLink.GitHub.targets" du projet "C:\Users\Administrateur\Documents\DossierPartage\PROGRAMATION\SystemeCaisse\SystemeCaisse.Infrastructure\SystemeCaisse.Infrastructure.csproj" (la cible "_InitializeSourceControlInformationFromSourceControlManager" en dépend) :
       Utilisation de la tâche "Microsoft.SourceLink.GitHub.TranslateRepositoryUrls" à partir de l'assembly "C:\Program Files\dotnet\sdk\10.0.101\Sdks\Microsoft.SourceLink.GitHub\build\..\tools\net\Microsoft.SourceLink.GitHub.dll".
       Tâche "Microsoft.SourceLink.GitHub.TranslateRepositoryUrls"
       Exécution de la tâche "Microsoft.SourceLink.GitHub.TranslateRepositoryUrls" terminée.
   1:7>Génération de la cible "TranslateGitHubUrlsInSourceControlInformation" terminée dans le projet "SystemeCaisse.Infrastructure.csproj".
   1:7>Cible "TranslateGitLabUrlsInSourceControlInformation" dans le fichier "C:\Program Files\dotnet\sdk\10.0.101\Sdks\Microsoft.SourceLink.GitLab\build\Microsoft.SourceLink.GitLab.targets" du projet "C:\Users\Administrateur\Documents\DossierPartage\PROGRAMATION\SystemeCaisse\SystemeCaisse.Infrastructure\SystemeCaisse.Infrastructure.csproj" (la cible "_InitializeSourceControlInformationFromSourceControlManager" en dépend) :
       Utilisation de la tâche "Microsoft.SourceLink.GitLab.TranslateRepositoryUrls" à partir de l'assembly "C:\Program Files\dotnet\sdk\10.0.101\Sdks\Microsoft.SourceLink.GitLab\build\..\tools\net\Microsoft.SourceLink.GitLab.dll".
       Tâche "Microsoft.SourceLink.GitLab.TranslateRepositoryUrls"
       Exécution de la tâche "Microsoft.SourceLink.GitLab.TranslateRepositoryUrls" terminée.
   1:7>Génération de la cible "TranslateGitLabUrlsInSourceControlInformation" terminée dans le projet "SystemeCaisse.Infrastructure.csproj".
   1:7>Cible "TranslateAzureReposGitUrlsInSourceControlInformation" dans le fichier "C:\Program Files\dotnet\sdk\10.0.101\Sdks\Microsoft.SourceLink.AzureRepos.Git\build\Microsoft.SourceLink.AzureRepos.Git.targets" du projet "C:\Users\Administrateur\Documents\DossierPartage\PROGRAMATION\SystemeCaisse\SystemeCaisse.Infrastructure\SystemeCaisse.Infrastructure.csproj" (la cible "_InitializeSourceControlInformationFromSourceControlManager" en dépend) :
       Utilisation de la tâche "Microsoft.SourceLink.AzureRepos.Git.TranslateRepositoryUrls" à partir de l'assembly "C:\Program Files\dotnet\sdk\10.0.101\Sdks\Microsoft.SourceLink.AzureRepos.Git\build\..\tools\net\Microsoft.SourceLink.AzureRepos.Git.dll".
       Tâche "Microsoft.SourceLink.AzureRepos.Git.TranslateRepositoryUrls"
       Exécution de la tâche "Microsoft.SourceLink.AzureRepos.Git.TranslateRepositoryUrls" terminée.
   1:7>Génération de la cible "TranslateAzureReposGitUrlsInSourceControlInformation" terminée dans le projet "SystemeCaisse.Infrastructure.csproj".
   1:7>Cible "TranslateBitbucketGitUrlsInSourceControlInformation" dans le fichier "C:\Program Files\dotnet\sdk\10.0.101\Sdks\Microsoft.SourceLink.Bitbucket.Git\build\Microsoft.SourceLink.Bitbucket.Git.targets" du projet "C:\Users\Administrateur\Documents\DossierPartage\PROGRAMATION\SystemeCaisse\SystemeCaisse.Infrastructure\SystemeCaisse.Infrastructure.csproj" (la cible "_InitializeSourceControlInformationFromSourceControlManager" en dépend) :
       Utilisation de la tâche "Microsoft.SourceLink.Bitbucket.Git.TranslateRepositoryUrls" à partir de l'assembly "C:\Program Files\dotnet\sdk\10.0.101\Sdks\Microsoft.SourceLink.Bitbucket.Git\build\..\tools\net\Microsoft.SourceLink.Bitbucket.Git.dll".
       Tâche "Microsoft.SourceLink.Bitbucket.Git.TranslateRepositoryUrls"
       Exécution de la tâche "Microsoft.SourceLink.Bitbucket.Git.TranslateRepositoryUrls" terminée.
   1:7>Génération de la cible "TranslateBitbucketGitUrlsInSourceControlInformation" terminée dans le projet "SystemeCaisse.Infrastructure.csproj".
   1:7>Cible "SourceControlManagerPublishTranslatedUrls" dans le fichier "C:\Program Files\dotnet\sdk\10.0.101\Sdks\Microsoft.SourceLink.Common\build\InitializeSourceControlInformation.targets" du projet "C:\Users\Administrateur\Documents\DossierPartage\PROGRAMATION\SystemeCaisse\SystemeCaisse.Infrastructure\SystemeCaisse.Infrastructure.csproj" (la cible "_InitializeSourceControlInformationFromSourceControlManager" en dépend) :
   1:7>Génération de la cible "SourceControlManagerPublishTranslatedUrls" terminée dans le projet "SystemeCaisse.Infrastructure.csproj".
   1:7>Cible "_InitializeSourceControlInformationFromSourceControlManager" dans le fichier "C:\Program Files\dotnet\sdk\10.0.101\Sdks\Microsoft.SourceLink.Common\build\InitializeSourceControlInformation.targets" du projet "C:\Users\Administrateur\Documents\DossierPartage\PROGRAMATION\SystemeCaisse\SystemeCaisse.Infrastructure\SystemeCaisse.Infrastructure.csproj" (la cible "InitializeSourceControlInformation" en dépend) :
   1:7>Génération de la cible "_InitializeSourceControlInformationFromSourceControlManager" terminée dans le projet "SystemeCaisse.Infrastructure.csproj".
   1:7>Cible "InitializeSourceControlInformation" dans le fichier "C:\Program Files\dotnet\sdk\10.0.101\Microsoft.Common.CurrentVersion.targets" du projet "C:\Users\Administrateur\Documents\DossierPartage\PROGRAMATION\SystemeCaisse\SystemeCaisse.Infrastructure\SystemeCaisse.Infrastructure.csproj" (la cible "GetAssemblyAttributes" en dépend) :
   1:7>Génération de la cible "InitializeSourceControlInformation" terminée dans le projet "SystemeCaisse.Infrastructure.csproj".
       Cible "GetAssemblyVersion" ignorée. Elle a été générée.
       Cible "InitializeSourceControlInformation" ignorée. Elle a été générée.
   1:7>Cible "AddSourceRevisionToInformationalVersion" dans le fichier "C:\Program Files\dotnet\sdk\10.0.101\Sdks\Microsoft.NET.Sdk\targets\Microsoft.NET.GenerateAssemblyInfo.targets" du projet "C:\Users\Administrateur\Documents\DossierPartage\PROGRAMATION\SystemeCaisse\SystemeCaisse.Infrastructure\SystemeCaisse.Infrastructure.csproj" (la cible "GetAssemblyAttributes" en dépend) :
   1:7>Génération de la cible "AddSourceRevisionToInformationalVersion" terminée dans le projet "SystemeCaisse.Infrastructure.csproj".
   1:7>Cible "GetAssemblyAttributes" dans le fichier "C:\Program Files\dotnet\sdk\10.0.101\Sdks\Microsoft.NET.Sdk\targets\Microsoft.NET.GenerateAssemblyInfo.targets" du projet "C:\Users\Administrateur\Documents\DossierPartage\PROGRAMATION\SystemeCaisse\SystemeCaisse.Infrastructure\SystemeCaisse.Infrastructure.csproj" (la cible "CreateGeneratedAssemblyInfoInputsCacheFile" en dépend) :
   1:7>Génération de la cible "GetAssemblyAttributes" terminée dans le projet "SystemeCaisse.Infrastructure.csproj".
   1:7>Cible "CreateGeneratedAssemblyInfoInputsCacheFile" dans le fichier "C:\Program Files\dotnet\sdk\10.0.101\Sdks\Microsoft.NET.Sdk\targets\Microsoft.NET.GenerateAssemblyInfo.targets" du projet "C:\Users\Administrateur\Documents\DossierPartage\PROGRAMATION\SystemeCaisse\SystemeCaisse.Infrastructure\SystemeCaisse.Infrastructure.csproj" (la cible "CoreGenerateAssemblyInfo" en dépend) :
       Tâche "Hash"
       Exécution de la tâche "Hash" terminée.
       Tâche "WriteLinesToFile"
         L'écriture dans le fichier "obj\Debug\net8.0\SystemeCaisse.Infrastructure.AssemblyInfoInputs.cache" est ignorée, car le contenu ne change pas.
       Exécution de la tâche "WriteLinesToFile" terminée.
   1:7>Génération de la cible "CreateGeneratedAssemblyInfoInputsCacheFile" terminée dans le projet "SystemeCaisse.Infrastructure.csproj".
   1:7>Cible "CoreGenerateAssemblyInfo" dans le fichier "C:\Program Files\dotnet\sdk\10.0.101\Sdks\Microsoft.NET.Sdk\targets\Microsoft.NET.GenerateAssemblyInfo.targets" du projet "C:\Users\Administrateur\Documents\DossierPartage\PROGRAMATION\SystemeCaisse\SystemeCaisse.Infrastructure\SystemeCaisse.Infrastructure.csproj" (la cible "GenerateAssemblyInfo" en dépend) :
       La cible est ignorée "CoreGenerateAssemblyInfo", car tous les fichiers de sortie sont à jour par rapport aux fichiers d'entrée.
       Fichiers d'entrée : obj\Debug\net8.0\SystemeCaisse.Infrastructure.AssemblyInfoInputs.cache
       Fichiers de sortie : obj\Debug\net8.0\SystemeCaisse.Infrastructure.AssemblyInfo.cs
   1:7>Génération de la cible "CoreGenerateAssemblyInfo" terminée dans le projet "SystemeCaisse.Infrastructure.csproj".
   1:7>Cible "GenerateAssemblyInfo" dans le fichier "C:\Program Files\dotnet\sdk\10.0.101\Sdks\Microsoft.NET.Sdk\targets\Microsoft.NET.GenerateAssemblyInfo.targets" du projet "C:\Users\Administrateur\Documents\DossierPartage\PROGRAMATION\SystemeCaisse\SystemeCaisse.Infrastructure\SystemeCaisse.Infrastructure.csproj" (la cible "BeforeCompile" en dépend) :
   1:7>Génération de la cible "GenerateAssemblyInfo" terminée dans le projet "SystemeCaisse.Infrastructure.csproj".
   1:7>Cible "BeforeCompile" dans le fichier "C:\Program Files\dotnet\sdk\10.0.101\Microsoft.Common.CurrentVersion.targets" du projet "C:\Users\Administrateur\Documents\DossierPartage\PROGRAMATION\SystemeCaisse\SystemeCaisse.Infrastructure\SystemeCaisse.Infrastructure.csproj" (la cible "Compile" en dépend) :
   1:7>Génération de la cible "BeforeCompile" terminée dans le projet "SystemeCaisse.Infrastructure.csproj".
       Cible "ResolveAssemblyReferences" ignorée. Elle a été générée.
       Cible "_GenerateCompileInputs" ignorée. Elle a été générée.
   1:7>Cible "_GenerateCompileDependencyCache" dans le fichier "C:\Program Files\dotnet\sdk\10.0.101\Microsoft.Common.CurrentVersion.targets" du projet "C:\Users\Administrateur\Documents\DossierPartage\PROGRAMATION\SystemeCaisse\SystemeCaisse.Infrastructure\SystemeCaisse.Infrastructure.csproj" (la cible "Compile" en dépend) :
       Tâche "Hash"
       Exécution de la tâche "Hash" terminée.
       Tâche "WriteLinesToFile"
         L'écriture dans le fichier "obj\Debug\net8.0\SystemeCaisse.Infrastructure.csproj.CoreCompileInputs.cache" est ignorée, car le contenu ne change pas.
       Exécution de la tâche "WriteLinesToFile" terminée.
   1:7>Génération de la cible "_GenerateCompileDependencyCache" terminée dans le projet "SystemeCaisse.Infrastructure.csproj".
   1:7>Cible "_BeforeVBCSCoreCompile" dans le fichier "C:\Program Files\dotnet\sdk\10.0.101\Roslyn\Microsoft.Managed.Core.targets" du projet "C:\Users\Administrateur\Documents\DossierPartage\PROGRAMATION\SystemeCaisse\SystemeCaisse.Infrastructure\SystemeCaisse.Infrastructure.csproj" (la cible "CoreCompile" en dépend) :
   1:7>Génération de la cible "_BeforeVBCSCoreCompile" terminée dans le projet "SystemeCaisse.Infrastructure.csproj".
   1:7>Cible "_ComputeSkipAnalyzers" dans le fichier "C:\Program Files\dotnet\sdk\10.0.101\Roslyn\Microsoft.Managed.Core.targets" du projet "C:\Users\Administrateur\Documents\DossierPartage\PROGRAMATION\SystemeCaisse\SystemeCaisse.Infrastructure\SystemeCaisse.Infrastructure.csproj" (la cible "CoreCompile" en dépend) :
   1:7>Génération de la cible "_ComputeSkipAnalyzers" terminée dans le projet "SystemeCaisse.Infrastructure.csproj".
       Cible "BeforeCompile" ignorée. Elle a été générée.
       Cible "InitializeSourceControlInformationFromSourceControlManager" ignorée. Elle a été générée.
   1:7>Cible "SetEmbeddedFilesFromSourceControlManagerUntrackedFiles" dans le fichier "C:\Program Files\dotnet\sdk\10.0.101\Sdks\Microsoft.Build.Tasks.Git\build\Microsoft.Build.Tasks.Git.targets" du projet "C:\Users\Administrateur\Documents\DossierPartage\PROGRAMATION\SystemeCaisse\SystemeCaisse.Infrastructure\SystemeCaisse.Infrastructure.csproj" (la cible "_SetEmbeddedFilesFromSourceControlManagerUntrackedFiles" en dépend) :
   1:7>Génération de la cible "SetEmbeddedFilesFromSourceControlManagerUntrackedFiles" terminée dans le projet "SystemeCaisse.Infrastructure.csproj".
   1:7>Cible "_SetEmbeddedFilesFromSourceControlManagerUntrackedFiles" dans le fichier "C:\Program Files\dotnet\sdk\10.0.101\Sdks\Microsoft.SourceLink.Common\build\Microsoft.SourceLink.Common.targets" du projet "C:\Users\Administrateur\Documents\DossierPartage\PROGRAMATION\SystemeCaisse\SystemeCaisse.Infrastructure\SystemeCaisse.Infrastructure.csproj" (la cible "CoreCompile" en dépend) :
   1:7>Génération de la cible "_SetEmbeddedFilesFromSourceControlManagerUntrackedFiles" terminée dans le projet "SystemeCaisse.Infrastructure.csproj".
       Cible "InitializeSourceControlInformation" ignorée. Elle a été générée.
   1:7>Cible "_SetSourceLinkFilePath" dans le fichier "C:\Program Files\dotnet\sdk\10.0.101\Sdks\Microsoft.SourceLink.Common\build\Microsoft.SourceLink.Common.targets" du projet "C:\Users\Administrateur\Documents\DossierPartage\PROGRAMATION\SystemeCaisse\SystemeCaisse.Infrastructure\SystemeCaisse.Infrastructure.csproj" (la cible "_GenerateSourceLinkFile" en dépend) :
   1:7>Génération de la cible "_SetSourceLinkFilePath" terminée dans le projet "SystemeCaisse.Infrastructure.csproj".
       Cible "InitializeSourceControlInformation" ignorée. Elle a été générée.
   1:7>Cible "_InitializeSourceRootMappedPathsFromSourceControl" dans le fichier "C:\Program Files\dotnet\sdk\10.0.101\Roslyn\Microsoft.Managed.Core.targets" du projet "C:\Users\Administrateur\Documents\DossierPartage\PROGRAMATION\SystemeCaisse\SystemeCaisse.Infrastructure\SystemeCaisse.Infrastructure.csproj" (la cible "InitializeSourceRootMappedPaths" en dépend) :
   1:7>Génération de la cible "_InitializeSourceRootMappedPathsFromSourceControl" terminée dans le projet "SystemeCaisse.Infrastructure.csproj".
   1:7>Cible "InitializeSourceRootMappedPaths" dans le fichier "C:\Program Files\dotnet\sdk\10.0.101\Roslyn\Microsoft.Managed.Core.targets" du projet "C:\Users\Administrateur\Documents\DossierPartage\PROGRAMATION\SystemeCaisse\SystemeCaisse.Infrastructure\SystemeCaisse.Infrastructure.csproj" (la cible "_InitializeSourceRootMappedPathsOpt" en dépend) :
       Utilisation de la tâche "Microsoft.CodeAnalysis.BuildTasks.MapSourceRoots" à partir de l'assembly "C:\Program Files\dotnet\sdk\10.0.101\Sdks\Microsoft.NET.Sdk\targets\..\..\..\Roslyn\Microsoft.Build.Tasks.CodeAnalysis.dll".
       Tâche "Microsoft.CodeAnalysis.BuildTasks.MapSourceRoots"
       Exécution de la tâche "Microsoft.CodeAnalysis.BuildTasks.MapSourceRoots" terminée.
   1:7>Génération de la cible "InitializeSourceRootMappedPaths" terminée dans le projet "SystemeCaisse.Infrastructure.csproj".
   1:7>Cible "_InitializeSourceRootMappedPathsOpt" dans le fichier "C:\Program Files\dotnet\sdk\10.0.101\Sdks\Microsoft.SourceLink.Common\build\Microsoft.SourceLink.Common.targets" du projet "C:\Users\Administrateur\Documents\DossierPartage\PROGRAMATION\SystemeCaisse\SystemeCaisse.Infrastructure\SystemeCaisse.Infrastructure.csproj" (la cible "_GenerateSourceLinkFile" en dépend) :
   1:7>Génération de la cible "_InitializeSourceRootMappedPathsOpt" terminée dans le projet "SystemeCaisse.Infrastructure.csproj".
   1:7>Cible "_InitializeGitHubSourceLinkUrl" dans le fichier "C:\Program Files\dotnet\sdk\10.0.101\Sdks\Microsoft.SourceLink.GitHub\build\Microsoft.SourceLink.GitHub.targets" du projet "C:\Users\Administrateur\Documents\DossierPartage\PROGRAMATION\SystemeCaisse\SystemeCaisse.Infrastructure\SystemeCaisse.Infrastructure.csproj" (la cible "_GenerateSourceLinkFile" en dépend) :
       Génération complète de la cible "_InitializeGitHubSourceLinkUrl".
       Aucun fichier d'entrée n'a été spécifié.
       Utilisation de la tâche "Microsoft.SourceLink.GitHub.GetSourceLinkUrl" à partir de l'assembly "C:\Program Files\dotnet\sdk\10.0.101\Sdks\Microsoft.SourceLink.GitHub\build\..\tools\net\Microsoft.SourceLink.GitHub.dll".
       Tâche "Microsoft.SourceLink.GitHub.GetSourceLinkUrl"
       Exécution de la tâche "Microsoft.SourceLink.GitHub.GetSourceLinkUrl" terminée.
   1:7>Génération de la cible "_InitializeGitHubSourceLinkUrl" terminée dans le projet "SystemeCaisse.Infrastructure.csproj".
   1:7>Cible "_InitializeGitHubSourceLinkUrl" dans le fichier "C:\Program Files\dotnet\sdk\10.0.101\Sdks\Microsoft.SourceLink.GitHub\build\Microsoft.SourceLink.GitHub.targets" du projet "C:\Users\Administrateur\Documents\DossierPartage\PROGRAMATION\SystemeCaisse\SystemeCaisse.Infrastructure\SystemeCaisse.Infrastructure.csproj" (la cible "_GenerateSourceLinkFile" en dépend) :
       Génération complète de la cible "_InitializeGitHubSourceLinkUrl".
       Aucun fichier d'entrée n'a été spécifié.
       Tâche "Microsoft.SourceLink.GitHub.GetSourceLinkUrl"
       Exécution de la tâche "Microsoft.SourceLink.GitHub.GetSourceLinkUrl" terminée.
   1:7>Génération de la cible "_InitializeGitHubSourceLinkUrl" terminée dans le projet "SystemeCaisse.Infrastructure.csproj".
   1:7>Cible "_InitializeGitLabSourceLinkUrl" dans le fichier "C:\Program Files\dotnet\sdk\10.0.101\Sdks\Microsoft.SourceLink.GitLab\build\Microsoft.SourceLink.GitLab.targets" du projet "C:\Users\Administrateur\Documents\DossierPartage\PROGRAMATION\SystemeCaisse\SystemeCaisse.Infrastructure\SystemeCaisse.Infrastructure.csproj" (la cible "_GenerateSourceLinkFile" en dépend) :
       Génération complète de la cible "_InitializeGitLabSourceLinkUrl".
       Aucun fichier d'entrée n'a été spécifié.
       Utilisation de la tâche "Microsoft.SourceLink.GitLab.GetSourceLinkUrl" à partir de l'assembly "C:\Program Files\dotnet\sdk\10.0.101\Sdks\Microsoft.SourceLink.GitLab\build\..\tools\net\Microsoft.SourceLink.GitLab.dll".
       Tâche "Microsoft.SourceLink.GitLab.GetSourceLinkUrl"
       Exécution de la tâche "Microsoft.SourceLink.GitLab.GetSourceLinkUrl" terminée.
   1:7>Génération de la cible "_InitializeGitLabSourceLinkUrl" terminée dans le projet "SystemeCaisse.Infrastructure.csproj".
   1:7>Cible "_InitializeGitLabSourceLinkUrl" dans le fichier "C:\Program Files\dotnet\sdk\10.0.101\Sdks\Microsoft.SourceLink.GitLab\build\Microsoft.SourceLink.GitLab.targets" du projet "C:\Users\Administrateur\Documents\DossierPartage\PROGRAMATION\SystemeCaisse\SystemeCaisse.Infrastructure\SystemeCaisse.Infrastructure.csproj" (la cible "_GenerateSourceLinkFile" en dépend) :
       Génération complète de la cible "_InitializeGitLabSourceLinkUrl".
       Aucun fichier d'entrée n'a été spécifié.
       Tâche "Microsoft.SourceLink.GitLab.GetSourceLinkUrl"
       Exécution de la tâche "Microsoft.SourceLink.GitLab.GetSourceLinkUrl" terminée.
   1:7>Génération de la cible "_InitializeGitLabSourceLinkUrl" terminée dans le projet "SystemeCaisse.Infrastructure.csproj".
   1:7>Cible "_InitializeAzureReposGitSourceLinkUrl" dans le fichier "C:\Program Files\dotnet\sdk\10.0.101\Sdks\Microsoft.SourceLink.AzureRepos.Git\build\Microsoft.SourceLink.AzureRepos.Git.targets" du projet "C:\Users\Administrateur\Documents\DossierPartage\PROGRAMATION\SystemeCaisse\SystemeCaisse.Infrastructure\SystemeCaisse.Infrastructure.csproj" (la cible "_GenerateSourceLinkFile" en dépend) :
       Génération complète de la cible "_InitializeAzureReposGitSourceLinkUrl".
       Aucun fichier d'entrée n'a été spécifié.
       Utilisation de la tâche "Microsoft.SourceLink.AzureRepos.Git.GetSourceLinkUrl" à partir de l'assembly "C:\Program Files\dotnet\sdk\10.0.101\Sdks\Microsoft.SourceLink.AzureRepos.Git\build\..\tools\net\Microsoft.SourceLink.AzureRepos.Git.dll".
       Tâche "Microsoft.SourceLink.AzureRepos.Git.GetSourceLinkUrl"
       Exécution de la tâche "Microsoft.SourceLink.AzureRepos.Git.GetSourceLinkUrl" terminée.
   1:7>Génération de la cible "_InitializeAzureReposGitSourceLinkUrl" terminée dans le projet "SystemeCaisse.Infrastructure.csproj".
   1:7>Cible "_InitializeAzureReposGitSourceLinkUrl" dans le fichier "C:\Program Files\dotnet\sdk\10.0.101\Sdks\Microsoft.SourceLink.AzureRepos.Git\build\Microsoft.SourceLink.AzureRepos.Git.targets" du projet "C:\Users\Administrateur\Documents\DossierPartage\PROGRAMATION\SystemeCaisse\SystemeCaisse.Infrastructure\SystemeCaisse.Infrastructure.csproj" (la cible "_GenerateSourceLinkFile" en dépend) :
       Génération complète de la cible "_InitializeAzureReposGitSourceLinkUrl".
       Aucun fichier d'entrée n'a été spécifié.
       Tâche "Microsoft.SourceLink.AzureRepos.Git.GetSourceLinkUrl"
       Exécution de la tâche "Microsoft.SourceLink.AzureRepos.Git.GetSourceLinkUrl" terminée.
   1:7>Génération de la cible "_InitializeAzureReposGitSourceLinkUrl" terminée dans le projet "SystemeCaisse.Infrastructure.csproj".
   1:7>Cible "_InitializeBitbucketGitSourceLinkUrl" dans le fichier "C:\Program Files\dotnet\sdk\10.0.101\Sdks\Microsoft.SourceLink.Bitbucket.Git\build\Microsoft.SourceLink.Bitbucket.Git.targets" du projet "C:\Users\Administrateur\Documents\DossierPartage\PROGRAMATION\SystemeCaisse\SystemeCaisse.Infrastructure\SystemeCaisse.Infrastructure.csproj" (la cible "_GenerateSourceLinkFile" en dépend) :
       Génération complète de la cible "_InitializeBitbucketGitSourceLinkUrl".
       Aucun fichier d'entrée n'a été spécifié.
       Utilisation de la tâche "Microsoft.SourceLink.Bitbucket.Git.GetSourceLinkUrl" à partir de l'assembly "C:\Program Files\dotnet\sdk\10.0.101\Sdks\Microsoft.SourceLink.Bitbucket.Git\build\..\tools\net\Microsoft.SourceLink.Bitbucket.Git.dll".
       Tâche "Microsoft.SourceLink.Bitbucket.Git.GetSourceLinkUrl"
       Exécution de la tâche "Microsoft.SourceLink.Bitbucket.Git.GetSourceLinkUrl" terminée.
   1:7>Génération de la cible "_InitializeBitbucketGitSourceLinkUrl" terminée dans le projet "SystemeCaisse.Infrastructure.csproj".
   1:7>Cible "_InitializeBitbucketGitSourceLinkUrl" dans le fichier "C:\Program Files\dotnet\sdk\10.0.101\Sdks\Microsoft.SourceLink.Bitbucket.Git\build\Microsoft.SourceLink.Bitbucket.Git.targets" du projet "C:\Users\Administrateur\Documents\DossierPartage\PROGRAMATION\SystemeCaisse\SystemeCaisse.Infrastructure\SystemeCaisse.Infrastructure.csproj" (la cible "_GenerateSourceLinkFile" en dépend) :
       Génération complète de la cible "_InitializeBitbucketGitSourceLinkUrl".
       Aucun fichier d'entrée n'a été spécifié.
       Tâche "Microsoft.SourceLink.Bitbucket.Git.GetSourceLinkUrl"
       Exécution de la tâche "Microsoft.SourceLink.Bitbucket.Git.GetSourceLinkUrl" terminée.
   1:7>Génération de la cible "_InitializeBitbucketGitSourceLinkUrl" terminée dans le projet "SystemeCaisse.Infrastructure.csproj".
   1:7>Cible "_GenerateSourceLinkFile" dans le fichier "C:\Program Files\dotnet\sdk\10.0.101\Sdks\Microsoft.SourceLink.Common\build\Microsoft.SourceLink.Common.targets" du projet "C:\Users\Administrateur\Documents\DossierPartage\PROGRAMATION\SystemeCaisse\SystemeCaisse.Infrastructure\SystemeCaisse.Infrastructure.csproj" (la cible "GenerateSourceLinkFile" en dépend) :
       Génération complète de la cible "_GenerateSourceLinkFile".
       Aucun fichier d'entrée n'a été spécifié.
       Utilisation de la tâche "Microsoft.SourceLink.Common.GenerateSourceLinkFile" à partir de l'assembly "C:\Program Files\dotnet\sdk\10.0.101\Sdks\Microsoft.SourceLink.Common\build\..\tools\net\Microsoft.SourceLink.Common.dll".
       Tâche "Microsoft.SourceLink.Common.GenerateSourceLinkFile"
         Source Link est vide, le fichier 'obj\Debug\net8.0\SystemeCaisse.Infrastructure.sourcelink.json' n’existe pas.
       Exécution de la tâche "Microsoft.SourceLink.Common.GenerateSourceLinkFile" terminée.
   1:7>Génération de la cible "_GenerateSourceLinkFile" terminée dans le projet "SystemeCaisse.Infrastructure.csproj".
   1:7>Cible "GenerateSourceLinkFile" dans le fichier "C:\Program Files\dotnet\sdk\10.0.101\Sdks\Microsoft.SourceLink.Common\build\Microsoft.SourceLink.Common.targets" du projet "C:\Users\Administrateur\Documents\DossierPartage\PROGRAMATION\SystemeCaisse\SystemeCaisse.Infrastructure\SystemeCaisse.Infrastructure.csproj" (la cible "CoreCompile" en dépend) :
   1:7>Génération de la cible "GenerateSourceLinkFile" terminée dans le projet "SystemeCaisse.Infrastructure.csproj".
   1:7>Cible "AddGlobalAnalyzerConfigForPackage_MicrosoftCodeAnalysisNetAnalyzers" dans le fichier "C:\Program Files\dotnet\sdk\10.0.101\Sdks\Microsoft.NET.Sdk\analyzers\build\Microsoft.CodeAnalysis.NetAnalyzers.targets" du projet "C:\Users\Administrateur\Documents\DossierPartage\PROGRAMATION\SystemeCaisse\SystemeCaisse.Infrastructure\SystemeCaisse.Infrastructure.csproj" (la cible "CoreCompile" en dépend) :
   1:7>Génération de la cible "AddGlobalAnalyzerConfigForPackage_MicrosoftCodeAnalysisNetAnalyzers" terminée dans le projet "SystemeCaisse.Infrastructure.csproj".
   1:7>Cible "CoreCompile" dans le fichier "C:\Program Files\dotnet\sdk\10.0.101\Roslyn\Microsoft.CSharp.Core.targets" du projet "C:\Users\Administrateur\Documents\DossierPartage\PROGRAMATION\SystemeCaisse\SystemeCaisse.Infrastructure\SystemeCaisse.Infrastructure.csproj" (la cible "Compile" en dépend) :
       Génération complète de la cible "CoreCompile".
       Le fichier de sortie "obj\Debug\net8.0\SystemeCaisse.Infrastructure.dll" n'existe pas.
       C:\Program Files\dotnet\sdk\10.0.101\Roslyn\Microsoft.CSharp.Core.targets(66,7): message : Réassignation de propriété : $(NoWarn)="1701;1702;1701;1702" (valeur précédente : "1701;1702") à C:\Program Files\dotnet\sdk\10.0.101\Roslyn\Microsoft.CSharp.Core.targets (66,7) [C:\Users\Administrateur\Documents\DossierPartage\PROGRAMATION\SystemeCaisse\SystemeCaisse.Infrastructure\SystemeCaisse.Infrastructure.csproj]
       Utilisation de la tâche "Csc" à partir de l'assembly "C:\Program Files\dotnet\sdk\10.0.101\Sdks\Microsoft.NET.Sdk\targets\..\..\..\Roslyn\Microsoft.Build.Tasks.CodeAnalysis.dll".
       Tâche "Csc"
         Setting DOTNET_ROOT to 'C:\Program Files\dotnet'
         Assembly chargé pendant TaskRun (Microsoft.CodeAnalysis.BuildTasks.Csc) : Microsoft.Build.Utilities.Core.resources, Version=15.1.0.0, Culture=fr, PublicKeyToken=b03f5f7f11d50a3a (emplacement : C:\Program Files\dotnet\sdk\10.0.101\fr\Microsoft.Build.Utilities.Core.resources.dll, MVID : c7e92bf9-0a49-40fd-b18f-fbab0b70d0cd, AssemblyLoadContext : Default)
         Variables d'environnement passées à l'outil :
           DOTNET_ROOT=C:\Program Files\dotnet
         C:\Program Files\dotnet\sdk\10.0.101\Roslyn\bincore\csc.exe /noconfig /unsafe- /checked- /nowarn:1701,1702,1701,1702 /fullpaths /nostdlib+ /errorreport:prompt /warn:8 /define:TRACE;DEBUG;NET;NET8_0;NETCOREAPP;NET5_0_OR_GREATER;NET6_0_OR_GREATER;NET7_0_OR_GREATER;NET8_0_OR_GREATER;NETCOREAPP1_0_OR_GREATER;NETCOREAPP1_1_OR_GREATER;NETCOREAPP2_0_OR_GREATER;NETCOREAPP2_1_OR_GREATER;NETCOREAPP2_2_OR_GREATER;NETCOREAPP3_0_OR_GREATER;NETCOREAPP3_1_OR_GREATER /highentropyva+ /nullable:enable /reference:"C:\Program Files\dotnet\packs\Microsoft.NETCore.App.Ref\8.0.22\ref\net8.0\Microsoft.CSharp.dll" /reference:"C:\Program Files\dotnet\packs\Microsoft.NETCore.App.Ref\8.0.22\ref\net8.0\Microsoft.VisualBasic.Core.dll" /reference:"C:\Program Files\dotnet\packs\Microsoft.NETCore.App.Ref\8.0.22\ref\net8.0\Microsoft.VisualBasic.dll" /reference:"C:\Program Files\dotnet\packs\Microsoft.NETCore.App.Ref\8.0.22\ref\net8.0\Microsoft.Win32.Primitives.dll" /reference:"C:\Program Files\dotnet\packs\Microsoft.NETCore.App.Ref\8.0.22\ref\net8.0\Microsoft.Win32.Registry.dll" /reference:"C:\Program Files\dotnet\packs\Microsoft.NETCore.App.Ref\8.0.22\ref\net8.0\mscorlib.dll" /reference:"C:\Program Files\dotnet\packs\Microsoft.NETCore.App.Ref\8.0.22\ref\net8.0\netstandard.dll" /reference:"C:\Program Files\dotnet\packs\Microsoft.NETCore.App.Ref\8.0.22\ref\net8.0\System.AppContext.dll" /reference:"C:\Program Files\dotnet\packs\Microsoft.NETCore.App.Ref\8.0.22\ref\net8.0\System.Buffers.dll" /reference:"C:\Program Files\dotnet\packs\Microsoft.NETCore.App.Ref\8.0.22\ref\net8.0\System.Collections.Concurrent.dll" /reference:"C:\Program Files\dotnet\packs\Microsoft.NETCore.App.Ref\8.0.22\ref\net8.0\System.Collections.dll" /reference:"C:\Program Files\dotnet\packs\Microsoft.NETCore.App.Ref\8.0.22\ref\net8.0\System.Collections.Immutable.dll" /reference:"C:\Program Files\dotnet\packs\Microsoft.NETCore.App.Ref\8.0.22\ref\net8.0\System.Collections.NonGeneric.dll" /reference:"C:\Program Files\dotnet\packs\Microsoft.NETCore.App.Ref\8.0.22\ref\net8.0\System.Collections.Specialized.dll" /reference:"C:\Program Files\dotnet\packs\Microsoft.NETCore.App.Ref\8.0.22\ref\net8.0\System.ComponentModel.Annotations.dll" /reference:"C:\Program Files\dotnet\packs\Microsoft.NETCore.App.Ref\8.0.22\ref\net8.0\System.ComponentModel.DataAnnotations.dll" /reference:"C:\Program Files\dotnet\packs\Microsoft.NETCore.App.Ref\8.0.22\ref\net8.0\System.ComponentModel.dll" /reference:"C:\Program Files\dotnet\packs\Microsoft.NETCore.App.Ref\8.0.22\ref\net8.0\System.ComponentModel.EventBasedAsync.dll" /reference:"C:\Program Files\dotnet\packs\Microsoft.NETCore.App.Ref\8.0.22\ref\net8.0\System.ComponentModel.Primitives.dll" /reference:"C:\Program Files\dotnet\packs\Microsoft.NETCore.App.Ref\8.0.22\ref\net8.0\System.ComponentModel.TypeConverter.dll" /reference:"C:\Program Files\dotnet\packs\Microsoft.NETCore.App.Ref\8.0.22\ref\net8.0\System.Configuration.dll" /reference:"C:\Program Files\dotnet\packs\Microsoft.NETCore.App.Ref\8.0.22\ref\net8.0\System.Console.dll" /reference:"C:\Program Files\dotnet\packs\Microsoft.NETCore.App.Ref\8.0.22\ref\net8.0\System.Core.dll" /reference:"C:\Program Files\dotnet\packs\Microsoft.NETCore.App.Ref\8.0.22\ref\net8.0\System.Data.Common.dll" /reference:"C:\Program Files\dotnet\packs\Microsoft.NETCore.App.Ref\8.0.22\ref\net8.0\System.Data.DataSetExtensions.dll" /reference:"C:\Program Files\dotnet\packs\Microsoft.NETCore.App.Ref\8.0.22\ref\net8.0\System.Data.dll" /reference:"C:\Program Files\dotnet\packs\Microsoft.NETCore.App.Ref\8.0.22\ref\net8.0\System.Diagnostics.Contracts.dll" /reference:"C:\Program Files\dotnet\packs\Microsoft.NETCore.App.Ref\8.0.22\ref\net8.0\System.Diagnostics.Debug.dll" /reference:"C:\Program Files\dotnet\packs\Microsoft.NETCore.App.Ref\8.0.22\ref\net8.0\System.Diagnostics.DiagnosticSource.dll" /reference:"C:\Program Files\dotnet\packs\Microsoft.NETCore.App.Ref\8.0.22\ref\net8.0\System.Diagnostics.FileVersionInfo.dll" /reference:"C:\Program Files\dotnet\packs\Microsoft.NETCore.App.Ref\8.0.22\ref\net8.0\System.Diagnostics.Process.dll" /reference:"C:\Program Files\dotnet\packs\Microsoft.NETCore.App.Ref\8.0.22\ref\net8.0\System.Diagnostics.StackTrace.dll" /reference:"C:\Program Files\dotnet\packs\Microsoft.NETCore.App.Ref\8.0.22\ref\net8.0\System.Diagnostics.TextWriterTraceListener.dll" /reference:"C:\Program Files\dotnet\packs\Microsoft.NETCore.App.Ref\8.0.22\ref\net8.0\System.Diagnostics.Tools.dll" /reference:"C:\Program Files\dotnet\packs\Microsoft.NETCore.App.Ref\8.0.22\ref\net8.0\System.Diagnostics.TraceSource.dll" /reference:"C:\Program Files\dotnet\packs\Microsoft.NETCore.App.Ref\8.0.22\ref\net8.0\System.Diagnostics.Tracing.dll" /reference:"C:\Program Files\dotnet\packs\Microsoft.NETCore.App.Ref\8.0.22\ref\net8.0\System.dll" /reference:"C:\Program Files\dotnet\packs\Microsoft.NETCore.App.Ref\8.0.22\ref\net8.0\System.Drawing.dll" /reference:"C:\Program Files\dotnet\packs\Microsoft.NETCore.App.Ref\8.0.22\ref\net8.0\System.Drawing.Primitives.dll" /reference:"C:\Program Files\dotnet\packs\Microsoft.NETCore.App.Ref\8.0.22\ref\net8.0\System.Dynamic.Runtime.dll" /reference:"C:\Program Files\dotnet\packs\Microsoft.NETCore.App.Ref\8.0.22\ref\net8.0\System.Formats.Asn1.dll" /reference:"C:\Program Files\dotnet\packs\Microsoft.NETCore.App.Ref\8.0.22\ref\net8.0\System.Formats.Tar.dll" /reference:"C:\Program Files\dotnet\packs\Microsoft.NETCore.App.Ref\8.0.22\ref\net8.0\System.Globalization.Calendars.dll" /reference:"C:\Program Files\dotnet\packs\Microsoft.NETCore.App.Ref\8.0.22\ref\net8.0\System.Globalization.dll" /reference:"C:\Program Files\dotnet\packs\Microsoft.NETCore.App.Ref\8.0.22\ref\net8.0\System.Globalization.Extensions.dll" /reference:"C:\Program Files\dotnet\packs\Microsoft.NETCore.App.Ref\8.0.22\ref\net8.0\System.IO.Compression.Brotli.dll" /reference:"C:\Program Files\dotnet\packs\Microsoft.NETCore.App.Ref\8.0.22\ref\net8.0\System.IO.Compression.dll" /reference:"C:\Program Files\dotnet\packs\Microsoft.NETCore.App.Ref\8.0.22\ref\net8.0\System.IO.Compression.FileSystem.dll" /reference:"C:\Program Files\dotnet\packs\Microsoft.NETCore.App.Ref\8.0.22\ref\net8.0\System.IO.Compression.ZipFile.dll" /reference:"C:\Program Files\dotnet\packs\Microsoft.NETCore.App.Ref\8.0.22\ref\net8.0\System.IO.dll" /reference:"C:\Program Files\dotnet\packs\Microsoft.NETCore.App.Ref\8.0.22\ref\net8.0\System.IO.FileSystem.AccessControl.dll" /reference:"C:\Program Files\dotnet\packs\Microsoft.NETCore.App.Ref\8.0.22\ref\net8.0\System.IO.FileSystem.dll" /reference:"C:\Program Files\dotnet\packs\Microsoft.NETCore.App.Ref\8.0.22\ref\net8.0\System.IO.FileSystem.DriveInfo.dll" /reference:"C:\Program Files\dotnet\packs\Microsoft.NETCore.App.Ref\8.0.22\ref\net8.0\System.IO.FileSystem.Primitives.dll" /reference:"C:\Program Files\dotnet\packs\Microsoft.NETCore.App.Ref\8.0.22\ref\net8.0\System.IO.FileSystem.Watcher.dll" /reference:"C:\Program Files\dotnet\packs\Microsoft.NETCore.App.Ref\8.0.22\ref\net8.0\System.IO.IsolatedStorage.dll" /reference:"C:\Program Files\dotnet\packs\Microsoft.NETCore.App.Ref\8.0.22\ref\net8.0\System.IO.MemoryMappedFiles.dll" /reference:"C:\Program Files\dotnet\packs\Microsoft.NETCore.App.Ref\8.0.22\ref\net8.0\System.IO.Pipes.AccessControl.dll" /reference:"C:\Program Files\dotnet\packs\Microsoft.NETCore.App.Ref\8.0.22\ref\net8.0\System.IO.Pipes.dll" /reference:C:\Users\Administrateur\.nuget\packages\system.io.ports\10.0.1\lib\net8.0\System.IO.Ports.dll /reference:"C:\Program Files\dotnet\packs\Microsoft.NETCore.App.Ref\8.0.22\ref\net8.0\System.IO.UnmanagedMemoryStream.dll" /reference:"C:\Program Files\dotnet\packs\Microsoft.NETCore.App.Ref\8.0.22\ref\net8.0\System.Linq.dll" /reference:"C:\Program Files\dotnet\packs\Microsoft.NETCore.App.Ref\8.0.22\ref\net8.0\System.Linq.Expressions.dll" /reference:"C:\Program Files\dotnet\packs\Microsoft.NETCore.App.Ref\8.0.22\ref\net8.0\System.Linq.Parallel.dll" /reference:"C:\Program Files\dotnet\packs\Microsoft.NETCore.App.Ref\8.0.22\ref\net8.0\System.Linq.Queryable.dll" /reference:"C:\Program Files\dotnet\packs\Microsoft.NETCore.App.Ref\8.0.22\ref\net8.0\System.Memory.dll" /reference:"C:\Program Files\dotnet\packs\Microsoft.NETCore.App.Ref\8.0.22\ref\net8.0\System.Net.dll" /reference:"C:\Program Files\dotnet\packs\Microsoft.NETCore.App.Ref\8.0.22\ref\net8.0\System.Net.Http.dll" /reference:"C:\Program Files\dotnet\packs\Microsoft.NETCore.App.Ref\8.0.22\ref\net8.0\System.Net.Http.Json.dll" /reference:"C:\Program Files\dotnet\packs\Microsoft.NETCore.App.Ref\8.0.22\ref\net8.0\System.Net.HttpListener.dll" /reference:"C:\Program Files\dotnet\packs\Microsoft.NETCore.App.Ref\8.0.22\ref\net8.0\System.Net.Mail.dll" /reference:"C:\Program Files\dotnet\packs\Microsoft.NETCore.App.Ref\8.0.22\ref\net8.0\System.Net.NameResolution.dll" /reference:"C:\Program Files\dotnet\packs\Microsoft.NETCore.App.Ref\8.0.22\ref\net8.0\System.Net.NetworkInformation.dll" /reference:"C:\Program Files\dotnet\packs\Microsoft.NETCore.App.Ref\8.0.22\ref\net8.0\System.Net.Ping.dll" /reference:"C:\Program Files\dotnet\packs\Microsoft.NETCore.App.Ref\8.0.22\ref\net8.0\System.Net.Primitives.dll" /reference:"C:\Program Files\dotnet\packs\Microsoft.NETCore.App.Ref\8.0.22\ref\net8.0\System.Net.Quic.dll" /reference:"C:\Program Files\dotnet\packs\Microsoft.NETCore.App.Ref\8.0.22\ref\net8.0\System.Net.Requests.dll" /reference:"C:\Program Files\dotnet\packs\Microsoft.NETCore.App.Ref\8.0.22\ref\net8.0\System.Net.Security.dll" /reference:"C:\Program Files\dotnet\packs\Microsoft.NETCore.App.Ref\8.0.22\ref\net8.0\System.Net.ServicePoint.dll" /reference:"C:\Program Files\dotnet\packs\Microsoft.NETCore.App.Ref\8.0.22\ref\net8.0\System.Net.Sockets.dll" /reference:"C:\Program Files\dotnet\packs\Microsoft.NETCore.App.Ref\8.0.22\ref\net8.0\System.Net.WebClient.dll" /reference:"C:\Program Files\dotnet\packs\Microsoft.NETCore.App.Ref\8.0.22\ref\net8.0\System.Net.WebHeaderCollection.dll" /reference:"C:\Program Files\dotnet\packs\Microsoft.NETCore.App.Ref\8.0.22\ref\net8.0\System.Net.WebProxy.dll" /reference:"C:\Program Files\dotnet\packs\Microsoft.NETCore.App.Ref\8.0.22\ref\net8.0\System.Net.WebSockets.Client.dll" /reference:"C:\Program Files\dotnet\packs\Microsoft.NETCore.App.Ref\8.0.22\ref\net8.0\System.Net.WebSockets.dll" /reference:"C:\Program Files\dotnet\packs\Microsoft.NETCore.App.Ref\8.0.22\ref\net8.0\System.Numerics.dll" /reference:"C:\Program Files\dotnet\packs\Microsoft.NETCore.App.Ref\8.0.22\ref\net8.0\System.Numerics.Vectors.dll" /reference:"C:\Program Files\dotnet\packs\Microsoft.NETCore.App.Ref\8.0.22\ref\net8.0\System.ObjectModel.dll" /reference:"C:\Program Files\dotnet\packs\Microsoft.NETCore.App.Ref\8.0.22\ref\net8.0\System.Reflection.DispatchProxy.dll" /reference:"C:\Program Files\dotnet\packs\Microsoft.NETCore.App.Ref\8.0.22\ref\net8.0\System.Reflection.dll" /reference:"C:\Program Files\dotnet\packs\Microsoft.NETCore.App.Ref\8.0.22\ref\net8.0\System.Reflection.Emit.dll" /reference:"C:\Program Files\dotnet\packs\Microsoft.NETCore.App.Ref\8.0.22\ref\net8.0\System.Reflection.Emit.ILGeneration.dll" /reference:"C:\Program Files\dotnet\packs\Microsoft.NETCore.App.Ref\8.0.22\ref\net8.0\System.Reflection.Emit.Lightweight.dll" /reference:"C:\Program Files\dotnet\packs\Microsoft.NETCore.App.Ref\8.0.22\ref\net8.0\System.Reflection.Extensions.dll" /reference:"C:\Program Files\dotnet\packs\Microsoft.NETCore.App.Ref\8.0.22\ref\net8.0\System.Reflection.Metadata.dll" /reference:"C:\Program Files\dotnet\packs\Microsoft.NETCore.App.Ref\8.0.22\ref\net8.0\System.Reflection.Primitives.dll" /reference:"C:\Program Files\dotnet\packs\Microsoft.NETCore.App.Ref\8.0.22\ref\net8.0\System.Reflection.TypeExtensions.dll" /reference:"C:\Program Files\dotnet\packs\Microsoft.NETCore.App.Ref\8.0.22\ref\net8.0\System.Resources.Reader.dll" /reference:"C:\Program Files\dotnet\packs\Microsoft.NETCore.App.Ref\8.0.22\ref\net8.0\System.Resources.ResourceManager.dll" /reference:"C:\Program Files\dotnet\packs\Microsoft.NETCore.App.Ref\8.0.22\ref\net8.0\System.Resources.Writer.dll" /reference:"C:\Program Files\dotnet\packs\Microsoft.NETCore.App.Ref\8.0.22\ref\net8.0\System.Runtime.CompilerServices.Unsafe.dll" /reference:"C:\Program Files\dotnet\packs\Microsoft.NETCore.App.Ref\8.0.22\ref\net8.0\System.Runtime.CompilerServices.VisualC.dll" /reference:"C:\Program Files\dotnet\packs\Microsoft.NETCore.App.Ref\8.0.22\ref\net8.0\System.Runtime.dll" /reference:"C:\Program Files\dotnet\packs\Microsoft.NETCore.App.Ref\8.0.22\ref\net8.0\System.Runtime.Extensions.dll" /reference:"C:\Program Files\dotnet\packs\Microsoft.NETCore.App.Ref\8.0.22\ref\net8.0\System.Runtime.Handles.dll" /reference:"C:\Program Files\dotnet\packs\Microsoft.NETCore.App.Ref\8.0.22\ref\net8.0\System.Runtime.InteropServices.dll" /reference:"C:\Program Files\dotnet\packs\Microsoft.NETCore.App.Ref\8.0.22\ref\net8.0\System.Runtime.InteropServices.JavaScript.dll" /reference:"C:\Program Files\dotnet\packs\Microsoft.NETCore.App.Ref\8.0.22\ref\net8.0\System.Runtime.InteropServices.RuntimeInformation.dll" /reference:"C:\Program Files\dotnet\packs\Microsoft.NETCore.App.Ref\8.0.22\ref\net8.0\System.Runtime.Intrinsics.dll" /reference:"C:\Program Files\dotnet\packs\Microsoft.NETCore.App.Ref\8.0.22\ref\net8.0\System.Runtime.Loader.dll" /reference:"C:\Program Files\dotnet\packs\Microsoft.NETCore.App.Ref\8.0.22\ref\net8.0\System.Runtime.Numerics.dll" /reference:"C:\Program Files\dotnet\packs\Microsoft.NETCore.App.Ref\8.0.22\ref\net8.0\System.Runtime.Serialization.dll" /reference:"C:\Program Files\dotnet\packs\Microsoft.NETCore.App.Ref\8.0.22\ref\net8.0\System.Runtime.Serialization.Formatters.dll" /reference:"C:\Program Files\dotnet\packs\Microsoft.NETCore.App.Ref\8.0.22\ref\net8.0\System.Runtime.Serialization.Json.dll" /reference:"C:\Program Files\dotnet\packs\Microsoft.NETCore.App.Ref\8.0.22\ref\net8.0\System.Runtime.Serialization.Primitives.dll" /reference:"C:\Program Files\dotnet\packs\Microsoft.NETCore.App.Ref\8.0.22\ref\net8.0\System.Runtime.Serialization.Xml.dll" /reference:"C:\Program Files\dotnet\packs\Microsoft.NETCore.App.Ref\8.0.22\ref\net8.0\System.Security.AccessControl.dll" /reference:"C:\Program Files\dotnet\packs\Microsoft.NETCore.App.Ref\8.0.22\ref\net8.0\System.Security.Claims.dll" /reference:"C:\Program Files\dotnet\packs\Microsoft.NETCore.App.Ref\8.0.22\ref\net8.0\System.Security.Cryptography.Algorithms.dll" /reference:"C:\Program Files\dotnet\packs\Microsoft.NETCore.App.Ref\8.0.22\ref\net8.0\System.Security.Cryptography.Cng.dll" /reference:"C:\Program Files\dotnet\packs\Microsoft.NETCore.App.Ref\8.0.22\ref\net8.0\System.Security.Cryptography.Csp.dll" /reference:"C:\Program Files\dotnet\packs\Microsoft.NETCore.App.Ref\8.0.22\ref\net8.0\System.Security.Cryptography.dll" /reference:"C:\Program Files\dotnet\packs\Microsoft.NETCore.App.Ref\8.0.22\ref\net8.0\System.Security.Cryptography.Encoding.dll" /reference:"C:\Program Files\dotnet\packs\Microsoft.NETCore.App.Ref\8.0.22\ref\net8.0\System.Security.Cryptography.OpenSsl.dll" /reference:"C:\Program Files\dotnet\packs\Microsoft.NETCore.App.Ref\8.0.22\ref\net8.0\System.Security.Cryptography.Primitives.dll" /reference:"C:\Program Files\dotnet\packs\Microsoft.NETCore.App.Ref\8.0.22\ref\net8.0\System.Security.Cryptography.X509Certificates.dll" /reference:"C:\Program Files\dotnet\packs\Microsoft.NETCore.App.Ref\8.0.22\ref\net8.0\System.Security.dll" /reference:"C:\Program Files\dotnet\packs\Microsoft.NETCore.App.Ref\8.0.22\ref\net8.0\System.Security.Principal.dll" /reference:"C:\Program Files\dotnet\packs\Microsoft.NETCore.App.Ref\8.0.22\ref\net8.0\System.Security.Principal.Windows.dll" /reference:"C:\Program Files\dotnet\packs\Microsoft.NETCore.App.Ref\8.0.22\ref\net8.0\System.Security.SecureString.dll" /reference:"C:\Program Files\dotnet\packs\Microsoft.NETCore.App.Ref\8.0.22\ref\net8.0\System.ServiceModel.Web.dll" /reference:"C:\Program Files\dotnet\packs\Microsoft.NETCore.App.Ref\8.0.22\ref\net8.0\System.ServiceProcess.dll" /reference:"C:\Program Files\dotnet\packs\Microsoft.NETCore.App.Ref\8.0.22\ref\net8.0\System.Text.Encoding.CodePages.dll" /reference:"C:\Program Files\dotnet\packs\Microsoft.NETCore.App.Ref\8.0.22\ref\net8.0\System.Text.Encoding.dll" /reference:"C:\Program Files\dotnet\packs\Microsoft.NETCore.App.Ref\8.0.22\ref\net8.0\System.Text.Encoding.Extensions.dll" /reference:"C:\Program Files\dotnet\packs\Microsoft.NETCore.App.Ref\8.0.22\ref\net8.0\System.Text.Encodings.Web.dll" /reference:"C:\Program Files\dotnet\packs\Microsoft.NETCore.App.Ref\8.0.22\ref\net8.0\System.Text.Json.dll" /reference:"C:\Program Files\dotnet\packs\Microsoft.NETCore.App.Ref\8.0.22\ref\net8.0\System.Text.RegularExpressions.dll" /reference:"C:\Program Files\dotnet\packs\Microsoft.NETCore.App.Ref\8.0.22\ref\net8.0\System.Threading.Channels.dll" /reference:"C:\Program Files\dotnet\packs\Microsoft.NETCore.App.Ref\8.0.22\ref\net8.0\System.Threading.dll" /reference:"C:\Program Files\dotnet\packs\Microsoft.NETCore.App.Ref\8.0.22\ref\net8.0\System.Threading.Overlapped.dll" /reference:"C:\Program Files\dotnet\packs\Microsoft.NETCore.App.Ref\8.0.22\ref\net8.0\System.Threading.Tasks.Dataflow.dll" /reference:"C:\Program Files\dotnet\packs\Microsoft.NETCore.App.Ref\8.0.22\ref\net8.0\System.Threading.Tasks.dll" /reference:"C:\Program Files\dotnet\packs\Microsoft.NETCore.App.Ref\8.0.22\ref\net8.0\System.Threading.Tasks.Extensions.dll" /reference:"C:\Program Files\dotnet\packs\Microsoft.NETCore.App.Ref\8.0.22\ref\net8.0\System.Threading.Tasks.Parallel.dll" /reference:"C:\Program Files\dotnet\packs\Microsoft.NETCore.App.Ref\8.0.22\ref\net8.0\System.Threading.Thread.dll" /reference:"C:\Program Files\dotnet\packs\Microsoft.NETCore.App.Ref\8.0.22\ref\net8.0\System.Threading.ThreadPool.dll" /reference:"C:\Program Files\dotnet\packs\Microsoft.NETCore.App.Ref\8.0.22\ref\net8.0\System.Threading.Timer.dll" /reference:"C:\Program Files\dotnet\packs\Microsoft.NETCore.App.Ref\8.0.22\ref\net8.0\System.Transactions.dll" /reference:"C:\Program Files\dotnet\packs\Microsoft.NETCore.App.Ref\8.0.22\ref\net8.0\System.Transactions.Local.dll" /reference:"C:\Program Files\dotnet\packs\Microsoft.NETCore.App.Ref\8.0.22\ref\net8.0\System.ValueTuple.dll" /reference:"C:\Program Files\dotnet\packs\Microsoft.NETCore.App.Ref\8.0.22\ref\net8.0\System.Web.dll" /reference:"C:\Program Files\dotnet\packs\Microsoft.NETCore.App.Ref\8.0.22\ref\net8.0\System.Web.HttpUtility.dll" /reference:"C:\Program Files\dotnet\packs\Microsoft.NETCore.App.Ref\8.0.22\ref\net8.0\System.Windows.dll" /reference:"C:\Program Files\dotnet\packs\Microsoft.NETCore.App.Ref\8.0.22\ref\net8.0\System.Xml.dll" /reference:"C:\Program Files\dotnet\packs\Microsoft.NETCore.App.Ref\8.0.22\ref\net8.0\System.Xml.Linq.dll" /reference:"C:\Program Files\dotnet\packs\Microsoft.NETCore.App.Ref\8.0.22\ref\net8.0\System.Xml.ReaderWriter.dll" /reference:"C:\Program Files\dotnet\packs\Microsoft.NETCore.App.Ref\8.0.22\ref\net8.0\System.Xml.Serialization.dll" /reference:"C:\Program Files\dotnet\packs\Microsoft.NETCore.App.Ref\8.0.22\ref\net8.0\System.Xml.XDocument.dll" /reference:"C:\Program Files\dotnet\packs\Microsoft.NETCore.App.Ref\8.0.22\ref\net8.0\System.Xml.XmlDocument.dll" /reference:"C:\Program Files\dotnet\packs\Microsoft.NETCore.App.Ref\8.0.22\ref\net8.0\System.Xml.XmlSerializer.dll" /reference:"C:\Program Files\dotnet\packs\Microsoft.NETCore.App.Ref\8.0.22\ref\net8.0\System.Xml.XPath.dll" /reference:"C:\Program Files\dotnet\packs\Microsoft.NETCore.App.Ref\8.0.22\ref\net8.0\System.Xml.XPath.XDocument.dll" /reference:C:\Users\Administrateur\Documents\DossierPartage\PROGRAMATION\SystemeCaisse\SystemeCaisse.Core\obj\Debug\net8.0\ref\SystemeCaisse.Core.dll /reference:"C:\Program Files\dotnet\packs\Microsoft.NETCore.App.Ref\8.0.22\ref\net8.0\WindowsBase.dll" /debug+ /debug:portable /filealign:512 /optimize- /out:obj\Debug\net8.0\SystemeCaisse.Infrastructure.dll /refout:obj\Debug\net8.0\refint\SystemeCaisse.Infrastructure.dll /target:library /warnaserror- /utf8output /deterministic+ /langversion:12.0 /analyzerconfig:obj\Debug\net8.0\SystemeCaisse.Infrastructure.GeneratedMSBuildEditorConfig.editorconfig /analyzerconfig:"C:\Program Files\dotnet\sdk\10.0.101\Sdks\Microsoft.NET.Sdk\analyzers\build\config\analysislevel_8_default.globalconfig" /analyzer:"C:\Program Files\dotnet\sdk\10.0.101\Sdks\Microsoft.NET.Sdk\targets\..\analyzers\Microsoft.CodeAnalysis.CSharp.NetAnalyzers.dll" /analyzer:"C:\Program Files\dotnet\sdk\10.0.101\Sdks\Microsoft.NET.Sdk\targets\..\analyzers\Microsoft.CodeAnalysis.NetAnalyzers.dll" /analyzer:"C:\Program Files\dotnet\packs\Microsoft.NETCore.App.Ref\8.0.22\analyzers/dotnet/cs/Microsoft.Interop.ComInterfaceGenerator.dll" /analyzer:"C:\Program Files\dotnet\packs\Microsoft.NETCore.App.Ref\8.0.22\analyzers/dotnet/cs/Microsoft.Interop.JavaScript.JSImportGenerator.dll" /analyzer:"C:\Program Files\dotnet\packs\Microsoft.NETCore.App.Ref\8.0.22\analyzers/dotnet/cs/Microsoft.Interop.LibraryImportGenerator.dll" /analyzer:"C:\Program Files\dotnet\packs\Microsoft.NETCore.App.Ref\8.0.22\analyzers/dotnet/cs/Microsoft.Interop.SourceGeneration.dll" /analyzer:"C:\Program Files\dotnet\packs\Microsoft.NETCore.App.Ref\8.0.22\analyzers/dotnet/cs/System.Text.Json.SourceGeneration.dll" /analyzer:"C:\Program Files\dotnet\packs\Microsoft.NETCore.App.Ref\8.0.22\analyzers/dotnet/cs/System.Text.RegularExpressions.Generator.dll" Data\AppDbContext.cs Data\AppDbContextFactory.cs obj\Debug\net8.0\SystemeCaisse.Infrastructure.GlobalUsings.g.cs "obj\Debug\net8.0\.NETCoreApp,Version=v8.0.AssemblyAttributes.cs" obj\Debug\net8.0\SystemeCaisse.Infrastructure.AssemblyInfo.cs /warnaserror+:NU1605,SYSLIB0011
         Compilation request SystemeCaisse.Infrastructure (net8.0), PathToTool=C:\Program Files\dotnet\sdk\10.0.101\Roslyn\bincore\csc.exe
         CommandLine = ' /noconfig'
         BuildResponseFile = '/unsafe- /checked- /nowarn:1701,1702,1701,1702 /fullpaths /nostdlib+ /errorreport:prompt /warn:8 /define:TRACE;DEBUG;NET;NET8_0;NETCOREAPP;NET5_0_OR_GREATER;NET6_0_OR_GREATER;NET7_0_OR_GREATER;NET8_0_OR_GREATER;NETCOREAPP1_0_OR_GREATER;NETCOREAPP1_1_OR_GREATER;NETCOREAPP2_0_OR_GREATER;NETCOREAPP2_1_OR_GREATER;NETCOREAPP2_2_OR_GREATER;NETCOREAPP3_0_OR_GREATER;NETCOREAPP3_1_OR_GREATER /highentropyva+ /nullable:enable /reference:"C:\Program Files\dotnet\packs\Microsoft.NETCore.App.Ref\8.0.22\ref\net8.0\Microsoft.CSharp.dll" /reference:"C:\Program Files\dotnet\packs\Microsoft.NETCore.App.Ref\8.0.22\ref\net8.0\Microsoft.VisualBasic.Core.dll" /reference:"C:\Program Files\dotnet\packs\Microsoft.NETCore.App.Ref\8.0.22\ref\net8.0\Microsoft.VisualBasic.dll" /reference:"C:\Program Files\dotnet\packs\Microsoft.NETCore.App.Ref\8.0.22\ref\net8.0\Microsoft.Win32.Primitives.dll" /reference:"C:\Program Files\dotnet\packs\Microsoft.NETCore.App.Ref\8.0.22\ref\net8.0\Microsoft.Win32.Registry.dll" /reference:"C:\Program Files\dotnet\packs\Microsoft.NETCore.App.Ref\8.0.22\ref\net8.0\mscorlib.dll" /reference:"C:\Program Files\dotnet\packs\Microsoft.NETCore.App.Ref\8.0.22\ref\net8.0\netstandard.dll" /reference:"C:\Program Files\dotnet\packs\Microsoft.NETCore.App.Ref\8.0.22\ref\net8.0\System.AppContext.dll" /reference:"C:\Program Files\dotnet\packs\Microsoft.NETCore.App.Ref\8.0.22\ref\net8.0\System.Buffers.dll" /reference:"C:\Program Files\dotnet\packs\Microsoft.NETCore.App.Ref\8.0.22\ref\net8.0\System.Collections.Concurrent.dll" /reference:"C:\Program Files\dotnet\packs\Microsoft.NETCore.App.Ref\8.0.22\ref\net8.0\System.Collections.dll" /reference:"C:\Program Files\dotnet\packs\Microsoft.NETCore.App.Ref\8.0.22\ref\net8.0\System.Collections.Immutable.dll" /reference:"C:\Program Files\dotnet\packs\Microsoft.NETCore.App.Ref\8.0.22\ref\net8.0\System.Collections.NonGeneric.dll" /reference:"C:\Program Files\dotnet\packs\Microsoft.NETCore.App.Ref\8.0.22\ref\net8.0\System.Collections.Specialized.dll" /reference:"C:\Program Files\dotnet\packs\Microsoft.NETCore.App.Ref\8.0.22\ref\net8.0\System.ComponentModel.Annotations.dll" /reference:"C:\Program Files\dotnet\packs\Microsoft.NETCore.App.Ref\8.0.22\ref\net8.0\System.ComponentModel.DataAnnotations.dll" /reference:"C:\Program Files\dotnet\packs\Microsoft.NETCore.App.Ref\8.0.22\ref\net8.0\System.ComponentModel.dll" /reference:"C:\Program Files\dotnet\packs\Microsoft.NETCore.App.Ref\8.0.22\ref\net8.0\System.ComponentModel.EventBasedAsync.dll" /reference:"C:\Program Files\dotnet\packs\Microsoft.NETCore.App.Ref\8.0.22\ref\net8.0\System.ComponentModel.Primitives.dll" /reference:"C:\Program Files\dotnet\packs\Microsoft.NETCore.App.Ref\8.0.22\ref\net8.0\System.ComponentModel.TypeConverter.dll" /reference:"C:\Program Files\dotnet\packs\Microsoft.NETCore.App.Ref\8.0.22\ref\net8.0\System.Configuration.dll" /reference:"C:\Program Files\dotnet\packs\Microsoft.NETCore.App.Ref\8.0.22\ref\net8.0\System.Console.dll" /reference:"C:\Program Files\dotnet\packs\Microsoft.NETCore.App.Ref\8.0.22\ref\net8.0\System.Core.dll" /reference:"C:\Program Files\dotnet\packs\Microsoft.NETCore.App.Ref\8.0.22\ref\net8.0\System.Data.Common.dll" /reference:"C:\Program Files\dotnet\packs\Microsoft.NETCore.App.Ref\8.0.22\ref\net8.0\System.Data.DataSetExtensions.dll" /reference:"C:\Program Files\dotnet\packs\Microsoft.NETCore.App.Ref\8.0.22\ref\net8.0\System.Data.dll" /reference:"C:\Program Files\dotnet\packs\Microsoft.NETCore.App.Ref\8.0.22\ref\net8.0\System.Diagnostics.Contracts.dll" /reference:"C:\Program Files\dotnet\packs\Microsoft.NETCore.App.Ref\8.0.22\ref\net8.0\System.Diagnostics.Debug.dll" /reference:"C:\Program Files\dotnet\packs\Microsoft.NETCore.App.Ref\8.0.22\ref\net8.0\System.Diagnostics.DiagnosticSource.dll" /reference:"C:\Program Files\dotnet\packs\Microsoft.NETCore.App.Ref\8.0.22\ref\net8.0\System.Diagnostics.FileVersionInfo.dll" /reference:"C:\Program Files\dotnet\packs\Microsoft.NETCore.App.Ref\8.0.22\ref\net8.0\System.Diagnostics.Process.dll" /reference:"C:\Program Files\dotnet\packs\Microsoft.NETCore.App.Ref\8.0.22\ref\net8.0\System.Diagnostics.StackTrace.dll" /reference:"C:\Program Files\dotnet\packs\Microsoft.NETCore.App.Ref\8.0.22\ref\net8.0\System.Diagnostics.TextWriterTraceListener.dll" /reference:"C:\Program Files\dotnet\packs\Microsoft.NETCore.App.Ref\8.0.22\ref\net8.0\System.Diagnostics.Tools.dll" /reference:"C:\Program Files\dotnet\packs\Microsoft.NETCore.App.Ref\8.0.22\ref\net8.0\System.Diagnostics.TraceSource.dll" /reference:"C:\Program Files\dotnet\packs\Microsoft.NETCore.App.Ref\8.0.22\ref\net8.0\System.Diagnostics.Tracing.dll" /reference:"C:\Program Files\dotnet\packs\Microsoft.NETCore.App.Ref\8.0.22\ref\net8.0\System.dll" /reference:"C:\Program Files\dotnet\packs\Microsoft.NETCore.App.Ref\8.0.22\ref\net8.0\System.Drawing.dll" /reference:"C:\Program Files\dotnet\packs\Microsoft.NETCore.App.Ref\8.0.22\ref\net8.0\System.Drawing.Primitives.dll" /reference:"C:\Program Files\dotnet\packs\Microsoft.NETCore.App.Ref\8.0.22\ref\net8.0\System.Dynamic.Runtime.dll" /reference:"C:\Program Files\dotnet\packs\Microsoft.NETCore.App.Ref\8.0.22\ref\net8.0\System.Formats.Asn1.dll" /reference:"C:\Program Files\dotnet\packs\Microsoft.NETCore.App.Ref\8.0.22\ref\net8.0\System.Formats.Tar.dll" /reference:"C:\Program Files\dotnet\packs\Microsoft.NETCore.App.Ref\8.0.22\ref\net8.0\System.Globalization.Calendars.dll" /reference:"C:\Program Files\dotnet\packs\Microsoft.NETCore.App.Ref\8.0.22\ref\net8.0\System.Globalization.dll" /reference:"C:\Program Files\dotnet\packs\Microsoft.NETCore.App.Ref\8.0.22\ref\net8.0\System.Globalization.Extensions.dll" /reference:"C:\Program Files\dotnet\packs\Microsoft.NETCore.App.Ref\8.0.22\ref\net8.0\System.IO.Compression.Brotli.dll" /reference:"C:\Program Files\dotnet\packs\Microsoft.NETCore.App.Ref\8.0.22\ref\net8.0\System.IO.Compression.dll" /reference:"C:\Program Files\dotnet\packs\Microsoft.NETCore.App.Ref\8.0.22\ref\net8.0\System.IO.Compression.FileSystem.dll" /reference:"C:\Program Files\dotnet\packs\Microsoft.NETCore.App.Ref\8.0.22\ref\net8.0\System.IO.Compression.ZipFile.dll" /reference:"C:\Program Files\dotnet\packs\Microsoft.NETCore.App.Ref\8.0.22\ref\net8.0\System.IO.dll" /reference:"C:\Program Files\dotnet\packs\Microsoft.NETCore.App.Ref\8.0.22\ref\net8.0\System.IO.FileSystem.AccessControl.dll" /reference:"C:\Program Files\dotnet\packs\Microsoft.NETCore.App.Ref\8.0.22\ref\net8.0\System.IO.FileSystem.dll" /reference:"C:\Program Files\dotnet\packs\Microsoft.NETCore.App.Ref\8.0.22\ref\net8.0\System.IO.FileSystem.DriveInfo.dll" /reference:"C:\Program Files\dotnet\packs\Microsoft.NETCore.App.Ref\8.0.22\ref\net8.0\System.IO.FileSystem.Primitives.dll" /reference:"C:\Program Files\dotnet\packs\Microsoft.NETCore.App.Ref\8.0.22\ref\net8.0\System.IO.FileSystem.Watcher.dll" /reference:"C:\Program Files\dotnet\packs\Microsoft.NETCore.App.Ref\8.0.22\ref\net8.0\System.IO.IsolatedStorage.dll" /reference:"C:\Program Files\dotnet\packs\Microsoft.NETCore.App.Ref\8.0.22\ref\net8.0\System.IO.MemoryMappedFiles.dll" /reference:"C:\Program Files\dotnet\packs\Microsoft.NETCore.App.Ref\8.0.22\ref\net8.0\System.IO.Pipes.AccessControl.dll" /reference:"C:\Program Files\dotnet\packs\Microsoft.NETCore.App.Ref\8.0.22\ref\net8.0\System.IO.Pipes.dll" /reference:C:\Users\Administrateur\.nuget\packages\system.io.ports\10.0.1\lib\net8.0\System.IO.Ports.dll /reference:"C:\Program Files\dotnet\packs\Microsoft.NETCore.App.Ref\8.0.22\ref\net8.0\System.IO.UnmanagedMemoryStream.dll" /reference:"C:\Program Files\dotnet\packs\Microsoft.NETCore.App.Ref\8.0.22\ref\net8.0\System.Linq.dll" /reference:"C:\Program Files\dotnet\packs\Microsoft.NETCore.App.Ref\8.0.22\ref\net8.0\System.Linq.Expressions.dll" /reference:"C:\Program Files\dotnet\packs\Microsoft.NETCore.App.Ref\8.0.22\ref\net8.0\System.Linq.Parallel.dll" /reference:"C:\Program Files\dotnet\packs\Microsoft.NETCore.App.Ref\8.0.22\ref\net8.0\System.Linq.Queryable.dll" /reference:"C:\Program Files\dotnet\packs\Microsoft.NETCore.App.Ref\8.0.22\ref\net8.0\System.Memory.dll" /reference:"C:\Program Files\dotnet\packs\Microsoft.NETCore.App.Ref\8.0.22\ref\net8.0\System.Net.dll" /reference:"C:\Program Files\dotnet\packs\Microsoft.NETCore.App.Ref\8.0.22\ref\net8.0\System.Net.Http.dll" /reference:"C:\Program Files\dotnet\packs\Microsoft.NETCore.App.Ref\8.0.22\ref\net8.0\System.Net.Http.Json.dll" /reference:"C:\Program Files\dotnet\packs\Microsoft.NETCore.App.Ref\8.0.22\ref\net8.0\System.Net.HttpListener.dll" /reference:"C:\Program Files\dotnet\packs\Microsoft.NETCore.App.Ref\8.0.22\ref\net8.0\System.Net.Mail.dll" /reference:"C:\Program Files\dotnet\packs\Microsoft.NETCore.App.Ref\8.0.22\ref\net8.0\System.Net.NameResolution.dll" /reference:"C:\Program Files\dotnet\packs\Microsoft.NETCore.App.Ref\8.0.22\ref\net8.0\System.Net.NetworkInformation.dll" /reference:"C:\Program Files\dotnet\packs\Microsoft.NETCore.App.Ref\8.0.22\ref\net8.0\System.Net.Ping.dll" /reference:"C:\Program Files\dotnet\packs\Microsoft.NETCore.App.Ref\8.0.22\ref\net8.0\System.Net.Primitives.dll" /reference:"C:\Program Files\dotnet\packs\Microsoft.NETCore.App.Ref\8.0.22\ref\net8.0\System.Net.Quic.dll" /reference:"C:\Program Files\dotnet\packs\Microsoft.NETCore.App.Ref\8.0.22\ref\net8.0\System.Net.Requests.dll" /reference:"C:\Program Files\dotnet\packs\Microsoft.NETCore.App.Ref\8.0.22\ref\net8.0\System.Net.Security.dll" /reference:"C:\Program Files\dotnet\packs\Microsoft.NETCore.App.Ref\8.0.22\ref\net8.0\System.Net.ServicePoint.dll" /reference:"C:\Program Files\dotnet\packs\Microsoft.NETCore.App.Ref\8.0.22\ref\net8.0\System.Net.Sockets.dll" /reference:"C:\Program Files\dotnet\packs\Microsoft.NETCore.App.Ref\8.0.22\ref\net8.0\System.Net.WebClient.dll" /reference:"C:\Program Files\dotnet\packs\Microsoft.NETCore.App.Ref\8.0.22\ref\net8.0\System.Net.WebHeaderCollection.dll" /reference:"C:\Program Files\dotnet\packs\Microsoft.NETCore.App.Ref\8.0.22\ref\net8.0\System.Net.WebProxy.dll" /reference:"C:\Program Files\dotnet\packs\Microsoft.NETCore.App.Ref\8.0.22\ref\net8.0\System.Net.WebSockets.Client.dll" /reference:"C:\Program Files\dotnet\packs\Microsoft.NETCore.App.Ref\8.0.22\ref\net8.0\System.Net.WebSockets.dll" /reference:"C:\Program Files\dotnet\packs\Microsoft.NETCore.App.Ref\8.0.22\ref\net8.0\System.Numerics.dll" /reference:"C:\Program Files\dotnet\packs\Microsoft.NETCore.App.Ref\8.0.22\ref\net8.0\System.Numerics.Vectors.dll" /reference:"C:\Program Files\dotnet\packs\Microsoft.NETCore.App.Ref\8.0.22\ref\net8.0\System.ObjectModel.dll" /reference:"C:\Program Files\dotnet\packs\Microsoft.NETCore.App.Ref\8.0.22\ref\net8.0\System.Reflection.DispatchProxy.dll" /reference:"C:\Program Files\dotnet\packs\Microsoft.NETCore.App.Ref\8.0.22\ref\net8.0\System.Reflection.dll" /reference:"C:\Program Files\dotnet\packs\Microsoft.NETCore.App.Ref\8.0.22\ref\net8.0\System.Reflection.Emit.dll" /reference:"C:\Program Files\dotnet\packs\Microsoft.NETCore.App.Ref\8.0.22\ref\net8.0\System.Reflection.Emit.ILGeneration.dll" /reference:"C:\Program Files\dotnet\packs\Microsoft.NETCore.App.Ref\8.0.22\ref\net8.0\System.Reflection.Emit.Lightweight.dll" /reference:"C:\Program Files\dotnet\packs\Microsoft.NETCore.App.Ref\8.0.22\ref\net8.0\System.Reflection.Extensions.dll" /reference:"C:\Program Files\dotnet\packs\Microsoft.NETCore.App.Ref\8.0.22\ref\net8.0\System.Reflection.Metadata.dll" /reference:"C:\Program Files\dotnet\packs\Microsoft.NETCore.App.Ref\8.0.22\ref\net8.0\System.Reflection.Primitives.dll" /reference:"C:\Program Files\dotnet\packs\Microsoft.NETCore.App.Ref\8.0.22\ref\net8.0\System.Reflection.TypeExtensions.dll" /reference:"C:\Program Files\dotnet\packs\Microsoft.NETCore.App.Ref\8.0.22\ref\net8.0\System.Resources.Reader.dll" /reference:"C:\Program Files\dotnet\packs\Microsoft.NETCore.App.Ref\8.0.22\ref\net8.0\System.Resources.ResourceManager.dll" /reference:"C:\Program Files\dotnet\packs\Microsoft.NETCore.App.Ref\8.0.22\ref\net8.0\System.Resources.Writer.dll" /reference:"C:\Program Files\dotnet\packs\Microsoft.NETCore.App.Ref\8.0.22\ref\net8.0\System.Runtime.CompilerServices.Unsafe.dll" /reference:"C:\Program Files\dotnet\packs\Microsoft.NETCore.App.Ref\8.0.22\ref\net8.0\System.Runtime.CompilerServices.VisualC.dll" /reference:"C:\Program Files\dotnet\packs\Microsoft.NETCore.App.Ref\8.0.22\ref\net8.0\System.Runtime.dll" /reference:"C:\Program Files\dotnet\packs\Microsoft.NETCore.App.Ref\8.0.22\ref\net8.0\System.Runtime.Extensions.dll" /reference:"C:\Program Files\dotnet\packs\Microsoft.NETCore.App.Ref\8.0.22\ref\net8.0\System.Runtime.Handles.dll" /reference:"C:\Program Files\dotnet\packs\Microsoft.NETCore.App.Ref\8.0.22\ref\net8.0\System.Runtime.InteropServices.dll" /reference:"C:\Program Files\dotnet\packs\Microsoft.NETCore.App.Ref\8.0.22\ref\net8.0\System.Runtime.InteropServices.JavaScript.dll" /reference:"C:\Program Files\dotnet\packs\Microsoft.NETCore.App.Ref\8.0.22\ref\net8.0\System.Runtime.InteropServices.RuntimeInformation.dll" /reference:"C:\Program Files\dotnet\packs\Microsoft.NETCore.App.Ref\8.0.22\ref\net8.0\System.Runtime.Intrinsics.dll" /reference:"C:\Program Files\dotnet\packs\Microsoft.NETCore.App.Ref\8.0.22\ref\net8.0\System.Runtime.Loader.dll" /reference:"C:\Program Files\dotnet\packs\Microsoft.NETCore.App.Ref\8.0.22\ref\net8.0\System.Runtime.Numerics.dll" /reference:"C:\Program Files\dotnet\packs\Microsoft.NETCore.App.Ref\8.0.22\ref\net8.0\System.Runtime.Serialization.dll" /reference:"C:\Program Files\dotnet\packs\Microsoft.NETCore.App.Ref\8.0.22\ref\net8.0\System.Runtime.Serialization.Formatters.dll" /reference:"C:\Program Files\dotnet\packs\Microsoft.NETCore.App.Ref\8.0.22\ref\net8.0\System.Runtime.Serialization.Json.dll" /reference:"C:\Program Files\dotnet\packs\Microsoft.NETCore.App.Ref\8.0.22\ref\net8.0\System.Runtime.Serialization.Primitives.dll" /reference:"C:\Program Files\dotnet\packs\Microsoft.NETCore.App.Ref\8.0.22\ref\net8.0\System.Runtime.Serialization.Xml.dll" /reference:"C:\Program Files\dotnet\packs\Microsoft.NETCore.App.Ref\8.0.22\ref\net8.0\System.Security.AccessControl.dll" /reference:"C:\Program Files\dotnet\packs\Microsoft.NETCore.App.Ref\8.0.22\ref\net8.0\System.Security.Claims.dll" /reference:"C:\Program Files\dotnet\packs\Microsoft.NETCore.App.Ref\8.0.22\ref\net8.0\System.Security.Cryptography.Algorithms.dll" /reference:"C:\Program Files\dotnet\packs\Microsoft.NETCore.App.Ref\8.0.22\ref\net8.0\System.Security.Cryptography.Cng.dll" /reference:"C:\Program Files\dotnet\packs\Microsoft.NETCore.App.Ref\8.0.22\ref\net8.0\System.Security.Cryptography.Csp.dll" /reference:"C:\Program Files\dotnet\packs\Microsoft.NETCore.App.Ref\8.0.22\ref\net8.0\System.Security.Cryptography.dll" /reference:"C:\Program Files\dotnet\packs\Microsoft.NETCore.App.Ref\8.0.22\ref\net8.0\System.Security.Cryptography.Encoding.dll" /reference:"C:\Program Files\dotnet\packs\Microsoft.NETCore.App.Ref\8.0.22\ref\net8.0\System.Security.Cryptography.OpenSsl.dll" /reference:"C:\Program Files\dotnet\packs\Microsoft.NETCore.App.Ref\8.0.22\ref\net8.0\System.Security.Cryptography.Primitives.dll" /reference:"C:\Program Files\dotnet\packs\Microsoft.NETCore.App.Ref\8.0.22\ref\net8.0\System.Security.Cryptography.X509Certificates.dll" /reference:"C:\Program Files\dotnet\packs\Microsoft.NETCore.App.Ref\8.0.22\ref\net8.0\System.Security.dll" /reference:"C:\Program Files\dotnet\packs\Microsoft.NETCore.App.Ref\8.0.22\ref\net8.0\System.Security.Principal.dll" /reference:"C:\Program Files\dotnet\packs\Microsoft.NETCore.App.Ref\8.0.22\ref\net8.0\System.Security.Principal.Windows.dll" /reference:"C:\Program Files\dotnet\packs\Microsoft.NETCore.App.Ref\8.0.22\ref\net8.0\System.Security.SecureString.dll" /reference:"C:\Program Files\dotnet\packs\Microsoft.NETCore.App.Ref\8.0.22\ref\net8.0\System.ServiceModel.Web.dll" /reference:"C:\Program Files\dotnet\packs\Microsoft.NETCore.App.Ref\8.0.22\ref\net8.0\System.ServiceProcess.dll" /reference:"C:\Program Files\dotnet\packs\Microsoft.NETCore.App.Ref\8.0.22\ref\net8.0\System.Text.Encoding.CodePages.dll" /reference:"C:\Program Files\dotnet\packs\Microsoft.NETCore.App.Ref\8.0.22\ref\net8.0\System.Text.Encoding.dll" /reference:"C:\Program Files\dotnet\packs\Microsoft.NETCore.App.Ref\8.0.22\ref\net8.0\System.Text.Encoding.Extensions.dll" /reference:"C:\Program Files\dotnet\packs\Microsoft.NETCore.App.Ref\8.0.22\ref\net8.0\System.Text.Encodings.Web.dll" /reference:"C:\Program Files\dotnet\packs\Microsoft.NETCore.App.Ref\8.0.22\ref\net8.0\System.Text.Json.dll" /reference:"C:\Program Files\dotnet\packs\Microsoft.NETCore.App.Ref\8.0.22\ref\net8.0\System.Text.RegularExpressions.dll" /reference:"C:\Program Files\dotnet\packs\Microsoft.NETCore.App.Ref\8.0.22\ref\net8.0\System.Threading.Channels.dll" /reference:"C:\Program Files\dotnet\packs\Microsoft.NETCore.App.Ref\8.0.22\ref\net8.0\System.Threading.dll" /reference:"C:\Program Files\dotnet\packs\Microsoft.NETCore.App.Ref\8.0.22\ref\net8.0\System.Threading.Overlapped.dll" /reference:"C:\Program Files\dotnet\packs\Microsoft.NETCore.App.Ref\8.0.22\ref\net8.0\System.Threading.Tasks.Dataflow.dll" /reference:"C:\Program Files\dotnet\packs\Microsoft.NETCore.App.Ref\8.0.22\ref\net8.0\System.Threading.Tasks.dll" /reference:"C:\Program Files\dotnet\packs\Microsoft.NETCore.App.Ref\8.0.22\ref\net8.0\System.Threading.Tasks.Extensions.dll" /reference:"C:\Program Files\dotnet\packs\Microsoft.NETCore.App.Ref\8.0.22\ref\net8.0\System.Threading.Tasks.Parallel.dll" /reference:"C:\Program Files\dotnet\packs\Microsoft.NETCore.App.Ref\8.0.22\ref\net8.0\System.Threading.Thread.dll" /reference:"C:\Program Files\dotnet\packs\Microsoft.NETCore.App.Ref\8.0.22\ref\net8.0\System.Threading.ThreadPool.dll" /reference:"C:\Program Files\dotnet\packs\Microsoft.NETCore.App.Ref\8.0.22\ref\net8.0\System.Threading.Timer.dll" /reference:"C:\Program Files\dotnet\packs\Microsoft.NETCore.App.Ref\8.0.22\ref\net8.0\System.Transactions.dll" /reference:"C:\Program Files\dotnet\packs\Microsoft.NETCore.App.Ref\8.0.22\ref\net8.0\System.Transactions.Local.dll" /reference:"C:\Program Files\dotnet\packs\Microsoft.NETCore.App.Ref\8.0.22\ref\net8.0\System.ValueTuple.dll" /reference:"C:\Program Files\dotnet\packs\Microsoft.NETCore.App.Ref\8.0.22\ref\net8.0\System.Web.dll" /reference:"C:\Program Files\dotnet\packs\Microsoft.NETCore.App.Ref\8.0.22\ref\net8.0\System.Web.HttpUtility.dll" /reference:"C:\Program Files\dotnet\packs\Microsoft.NETCore.App.Ref\8.0.22\ref\net8.0\System.Windows.dll" /reference:"C:\Program Files\dotnet\packs\Microsoft.NETCore.App.Ref\8.0.22\ref\net8.0\System.Xml.dll" /reference:"C:\Program Files\dotnet\packs\Microsoft.NETCore.App.Ref\8.0.22\ref\net8.0\System.Xml.Linq.dll" /reference:"C:\Program Files\dotnet\packs\Microsoft.NETCore.App.Ref\8.0.22\ref\net8.0\System.Xml.ReaderWriter.dll" /reference:"C:\Program Files\dotnet\packs\Microsoft.NETCore.App.Ref\8.0.22\ref\net8.0\System.Xml.Serialization.dll" /reference:"C:\Program Files\dotnet\packs\Microsoft.NETCore.App.Ref\8.0.22\ref\net8.0\System.Xml.XDocument.dll" /reference:"C:\Program Files\dotnet\packs\Microsoft.NETCore.App.Ref\8.0.22\ref\net8.0\System.Xml.XmlDocument.dll" /reference:"C:\Program Files\dotnet\packs\Microsoft.NETCore.App.Ref\8.0.22\ref\net8.0\System.Xml.XmlSerializer.dll" /reference:"C:\Program Files\dotnet\packs\Microsoft.NETCore.App.Ref\8.0.22\ref\net8.0\System.Xml.XPath.dll" /reference:"C:\Program Files\dotnet\packs\Microsoft.NETCore.App.Ref\8.0.22\ref\net8.0\System.Xml.XPath.XDocument.dll" /reference:C:\Users\Administrateur\Documents\DossierPartage\PROGRAMATION\SystemeCaisse\SystemeCaisse.Core\obj\Debug\net8.0\ref\SystemeCaisse.Core.dll /reference:"C:\Program Files\dotnet\packs\Microsoft.NETCore.App.Ref\8.0.22\ref\net8.0\WindowsBase.dll" /debug+ /debug:portable /filealign:512 /optimize- /out:obj\Debug\net8.0\SystemeCaisse.Infrastructure.dll /refout:obj\Debug\net8.0\refint\SystemeCaisse.Infrastructure.dll /target:library /warnaserror- /utf8output /deterministic+ /langversion:12.0 /analyzerconfig:obj\Debug\net8.0\SystemeCaisse.Infrastructure.GeneratedMSBuildEditorConfig.editorconfig /analyzerconfig:"C:\Program Files\dotnet\sdk\10.0.101\Sdks\Microsoft.NET.Sdk\analyzers\build\config\analysislevel_8_default.globalconfig" /analyzer:"C:\Program Files\dotnet\sdk\10.0.101\Sdks\Microsoft.NET.Sdk\targets\..\analyzers\Microsoft.CodeAnalysis.CSharp.NetAnalyzers.dll" /analyzer:"C:\Program Files\dotnet\sdk\10.0.101\Sdks\Microsoft.NET.Sdk\targets\..\analyzers\Microsoft.CodeAnalysis.NetAnalyzers.dll" /analyzer:"C:\Program Files\dotnet\packs\Microsoft.NETCore.App.Ref\8.0.22\analyzers/dotnet/cs/Microsoft.Interop.ComInterfaceGenerator.dll" /analyzer:"C:\Program Files\dotnet\packs\Microsoft.NETCore.App.Ref\8.0.22\analyzers/dotnet/cs/Microsoft.Interop.JavaScript.JSImportGenerator.dll" /analyzer:"C:\Program Files\dotnet\packs\Microsoft.NETCore.App.Ref\8.0.22\analyzers/dotnet/cs/Microsoft.Interop.LibraryImportGenerator.dll" /analyzer:"C:\Program Files\dotnet\packs\Microsoft.NETCore.App.Ref\8.0.22\analyzers/dotnet/cs/Microsoft.Interop.SourceGeneration.dll" /analyzer:"C:\Program Files\dotnet\packs\Microsoft.NETCore.App.Ref\8.0.22\analyzers/dotnet/cs/System.Text.Json.SourceGeneration.dll" /analyzer:"C:\Program Files\dotnet\packs\Microsoft.NETCore.App.Ref\8.0.22\analyzers/dotnet/cs/System.Text.RegularExpressions.Generator.dll" Data\AppDbContext.cs Data\AppDbContextFactory.cs obj\Debug\net8.0\SystemeCaisse.Infrastructure.GlobalUsings.g.cs "obj\Debug\net8.0\.NETCoreApp,Version=v8.0.AssemblyAttributes.cs" obj\Debug\net8.0\SystemeCaisse.Infrastructure.AssemblyInfo.cs /warnaserror+:NU1605,SYSLIB0011'
         Assembly chargé pendant TaskRun (Microsoft.CodeAnalysis.BuildTasks.Csc) : System.IO.Pipes, Version=10.0.0.0, Culture=neutral, PublicKeyToken=b03f5f7f11d50a3a (emplacement : C:\Program Files\dotnet\shared\Microsoft.NETCore.App\10.0.1\System.IO.Pipes.dll, MVID : e7e51e92-ffa5-4700-bc91-2860dedad6a8, AssemblyLoadContext : Default)
         Attempt to open named pipe '37W4iU3rL5bcHgDzvH7p0DcQ2eXH9qhekXz36EO0y9w'
         Attempt to connect named pipe '37W4iU3rL5bcHgDzvH7p0DcQ2eXH9qhekXz36EO0y9w'
         Assembly chargé pendant TaskRun (Microsoft.CodeAnalysis.BuildTasks.Csc) : System.Security.AccessControl, Version=10.0.0.0, Culture=neutral, PublicKeyToken=b03f5f7f11d50a3a (emplacement : C:\Program Files\dotnet\shared\Microsoft.NETCore.App\10.0.1\System.Security.AccessControl.dll, MVID : 22453100-b461-47c3-bff4-d88d0f363dee, AssemblyLoadContext : Default)
         Named pipe '37W4iU3rL5bcHgDzvH7p0DcQ2eXH9qhekXz36EO0y9w' connected
         Begin writing request for SystemeCaisse.Infrastructure (net8.0)
         End writing request for SystemeCaisse.Infrastructure (net8.0)
         Begin reading response for SystemeCaisse.Infrastructure (net8.0)
         End reading response for SystemeCaisse.Infrastructure (net8.0)
         Compilateur Microsoft (R) Visual C# version 5.0.0-2.25569.105 (fad253f5)
         Copyright (C) Microsoft Corporation. Tous droits réservés.
   1:7>C:\Users\Administrateur\Documents\DossierPartage\PROGRAMATION\SystemeCaisse\SystemeCaisse.Infrastructure\Data\AppDbContext.cs(1,17): error CS0234: Le nom de type ou d'espace de noms 'EntityFrameworkCore' n'existe pas dans l'espace de noms 'Microsoft' (vous manque-t-il une référence d'assembly ?) [C:\Users\Administrateur\Documents\DossierPartage\PROGRAMATION\SystemeCaisse\SystemeCaisse.Infrastructure\SystemeCaisse.Infrastructure.csproj]
   1:7>C:\Users\Administrateur\Documents\DossierPartage\PROGRAMATION\SystemeCaisse\SystemeCaisse.Infrastructure\Data\AppDbContextFactory.cs(1,17): error CS0234: Le nom de type ou d'espace de noms 'EntityFrameworkCore' n'existe pas dans l'espace de noms 'Microsoft' (vous manque-t-il une référence d'assembly ?) [C:\Users\Administrateur\Documents\DossierPartage\PROGRAMATION\SystemeCaisse\SystemeCaisse.Infrastructure\SystemeCaisse.Infrastructure.csproj]
   1:7>C:\Users\Administrateur\Documents\DossierPartage\PROGRAMATION\SystemeCaisse\SystemeCaisse.Infrastructure\Data\AppDbContextFactory.cs(2,17): error CS0234: Le nom de type ou d'espace de noms 'EntityFrameworkCore' n'existe pas dans l'espace de noms 'Microsoft' (vous manque-t-il une référence d'assembly ?) [C:\Users\Administrateur\Documents\DossierPartage\PROGRAMATION\SystemeCaisse\SystemeCaisse.Infrastructure\SystemeCaisse.Infrastructure.csproj]
   1:7>C:\Users\Administrateur\Documents\DossierPartage\PROGRAMATION\SystemeCaisse\SystemeCaisse.Infrastructure\Data\AppDbContext.cs(6,33): error CS0246: Le nom de type ou d'espace de noms 'DbContext' est introuvable (vous manque-t-il une directive using ou une référence d'assembly ?) [C:\Users\Administrateur\Documents\DossierPartage\PROGRAMATION\SystemeCaisse\SystemeCaisse.Infrastructure\SystemeCaisse.Infrastructure.csproj]
   1:7>C:\Users\Administrateur\Documents\DossierPartage\PROGRAMATION\SystemeCaisse\SystemeCaisse.Infrastructure\Data\AppDbContextFactory.cs(6,40): error CS0246: Le nom de type ou d'espace de noms 'IDesignTimeDbContextFactory<>' est introuvable (vous manque-t-il une directive using ou une référence d'assembly ?) [C:\Users\Administrateur\Documents\DossierPartage\PROGRAMATION\SystemeCaisse\SystemeCaisse.Infrastructure\SystemeCaisse.Infrastructure.csproj]
   1:7>C:\Users\Administrateur\Documents\DossierPartage\PROGRAMATION\SystemeCaisse\SystemeCaisse.Infrastructure\Data\AppDbContext.cs(8,16): error CS0246: Le nom de type ou d'espace de noms 'DbSet<>' est introuvable (vous manque-t-il une directive using ou une référence d'assembly ?) [C:\Users\Administrateur\Documents\DossierPartage\PROGRAMATION\SystemeCaisse\SystemeCaisse.Infrastructure\SystemeCaisse.Infrastructure.csproj]
   1:7>C:\Users\Administrateur\Documents\DossierPartage\PROGRAMATION\SystemeCaisse\SystemeCaisse.Infrastructure\Data\AppDbContext.cs(8,22): error CS0246: Le nom de type ou d'espace de noms 'Produit' est introuvable (vous manque-t-il une directive using ou une référence d'assembly ?) [C:\Users\Administrateur\Documents\DossierPartage\PROGRAMATION\SystemeCaisse\SystemeCaisse.Infrastructure\SystemeCaisse.Infrastructure.csproj]
   1:7>C:\Users\Administrateur\Documents\DossierPartage\PROGRAMATION\SystemeCaisse\SystemeCaisse.Infrastructure\Data\AppDbContext.cs(9,16): error CS0246: Le nom de type ou d'espace de noms 'DbSet<>' est introuvable (vous manque-t-il une directive using ou une référence d'assembly ?) [C:\Users\Administrateur\Documents\DossierPartage\PROGRAMATION\SystemeCaisse\SystemeCaisse.Infrastructure\SystemeCaisse.Infrastructure.csproj]
   1:7>C:\Users\Administrateur\Documents\DossierPartage\PROGRAMATION\SystemeCaisse\SystemeCaisse.Infrastructure\Data\AppDbContext.cs(9,22): error CS0246: Le nom de type ou d'espace de noms 'Entreprise' est introuvable (vous manque-t-il une directive using ou une référence d'assembly ?) [C:\Users\Administrateur\Documents\DossierPartage\PROGRAMATION\SystemeCaisse\SystemeCaisse.Infrastructure\SystemeCaisse.Infrastructure.csproj]
   1:7>C:\Users\Administrateur\Documents\DossierPartage\PROGRAMATION\SystemeCaisse\SystemeCaisse.Infrastructure\Data\AppDbContext.cs(10,16): error CS0246: Le nom de type ou d'espace de noms 'DbSet<>' est introuvable (vous manque-t-il une directive using ou une référence d'assembly ?) [C:\Users\Administrateur\Documents\DossierPartage\PROGRAMATION\SystemeCaisse\SystemeCaisse.Infrastructure\SystemeCaisse.Infrastructure.csproj]
   1:7>C:\Users\Administrateur\Documents\DossierPartage\PROGRAMATION\SystemeCaisse\SystemeCaisse.Infrastructure\Data\AppDbContext.cs(10,22): error CS0246: Le nom de type ou d'espace de noms 'SystemConfiguration' est introuvable (vous manque-t-il une directive using ou une référence d'assembly ?) [C:\Users\Administrateur\Documents\DossierPartage\PROGRAMATION\SystemeCaisse\SystemeCaisse.Infrastructure\SystemeCaisse.Infrastructure.csproj]
   1:7>C:\Users\Administrateur\Documents\DossierPartage\PROGRAMATION\SystemeCaisse\SystemeCaisse.Infrastructure\Data\AppDbContext.cs(11,16): error CS0246: Le nom de type ou d'espace de noms 'DbSet<>' est introuvable (vous manque-t-il une directive using ou une référence d'assembly ?) [C:\Users\Administrateur\Documents\DossierPartage\PROGRAMATION\SystemeCaisse\SystemeCaisse.Infrastructure\SystemeCaisse.Infrastructure.csproj]
   1:7>C:\Users\Administrateur\Documents\DossierPartage\PROGRAMATION\SystemeCaisse\SystemeCaisse.Infrastructure\Data\AppDbContext.cs(11,22): error CS0246: Le nom de type ou d'espace de noms 'Vente' est introuvable (vous manque-t-il une directive using ou une référence d'assembly ?) [C:\Users\Administrateur\Documents\DossierPartage\PROGRAMATION\SystemeCaisse\SystemeCaisse.Infrastructure\SystemeCaisse.Infrastructure.csproj]
   1:7>C:\Users\Administrateur\Documents\DossierPartage\PROGRAMATION\SystemeCaisse\SystemeCaisse.Infrastructure\Data\AppDbContext.cs(12,16): error CS0246: Le nom de type ou d'espace de noms 'DbSet<>' est introuvable (vous manque-t-il une directive using ou une référence d'assembly ?) [C:\Users\Administrateur\Documents\DossierPartage\PROGRAMATION\SystemeCaisse\SystemeCaisse.Infrastructure\SystemeCaisse.Infrastructure.csproj]
   1:7>C:\Users\Administrateur\Documents\DossierPartage\PROGRAMATION\SystemeCaisse\SystemeCaisse.Infrastructure\Data\AppDbContext.cs(12,22): error CS0246: Le nom de type ou d'espace de noms 'LigneVente' est introuvable (vous manque-t-il une directive using ou une référence d'assembly ?) [C:\Users\Administrateur\Documents\DossierPartage\PROGRAMATION\SystemeCaisse\SystemeCaisse.Infrastructure\SystemeCaisse.Infrastructure.csproj]
   1:7>C:\Users\Administrateur\Documents\DossierPartage\PROGRAMATION\SystemeCaisse\SystemeCaisse.Infrastructure\Data\AppDbContext.cs(14,29): error CS0246: Le nom de type ou d'espace de noms 'DbContextOptions<>' est introuvable (vous manque-t-il une directive using ou une référence d'assembly ?) [C:\Users\Administrateur\Documents\DossierPartage\PROGRAMATION\SystemeCaisse\SystemeCaisse.Infrastructure\SystemeCaisse.Infrastructure.csproj]
   1:7>C:\Users\Administrateur\Documents\DossierPartage\PROGRAMATION\SystemeCaisse\SystemeCaisse.Infrastructure\Data\AppDbContext.cs(18,49): error CS0246: Le nom de type ou d'espace de noms 'ModelBuilder' est introuvable (vous manque-t-il une directive using ou une référence d'assembly ?) [C:\Users\Administrateur\Documents\DossierPartage\PROGRAMATION\SystemeCaisse\SystemeCaisse.Infrastructure\SystemeCaisse.Infrastructure.csproj]
         CompilerServer: server - server processed compilation - SystemeCaisse.Infrastructure (net8.0)
       Exécution de la tâche "Csc" terminée -- ÉCHEC.
   1:7>Génération de la cible "CoreCompile" terminée dans le projet "SystemeCaisse.Infrastructure.csproj" -- ÉCHEC.
   1:7>Cible "_CheckForCompileOutputs" dans le fichier "C:\Program Files\dotnet\sdk\10.0.101\Microsoft.Common.CurrentVersion.targets" du projet "C:\Users\Administrateur\Documents\DossierPartage\PROGRAMATION\SystemeCaisse\SystemeCaisse.Infrastructure\SystemeCaisse.Infrastructure.csproj" (la cible "_CleanGetCurrentAndPriorFileWrites" en dépend) :
       C:\Program Files\dotnet\sdk\10.0.101\Microsoft.Common.CurrentVersion.targets(5576,7): message : Réassignation de propriété : $(_DebugSymbolsProduced)="false" (valeur précédente : "true") à C:\Program Files\dotnet\sdk\10.0.101\Microsoft.Common.CurrentVersion.targets (5576,7) [C:\Users\Administrateur\Documents\DossierPartage\PROGRAMATION\SystemeCaisse\SystemeCaisse.Infrastructure\SystemeCaisse.Infrastructure.csproj]
   1:7>Génération de la cible "_CheckForCompileOutputs" terminée dans le projet "SystemeCaisse.Infrastructure.csproj".
   1:7>Cible "_CleanGetCurrentAndPriorFileWrites" dans le fichier "C:\Program Files\dotnet\sdk\10.0.101\Microsoft.Common.CurrentVersion.targets" du projet "C:\Users\Administrateur\Documents\DossierPartage\PROGRAMATION\SystemeCaisse\SystemeCaisse.Infrastructure\SystemeCaisse.Infrastructure.csproj" (la cible "_CleanRecordFileWrites" en dépend) :
       Tâche "ReadLinesFromFile"
       Exécution de la tâche "ReadLinesFromFile" terminée.
       Tâche "ConvertToAbsolutePath"
       Exécution de la tâche "ConvertToAbsolutePath" terminée.
       Tâche "FindUnderPath"
         Le chemin de comparaison est "C:\Users\Administrateur\Documents\DossierPartage\PROGRAMATION\SystemeCaisse\SystemeCaisse.Infrastructure".
       Exécution de la tâche "FindUnderPath" terminée.
       Tâche "FindUnderPath"
         Le chemin de comparaison est "bin\Debug\net8.0\".
       Exécution de la tâche "FindUnderPath" terminée.
       Tâche "FindUnderPath"
         Le chemin de comparaison est "obj\Debug\net8.0\".
       Exécution de la tâche "FindUnderPath" terminée.
       Tâche "RemoveDuplicates"
       Exécution de la tâche "RemoveDuplicates" terminée.
   1:7>Génération de la cible "_CleanGetCurrentAndPriorFileWrites" terminée dans le projet "SystemeCaisse.Infrastructure.csproj".
   1:7>Cible "_CleanRecordFileWrites" dans le fichier "C:\Program Files\dotnet\sdk\10.0.101\Microsoft.Common.CurrentVersion.targets" du projet "C:\Users\Administrateur\Documents\DossierPartage\PROGRAMATION\SystemeCaisse\SystemeCaisse.Infrastructure\SystemeCaisse.Infrastructure.csproj" (la cible "CoreBuild" en dépend) :
       Tâche "RemoveDuplicates"
       Exécution de la tâche "RemoveDuplicates" terminée.
       Tâche "MakeDir"
       Exécution de la tâche "MakeDir" terminée.
       Tâche "WriteLinesToFile"
         L'écriture dans le fichier "obj\Debug\net8.0\SystemeCaisse.Infrastructure.csproj.FileListAbsolute.txt" est ignorée, car le contenu ne change pas.
       Exécution de la tâche "WriteLinesToFile" terminée.
   1:7>Génération de la cible "_CleanRecordFileWrites" terminée dans le projet "SystemeCaisse.Infrastructure.csproj".
   1:7>Génération du projet "C:\Users\Administrateur\Documents\DossierPartage\PROGRAMATION\SystemeCaisse\SystemeCaisse.Infrastructure\SystemeCaisse.Infrastructure.csproj" terminée (cibles par défaut) -- ÉCHEC.

ÉCHEC de la build.

       "C:\Users\Administrateur\Documents\DossierPartage\PROGRAMATION\SystemeCaisse\SystemeCaisse.Infrastructure\SystemeCaisse.Infrastructure.csproj" (cible par défaut) (1:7) ->
       (CoreCompile cible) -> 
         C:\Users\Administrateur\Documents\DossierPartage\PROGRAMATION\SystemeCaisse\SystemeCaisse.Infrastructure\Data\AppDbContext.cs(1,17): error CS0234: Le nom de type ou d'espace de noms 'EntityFrameworkCore' n'existe pas dans l'espace de noms 'Microsoft' (vous manque-t-il une référence d'assembly ?) [C:\Users\Administrateur\Documents\DossierPartage\PROGRAMATION\SystemeCaisse\SystemeCaisse.Infrastructure\SystemeCaisse.Infrastructure.csproj]
         C:\Users\Administrateur\Documents\DossierPartage\PROGRAMATION\SystemeCaisse\SystemeCaisse.Infrastructure\Data\AppDbContextFactory.cs(1,17): error CS0234: Le nom de type ou d'espace de noms 'EntityFrameworkCore' n'existe pas dans l'espace de noms 'Microsoft' (vous manque-t-il une référence d'assembly ?) [C:\Users\Administrateur\Documents\DossierPartage\PROGRAMATION\SystemeCaisse\SystemeCaisse.Infrastructure\SystemeCaisse.Infrastructure.csproj]
         C:\Users\Administrateur\Documents\DossierPartage\PROGRAMATION\SystemeCaisse\SystemeCaisse.Infrastructure\Data\AppDbContextFactory.cs(2,17): error CS0234: Le nom de type ou d'espace de noms 'EntityFrameworkCore' n'existe pas dans l'espace de noms 'Microsoft' (vous manque-t-il une référence d'assembly ?) [C:\Users\Administrateur\Documents\DossierPartage\PROGRAMATION\SystemeCaisse\SystemeCaisse.Infrastructure\SystemeCaisse.Infrastructure.csproj]
         C:\Users\Administrateur\Documents\DossierPartage\PROGRAMATION\SystemeCaisse\SystemeCaisse.Infrastructure\Data\AppDbContext.cs(6,33): error CS0246: Le nom de type ou d'espace de noms 'DbContext' est introuvable (vous manque-t-il une directive using ou une référence d'assembly ?) [C:\Users\Administrateur\Documents\DossierPartage\PROGRAMATION\SystemeCaisse\SystemeCaisse.Infrastructure\SystemeCaisse.Infrastructure.csproj]
         C:\Users\Administrateur\Documents\DossierPartage\PROGRAMATION\SystemeCaisse\SystemeCaisse.Infrastructure\Data\AppDbContextFactory.cs(6,40): error CS0246: Le nom de type ou d'espace de noms 'IDesignTimeDbContextFactory<>' est introuvable (vous manque-t-il une directive using ou une référence d'assembly ?) [C:\Users\Administrateur\Documents\DossierPartage\PROGRAMATION\SystemeCaisse\SystemeCaisse.Infrastructure\SystemeCaisse.Infrastructure.csproj]
         C:\Users\Administrateur\Documents\DossierPartage\PROGRAMATION\SystemeCaisse\SystemeCaisse.Infrastructure\Data\AppDbContext.cs(8,16): error CS0246: Le nom de type ou d'espace de noms 'DbSet<>' est introuvable (vous manque-t-il une directive using ou une référence d'assembly ?) [C:\Users\Administrateur\Documents\DossierPartage\PROGRAMATION\SystemeCaisse\SystemeCaisse.Infrastructure\SystemeCaisse.Infrastructure.csproj]
         C:\Users\Administrateur\Documents\DossierPartage\PROGRAMATION\SystemeCaisse\SystemeCaisse.Infrastructure\Data\AppDbContext.cs(8,22): error CS0246: Le nom de type ou d'espace de noms 'Produit' est introuvable (vous manque-t-il une directive using ou une référence d'assembly ?) [C:\Users\Administrateur\Documents\DossierPartage\PROGRAMATION\SystemeCaisse\SystemeCaisse.Infrastructure\SystemeCaisse.Infrastructure.csproj]
         C:\Users\Administrateur\Documents\DossierPartage\PROGRAMATION\SystemeCaisse\SystemeCaisse.Infrastructure\Data\AppDbContext.cs(9,16): error CS0246: Le nom de type ou d'espace de noms 'DbSet<>' est introuvable (vous manque-t-il une directive using ou une référence d'assembly ?) [C:\Users\Administrateur\Documents\DossierPartage\PROGRAMATION\SystemeCaisse\SystemeCaisse.Infrastructure\SystemeCaisse.Infrastructure.csproj]
         C:\Users\Administrateur\Documents\DossierPartage\PROGRAMATION\SystemeCaisse\SystemeCaisse.Infrastructure\Data\AppDbContext.cs(9,22): error CS0246: Le nom de type ou d'espace de noms 'Entreprise' est introuvable (vous manque-t-il une directive using ou une référence d'assembly ?) [C:\Users\Administrateur\Documents\DossierPartage\PROGRAMATION\SystemeCaisse\SystemeCaisse.Infrastructure\SystemeCaisse.Infrastructure.csproj]
         C:\Users\Administrateur\Documents\DossierPartage\PROGRAMATION\SystemeCaisse\SystemeCaisse.Infrastructure\Data\AppDbContext.cs(10,16): error CS0246: Le nom de type ou d'espace de noms 'DbSet<>' est introuvable (vous manque-t-il une directive using ou une référence d'assembly ?) [C:\Users\Administrateur\Documents\DossierPartage\PROGRAMATION\SystemeCaisse\SystemeCaisse.Infrastructure\SystemeCaisse.Infrastructure.csproj]
         C:\Users\Administrateur\Documents\DossierPartage\PROGRAMATION\SystemeCaisse\SystemeCaisse.Infrastructure\Data\AppDbContext.cs(10,22): error CS0246: Le nom de type ou d'espace de noms 'SystemConfiguration' est introuvable (vous manque-t-il une directive using ou une référence d'assembly ?) [C:\Users\Administrateur\Documents\DossierPartage\PROGRAMATION\SystemeCaisse\SystemeCaisse.Infrastructure\SystemeCaisse.Infrastructure.csproj]
         C:\Users\Administrateur\Documents\DossierPartage\PROGRAMATION\SystemeCaisse\SystemeCaisse.Infrastructure\Data\AppDbContext.cs(11,16): error CS0246: Le nom de type ou d'espace de noms 'DbSet<>' est introuvable (vous manque-t-il une directive using ou une référence d'assembly ?) [C:\Users\Administrateur\Documents\DossierPartage\PROGRAMATION\SystemeCaisse\SystemeCaisse.Infrastructure\SystemeCaisse.Infrastructure.csproj]
         C:\Users\Administrateur\Documents\DossierPartage\PROGRAMATION\SystemeCaisse\SystemeCaisse.Infrastructure\Data\AppDbContext.cs(11,22): error CS0246: Le nom de type ou d'espace de noms 'Vente' est introuvable (vous manque-t-il une directive using ou une référence d'assembly ?) [C:\Users\Administrateur\Documents\DossierPartage\PROGRAMATION\SystemeCaisse\SystemeCaisse.Infrastructure\SystemeCaisse.Infrastructure.csproj]
         C:\Users\Administrateur\Documents\DossierPartage\PROGRAMATION\SystemeCaisse\SystemeCaisse.Infrastructure\Data\AppDbContext.cs(12,16): error CS0246: Le nom de type ou d'espace de noms 'DbSet<>' est introuvable (vous manque-t-il une directive using ou une référence d'assembly ?) [C:\Users\Administrateur\Documents\DossierPartage\PROGRAMATION\SystemeCaisse\SystemeCaisse.Infrastructure\SystemeCaisse.Infrastructure.csproj]
         C:\Users\Administrateur\Documents\DossierPartage\PROGRAMATION\SystemeCaisse\SystemeCaisse.Infrastructure\Data\AppDbContext.cs(12,22): error CS0246: Le nom de type ou d'espace de noms 'LigneVente' est introuvable (vous manque-t-il une directive using ou une référence d'assembly ?) [C:\Users\Administrateur\Documents\DossierPartage\PROGRAMATION\SystemeCaisse\SystemeCaisse.Infrastructure\SystemeCaisse.Infrastructure.csproj]
         C:\Users\Administrateur\Documents\DossierPartage\PROGRAMATION\SystemeCaisse\SystemeCaisse.Infrastructure\Data\AppDbContext.cs(14,29): error CS0246: Le nom de type ou d'espace de noms 'DbContextOptions<>' est introuvable (vous manque-t-il une directive using ou une référence d'assembly ?) [C:\Users\Administrateur\Documents\DossierPartage\PROGRAMATION\SystemeCaisse\SystemeCaisse.Infrastructure\SystemeCaisse.Infrastructure.csproj]
         C:\Users\Administrateur\Documents\DossierPartage\PROGRAMATION\SystemeCaisse\SystemeCaisse.Infrastructure\Data\AppDbContext.cs(18,49): error CS0246: Le nom de type ou d'espace de noms 'ModelBuilder' est introuvable (vous manque-t-il une directive using ou une référence d'assembly ?) [C:\Users\Administrateur\Documents\DossierPartage\PROGRAMATION\SystemeCaisse\SystemeCaisse.Infrastructure\SystemeCaisse.Infrastructure.csproj]

    0 Avertissement(s)
    17 Erreur(s)

Temps écoulé 00:00:07.27
